player_id,name,season,position,league,club_name,age,minutes,games,goal_contributions_per90,market_value_eur,log_market_value,calib_resid_all,exit_prob,exit,next_minutes,pred_eur,mispricing_ratio,exit_prob_challenger
12282,Daley Blind,2024,Defender,Spain - LaLiga,Girona FC,34.81724845995893,2780,34,0.0971223021582733,1500000.0,14.22097566607244,0.34568436960757687,0.25202414405700146,0,2610.0,1108809.5035659494,0.7392063357106329,0.1830667018153016
14086,Ashley Young,2024,Defender,England - Premier League,Everton FC,39.48254620123203,1870,32,0.1925133689839572,500000.0,13.122363377404328,-0.8812275784336108,0.7301876855975862,1,0.0,1260537.7692248903,2.5210755384497805,0.6801457378675808
15452,Raúl Albiol,2024,Defender,Spain - LaLiga,Villarreal CF,39.3264887063655,1189,15,0.0,1300000.0,14.077874822431763,0.26407968691066896,0.5568613281870158,1,502.0,1042569.6940549952,0.8019766877346117,0.7134538063494085
16136,Dante,2024,Defender,France - Ligue 1,OGC Nice,41.20739219712526,1967,25,0.0,500000.0,13.122363377404328,-0.6383853804999484,0.5386393410607737,1,852.0,988554.3892120221,1.9771087784240442,0.6232910123084092
16306,Casemiro,2024,Midfield,England - Premier League,Manchester United,32.85694729637235,1498,24,0.0600801068090787,10000000.0,16.11809565095832,1.2745034575438057,0.38600166308953526,0,2589.0,2894116.596400259,0.2894116596400259,0.32724736273700467
17259,Manuel Neuer,2024,Goalkeeper,Germany - Bundesliga,Bayern Munich,38.76796714579056,1980,22,0.0,4000000.0,15.201804919084164,1.1998329079239336,0.3289592173400243,0,1860.0,1258502.2039354274,0.31462555098385686,0.34989302242580456
23951,Steve Mandanda,2024,Goalkeeper,France - Ligue 1,Stade Rennais FC,39.76454483230664,1486,18,0.0,500000.0,13.122363377404328,-0.9072959589982501,0.7022942432107074,1,0.0,1293761.7019696496,2.5875234039392994,0.814296445499136
27992,Luka Modrić,2024,Midfield,Spain - LaLiga,Real Madrid,39.31279945242984,1820,35,0.3956043956043956,4000000.0,15.201804919084164,0.5619133452236253,0.3213527920086861,0,2816.0,2368999.244419646,0.5922498111049115,0.3267776465086261
29692,Lukasz Fabianski,2024,Goalkeeper,England - Premier League,West Ham United,39.70704996577687,1161,14,0.0,500000.0,13.122363377404328,-0.6003391947542629,0.8137881432614049,1,0.0,951509.4960564012,1.9030189921128022,0.7992125033668553
32113,Armando Izzo,2024,Defender,Italy - Serie A,AC Monza,32.83504449007529,2439,30,0.07380073800738,1500000.0,14.22097566607244,-0.1537544994056237,0.393922950521291,1,0.0,1823161.1493974703,1.2154407662649802,0.29084689286300563
33571,Lorenzo De Silvestri,2024,Defender,Italy - Serie A,Bologna Football Club 1909,36.610540725530456,1065,18,0.0845070422535211,800000.0,13.592367006650065,-0.08915965459671993,0.6894209570348893,1,491.0,912947.4881527328,1.141184360190916,0.7275290843146508
38253,Robert Lewandowski,2024,Attack,Spain - LaLiga,FC Barcelona,36.36413415468857,2682,34,0.9731543624161072,12000000.0,16.300417207752275,-0.06261412048345782,0.09157280720836768,0,1656.0,12557389.587324094,1.0464491322770078,0.16336292944929395
39728,Mats Hummels,2024,Defender,Italy - Serie A,Associazione Sportiva Roma,36.04380561259411,918,14,0.0,2000000.0,14.50865773852422,0.6712809077932516,0.6153988898306746,1,0.0,1067499.5637698255,0.5337497818849127,0.6734961594774895
40633,Milan Badelj,2024,Midfield,Italy - Serie A,Genoa CFC,35.84941820670773,1487,23,0.0605245460659045,800000.0,13.592367006650065,-0.36030982020038227,0.6406559563174666,1,0.0,1198038.4389574295,1.497548048696787,0.6644815855085705
42205,Yann Sommer,2024,Goalkeeper,Italy - Serie A,Inter Milan,36.04106776180698,2970,33,0.0,4000000.0,15.201804919084164,1.0664247848596378,0.15621870328279594,0,2961.0,1437510.3048688916,0.3593775762172229,0.11763380602660517
43824,Kevin Müller,2024,Goalkeeper,Germany - Bundesliga,1. Fußballclub Heidenheim 1846,33.80150581793292,2940,33,0.0,700000.0,13.458835614025542,-1.1165651106374193,0.49418344016021926,1,0.0,2223104.16425789,3.1758630917969857,0.5501580031104094
44058,Wojciech Szczesny,2024,Goalkeeper,Spain - LaLiga,FC Barcelona,34.70773442847365,1350,15,0.0,1000000.0,13.815510557964274,-0.9085166767101636,0.6692803217428143,1,720.0,2573495.0014093337,2.573495001409334,0.6801707618067387
45403,André Ayew,2024,Attack,France - Ligue 1,Le Havre AC,35.04175222450377,1451,27,0.31013094417643,600000.0,13.304684934198283,-0.517122068594194,0.8133640167103494,1,0.0,1050975.027085687,1.7516250451428117,0.6850015991776407
45672,Kevin Trapp,2024,Goalkeeper,Germany - Bundesliga,Eintracht Frankfurt,34.48596851471595,2295,26,0.0,2500000.0,14.73180128983843,0.20142623624345912,0.31868776133126214,0,1980.0,2126496.619449297,0.8505986477797188,0.4454735150123546
46413,Ante Budimir,2024,Attack,Spain - LaLiga,CA Osasuna,33.44832306639288,2967,38,0.7583417593528816,5000000.0,15.424948470398377,-0.391727770383242,0.1582444034151679,0,2953.0,7446152.458879894,1.4892304917759787,0.18753627011535307
46580,Andrej Kramaric,2024,Attack,Germany - Bundesliga,TSG 1899 Hoffenheim,33.53867214236824,2781,32,0.6148867313915858,4000000.0,15.201804919084164,0.0962867752034211,0.20197719141465054,0,2223.0,3739262.482639041,0.9348156206597602,0.15944467930106593
48015,Lukas Hradecky,2024,Goalkeeper,Germany - Bundesliga,Bayer 04 Leverkusen,35.1047227926078,2610,29,0.0,2000000.0,14.50865773852422,-0.05463982452196525,0.3018737569119354,0,1441.0,2196721.2693143,1.09836063465715,0.35198095153400943
51471,Mateo Kovacic,2024,Midfield,England - Premier League,Manchester City,30.65845311430527,2203,31,0.3268270540172492,20000000.0,16.811242831518264,0.5044490557153711,0.19388908545136252,1,126.0,11902794.366034234,0.5951397183017118,0.16166066427420941
53622,İlkay Gündoğan,2024,Midfield,England - Premier League,Manchester City,34.19028062970568,2229,33,0.3230148048452221,5000000.0,15.424948470398377,0.10221896040886147,0.3455186015293465,1,0.0,4619662.176215595,0.923932435243119,0.29634813756739553
54906,Matteo Darmian,2024,Defender,Italy - Serie A,Inter Milan,35.082819986310746,1782,29,0.2525252525252525,2500000.0,14.73180128983843,0.5479813268041909,0.3564632322106685,1,246.0,1508487.5049025915,0.6033950019610366,0.5213895976116545
55089,Oliver Baumann,2024,Goalkeeper,Germany - Bundesliga,TSG 1899 Hoffenheim,34.5845311430527,2520,28,0.0,3000000.0,14.914122846632385,0.5531329142728758,0.24160113834648506,0,3060.0,1798514.736148773,0.599504912049591,0.17439747817486428
55508,Lewis Holtby,2024,Midfield,Germany - Bundesliga,Holstein Kiel,34.288843258042434,1235,25,0.145748987854251,500000.0,13.122363377404328,-0.5450125020822205,0.8360449424077104,1,0.0,900051.4357817188,1.8001028715634377,0.7927018599520589
55735,Henrikh Mkhitaryan,2024,Midfield,Italy - Serie A,Inter Milan,35.945242984257355,2412,32,0.2238805970149253,4000000.0,15.201804919084164,0.7444991592803949,0.21390362819560224,0,1556.0,1978395.929293944,0.49459898232348604,0.2469474135518743
55769,Danilo D'Ambrosio,2024,Defender,Italy - Serie A,AC Monza,36.31211498973306,1095,20,0.0821917808219178,700000.0,13.458835614025542,-0.314543885059853,0.7645753787247718,1,0.0,1001161.9335601854,1.4302313336574077,0.7438364187992184
57071,Péter Gulácsi,2024,Goalkeeper,Germany - Bundesliga,RB Leipzig,34.65845311430527,2632,30,0.0,2000000.0,14.50865773852422,-0.011707971988446086,0.45143167424775077,0,2009.0,2105585.4382656426,1.0527927191328212,0.46506396371698216
58358,Thomas Müller,2024,Attack,Germany - Bundesliga,Bayern Munich,35.30184804928131,1218,30,0.3694581280788177,6000000.0,15.60727002719233,1.047133610578301,0.5367995546425871,1,0.0,2189881.1237983927,0.36498018729973214,0.6152435489852658
58995,Anthony Jung,2024,Defender,Germany - Bundesliga,SV Werder Bremen,33.163586584531146,1898,28,0.0,1000000.0,13.815510557964274,-0.8971177974954716,0.5436433400819709,1,521.0,2544809.535974309,2.544809535974309,0.6261739235115887
59323,Cristhian Stuani,2024,Attack,Spain - LaLiga,Girona FC,38.223134839151264,1059,32,1.1048158640226629,1000000.0,13.815510557964274,-0.9770578828936722,0.7156687186614368,1,396.0,2752774.016273665,2.7527740162736647,0.6399095568766877
59377,David de Gea,2024,Goalkeeper,Italy - Serie A,ACF Fiorentina,34.15195071868583,3150,35,0.0285714285714285,5000000.0,15.424948470398377,0.6300816427297935,0.1271925267011403,0,3330.0,2758992.925849845,0.551798585169969,0.09485962124225168
59561,Dani Parejo,2024,Midfield,Spain - LaLiga,Villarreal CF,35.71252566735113,2278,36,0.2370500438981563,1500000.0,14.22097566607244,-0.27588997819697303,0.39520791965222546,0,1390.0,2057277.7446250748,1.3715184964167164,0.5204682969655788
60543,Mathieu Gorgelin,2024,Goalkeeper,France - Ligue 1,Le Havre AC,34.40930869267625,1440,16,0.0,300000.0,12.611537753638338,-1.2788790032259687,0.8783420384704924,1,90.0,1125722.5014795521,3.7524083382651736,0.8330669234576775
60561,Anthony Lopes,2024,Goalkeeper,France - Ligue 1,FC Nantes,34.25325119780972,1564,18,0.0,1200000.0,13.997832114758229,-0.1811000530814968,0.5861263135596231,0,2789.0,1501172.7993770498,1.2509773328142082,0.7154011702872003
61812,Yuri Berchiche,2024,Defender,Spain - LaLiga,Athletic Bilbao,34.8911704312115,2041,30,0.0881920627143557,1400000.0,14.151982794585487,-0.22417247049007694,0.5201400333950826,0,2709.0,1825736.2504414322,1.3040973217438803,0.6734398535962324
61841,Adam Smith,2024,Defender,England - Premier League,AFC Bournemouth,33.67830253251198,1595,25,0.0,750000.0,13.527828485512494,-0.8381655708253288,0.7833068660289604,0,1080.0,1807452.8451090513,2.4099371268120686,0.7225135199438186
62351,Abdoulaye Bamba,2024,Defender,France - Ligue 1,Angers SCO,34.68856947296372,1511,19,0.0,300000.0,12.611537753638338,-0.5912305053215698,0.8100068411803738,1,255.0,562793.0227089213,1.875976742363071,0.7579835257304663
64399,Vicente Guaita,2024,Goalkeeper,Spain - LaLiga,Celta de Vigo,37.97672826830938,3060,34,0.0,700000.0,13.458835614025542,-1.0310361615542911,0.4403220157142403,1,0.0,2043111.5266009038,2.9187307522870056,0.5437400299056931
65278,Pedro,2024,Attack,Italy - Serie A,Società Sportiva Lazio S.p.A.,37.43189596167009,1088,30,0.9099264705882352,1000000.0,13.815510557964274,-0.9066253918217857,0.6671838412959712,0,972.0,2568713.746434069,2.5687137464340686,0.6674941672011677
66100,Oriol Romeu,2024,Midfield,Spain - LaLiga,Girona FC,33.27310061601643,1359,25,0.0,1200000.0,13.997832114758229,-0.07921293202059632,0.7498464347172331,1,0.0,1356362.8467944185,1.130302372328682,0.69560938363227
67063,Danny Welbeck,2024,Attack,England - Premier League,Brighton & Hove Albion,34.09993155373032,2121,30,0.594059405940594,5000000.0,15.424948470398377,0.4123446283700689,0.3721309555871474,0,2266.0,3414939.2677946803,0.6829878535589361,0.26890222210477843
67556,Milan Djuric,2024,Attack,Italy - Serie A,AC Monza,34.614647501711154,1536,27,0.3515625,1500000.0,14.22097566607244,0.4076988262279819,0.5716501633365806,1,445.0,1042028.2157797487,0.6946854771864992,0.5501052830045784
69633,Christian Eriksen,2024,Midfield,England - Premier League,Manchester United,32.88158795345654,1056,23,0.2556818181818182,4000000.0,15.201804919084164,0.0775254545163433,0.7099693036190022,0,2424.0,3808317.576646908,0.952079394161727,0.5876508488232115
71271,Adrián San Miguel,2024,Goalkeeper,Spain - LaLiga,Real Betis Balompié,37.9958932238193,1710,19,0.0,500000.0,13.122363377404328,0.1217830579677317,0.722460491737864,1,90.0,458092.6493943895,0.916185298788779,0.7808550428246556
72047,Iago Aspas,2024,Attack,Spain - LaLiga,Celta de Vigo,37.42094455852156,1744,30,0.7740825688073395,2000000.0,14.50865773852422,-0.976960153498573,0.4231812139379297,0,1130.0,5410102.796837093,2.7050513984185467,0.33295467662540673
72476,Bernd Leno,2024,Goalkeeper,England - Premier League,Fulham FC,32.82956878850103,3420,38,0.0263157894736842,10000000.0,16.11809565095832,0.43825252443206564,0.11597646656889744,0,3420.0,6526864.088151759,0.6526864088151758,0.08835526111225202
73517,Ørjan Nyland,2024,Goalkeeper,Spain - LaLiga,Sevilla FC,34.31074606433949,2674,30,0.0,900000.0,13.710150042306449,-0.37110928448602687,0.5233427618732824,1,450.0,1362071.7441079514,1.5134130490088349,0.31524546983995283
74229,Koke,2024,Midfield,Spain - LaLiga,Atlético de Madrid,32.982888432580424,1926,32,0.0934579439252336,8000000.0,15.89495209964411,1.0217889576327184,0.21168882867092687,0,2220.0,2979258.523531896,0.37240731544148703,0.42412875239774156
74294,Nemanja Gudelj,2024,Midfield,Spain - LaLiga,Sevilla FC,33.12799452429842,2496,31,0.0721153846153846,3000000.0,14.914122846632385,0.44087575620911945,0.31656985266475784,0,2348.0,2009820.025738185,0.6699400085793951,0.28169139183591757
74683,Nemanja Matić,2024,Midfield,France - Ligue 1,Olympique Lyon,36.41889117043121,2025,29,0.0444444444444444,2000000.0,14.50865773852422,0.12369816024098679,0.4441519658775252,0,2670.0,1841724.4282334456,0.9208622141167229,0.5018944992836443
74842,Mario Götze,2024,Midfield,Germany - Bundesliga,Eintracht Frankfurt,32.580424366872,1549,24,0.2905100064557779,4000000.0,15.201804919084164,0.562450373074737,0.3803222987091256,1,879.0,2367746.493251034,0.5919366233127585,0.46479713049352145
74960,Martin Dúbravka,2024,Goalkeeper,England - Premier League,Newcastle United,35.96167008898015,900,10,0.0,1000000.0,13.815510557964274,-0.30985516404872904,0.8382318475367758,0,3150.0,1423249.6105236174,1.4232496105236174,0.7703158792616632
75921,Christopher Trimmel,2024,Defender,Germany - Bundesliga,1.FC Union Berlin,37.85352498288843,1744,26,0.1548165137614679,600000.0,13.304684934198283,-0.797340000741833,0.6458195012788494,0,1869.0,1390547.1795049435,2.3175786325082393,0.6984093676858214
76467,Kiko Femenía,2024,Defender,Spain - LaLiga,Villarreal CF,33.91375770020534,2229,28,0.0403768506056527,900000.0,13.710150042306449,-0.47354093715847334,0.5452138696460713,0,2021.0,1508294.0304782225,1.675882256086914,0.5954021243590654
80293,Aïssa Mandi,2024,Defender,France - Ligue 1,LOSC Lille,33.19644079397673,1736,24,0.0,1200000.0,13.997832114758229,0.42549895280404826,0.5858665161687451,0,2427.0,817938.9303986278,0.6816157753321898,0.6488076718277427
80894,Lukasz Skorupski,2024,Goalkeeper,Italy - Serie A,Bologna Football Club 1909,33.661875427789184,2365,27,0.0,2500000.0,14.73180128983843,-0.08484830594480153,0.33763948792865733,0,1594.0,2818619.1429826654,1.1274476571930663,0.265353579405356
81512,Christian Kabasele,2024,Defender,Italy - Serie A,Udinese Calcio,33.85352498288843,1163,16,0.1547721410146173,700000.0,13.458835614025542,-0.4710434437836768,0.7318204022862262,0,2256.0,1171045.909573044,1.6729227279614913,0.6460959657243949
82350,Stefan Bell,2024,Defender,Germany - Bundesliga,1.FSV Mainz 05,33.35797399041752,1438,18,0.062586926286509,800000.0,13.592367006650065,-0.3744003181297426,0.6455089813085924,0,1041.0,1215025.0163849688,1.518781270481211,0.6541685131793725
82873,Pascal Groß,2024,Midfield,Germany - Bundesliga,Borussia Dortmund,33.549623545516766,2337,30,0.3851091142490372,5000000.0,15.424948470398377,0.6571582464026489,0.17202730783174183,0,2252.0,2686595.172407647,0.5373190344815294,0.15418289771856383
84301,Benjamin André,2024,Midfield,France - Ligue 1,LOSC Lille,34.41478439425051,2693,30,0.1336799108800594,5000000.0,15.424948470398377,1.4653618870173748,0.12780209122692693,0,2334.0,1206339.1450756795,0.2412678290151359,0.13398244788944194
84435,Kevin Vogt,2024,Defender,Germany - Bundesliga,1.FC Union Berlin,33.27583846680356,1371,18,0.0656455142231947,1000000.0,13.815510557964274,-0.3773238819127105,0.5928550688321279,1,0.0,1522069.491557146,1.522069491557146,0.5926517093727267
84938,Timo Horn,2024,Goalkeeper,Germany - Bundesliga,VfL Bochum,31.64134154688569,1170,13,0.0,800000.0,13.592367006650065,-0.1382339633275942,0.8004659120012422,1,0.0,959086.5615670354,1.1988582019587943,0.7514874601235787
85288,Isco,2024,Midfield,Spain - LaLiga,Real Betis Balompié,32.69815195071869,1552,22,0.9858247422680412,6000000.0,15.60727002719233,-0.19725599029404028,0.215433554929264,1,228.0,7359641.497527108,1.226606916254518,0.277945076025104
85295,Iván Balliu,2024,Defender,Spain - LaLiga,Rayo Vallecano,33.002053388090346,1190,25,0.0,1400000.0,14.151982794585487,-0.2293524614031872,0.5845974261820458,1,578.0,1835126.3195424362,1.3108045139588829,0.6150240137098194
85393,Nicolas Viola,2024,Midfield,Italy - Serie A,Cagliari Calcio,35.22245037645448,1275,27,0.2823529411764706,1000000.0,13.815510557964274,0.22130409833649622,0.7316831145370534,1,0.0,836161.282730361,0.8361612827303609,0.7576907387545307
85906,Danny da Costa,2024,Defender,Germany - Bundesliga,1.FSV Mainz 05,31.471594798083505,2010,25,0.044776119402985,1500000.0,14.22097566607244,-0.44688265515590286,0.5297017325769033,0,2698.0,2435143.1215922213,1.6234287477281475,0.6139178565928973
85941,Stefan Ortega,2024,Goalkeeper,England - Premier League,Manchester City,32.1533196440794,1099,13,0.0,8000000.0,15.89495209964411,1.5775020439483254,0.40675787948742703,1,270.0,1722549.9341993982,0.21531874177492477,0.3210189220286906
86202,Antonio Rüdiger,2024,Defender,Spain - LaLiga,Real Madrid,31.83299110198494,2291,29,0.0392841553906591,20000000.0,16.811242831518264,1.0744828723470476,0.0942889401106843,0,1491.0,6894895.0939623,0.344744754698115,0.11859001064678247
86784,Ricardo Rodríguez,2024,Defender,Spain - LaLiga,Real Betis Balompié,32.35318275154004,1279,18,0.070367474589523,2000000.0,14.50865773852422,-0.09666655280095648,0.4819562209166629,0,1546.0,2289671.1598970266,1.1448355799485133,0.6274783974900883
88755,Kevin De Bruyne,2024,Midfield,England - Premier League,Manchester City,33.51403148528405,1705,28,0.5806451612903226,20000000.0,16.811242831518264,0.45872243984425465,0.34518590561232976,0,1169.0,12432421.74011698,0.621621087005849,0.3243785185781253
91059,Joshua King,2024,Attack,France - Ligue 1,FC Toulouse,32.9637234770705,1681,28,0.5353955978584176,1800000.0,14.403297222866392,-0.08537536047833871,0.5196513002304393,1,0.0,2040692.1474627256,1.1337178597015143,0.45008143427793224
91845,Heung-min Son,2024,Attack,England - Premier League,Tottenham Hotspur,32.48459958932238,2117,30,0.7227208313651393,20000000.0,16.811242831518264,0.09018854188637304,0.1813935898911826,1,0.0,17633011.28053162,0.8816505640265809,0.13913243372977196
93604,Lukas Kübler,2024,Defender,Germany - Bundesliga,SC Freiburg,32.33949349760438,1849,28,0.2920497566252028,1500000.0,14.22097566607244,-0.23402164553573712,0.44723169897673337,0,1594.0,1973885.4842882035,1.3159236561921357,0.4021870469370738
93707,Christian Günter,2024,Defender,Germany - Bundesliga,SC Freiburg,31.84120465434634,2324,29,0.2323580034423407,3500000.0,15.068273526459642,0.11515435760319237,0.3416899283816832,0,1549.0,3221939.83936141,0.9205542398175457,0.2966530221925784
93720,Alexandre Lacazette,2024,Attack,France - Ligue 1,Olympique Lyon,33.59890485968515,2061,30,0.7423580786026202,6000000.0,15.60727002719233,-0.2147829278020148,0.29257027617576997,1,0.0,7484752.410606583,1.247458735101097,0.37061779487101937
93740,Willi Orbán,2024,Defender,Germany - Bundesliga,RB Leipzig,32.16153319644079,2224,25,0.2023381294964028,8000000.0,15.89495209964411,1.0499897164163685,0.1636142121308793,0,2950.0,2898008.53288969,0.3622510666112112,0.19283855444851858
93844,Leonardo Bittencourt,2024,Midfield,Germany - Bundesliga,SV Werder Bremen,31.0362765229295,974,27,0.2772073921971252,1500000.0,14.22097566607244,-0.6728124941820015,0.7132784239899146,1,610.0,3040089.580344241,2.026726386896161,0.6445922132672629
93936,Kike García,2024,Attack,Spain - LaLiga,Deportivo Alavés,35.10198494182067,2555,35,0.4579256360078277,900000.0,13.710150042306449,-0.910392857662714,0.5351326819750695,0,1727.0,2324270.5208022553,2.5825228008913945,0.4794892293749955
94005,Sead Kolasinac,2024,Defender,Italy - Serie A,Atalanta BC,31.534565366187543,1910,23,0.094240837696335,7000000.0,15.761420707019589,0.6728979264427366,0.2185396754886584,0,1219.0,3677766.660799664,0.5253952372570948,0.2979588481480369
94192,Patrick Drewes,2024,Goalkeeper,Germany - Bundesliga,VfL Bochum,31.906913073237508,1890,21,0.0,800000.0,13.592367006650065,-0.9838675487661073,0.7239211243503403,1,0.0,2224933.1544105345,2.781166443013168,0.7497022318655027
94308,Marko Dmitrovic,2024,Goalkeeper,Spain - LaLiga,CD Leganés,32.93908281998631,2880,32,0.0,800000.0,13.592367006650065,-1.8509750277672379,0.6627017023104756,0,3330.0,5193067.886213567,6.491334857766959,0.5672701467710304
94529,Stephan El Shaarawy,2024,Attack,Italy - Serie A,Associazione Sportiva Roma,32.18069815195072,1089,31,0.6611570247933884,3500000.0,15.068273526459642,-0.023408637805605537,0.5574248992518454,1,657.0,3689123.112240199,1.054035174925771,0.43664248337421846
95424,Kyle Walker,2024,Defender,England - Premier League,Manchester City,34.59822039698837,1625,26,0.0,4000000.0,15.201804919084164,0.8825774865851739,0.4602455981441093,0,3097.0,1725588.5356882825,0.43139713392207063,0.426565522255157
95641,Darko Brasanac,2024,Midfield,Spain - LaLiga,CD Leganés,32.8870636550308,1613,30,0.1673899566026038,500000.0,13.122363377404328,-1.2202458550020236,0.8132417328162175,1,0.0,1766053.836881108,3.532107673762216,0.7386788750053477
95810,Kieran Trippier,2024,Defender,England - Premier League,Newcastle United,34.286105407255306,1309,25,0.2062643239113827,4000000.0,15.201804919084164,0.16333264025399652,0.5921137224302974,0,1592.0,3502359.772972151,0.8755899432430377,0.55550697984738
96341,Romelu Lukaku,2024,Attack,Italy - Serie A,SSC Napoli,31.638603696098563,2870,36,0.7526132404181185,22000000.0,16.90655301132259,0.6658011786530698,0.06884287627650738,1,40.0,11176673.011052547,0.5080305914114794,0.14658357130997982
96718,Óscar de Marcos,2024,Defender,Spain - LaLiga,Athletic Bilbao,35.71800136892539,1561,26,0.230621396540679,1500000.0,14.22097566607244,-0.19660385438390682,0.5220885401158845,1,0.0,1902163.8190921447,1.2681092127280964,0.6541187572537028
99331,Jannik Vestergaard,2024,Defender,England - Premier League,Leicester City,32.41341546885695,1395,18,0.0,2000000.0,14.50865773852422,0.023863910343696837,0.6331276199808235,1,0.0,2032885.9186303625,1.0164429593151811,0.4921031246174364
99922,Marc Bartra,2024,Defender,Spain - LaLiga,Real Betis Balompié,33.96303901437371,2101,25,0.1285102332222751,1000000.0,13.815510557964274,-0.5234697142106226,0.47839956490316676,0,1978.0,1759713.1033681913,1.7597131033681912,0.46397288981873874
100986,Thomas Meunier,2024,Defender,France - Ligue 1,LOSC Lille,33.30595482546201,1925,30,0.0935064935064935,2000000.0,14.50865773852422,0.48870701435634967,0.4728155712082436,0,1910.0,1281289.2054984877,0.6406446027492438,0.5051271761622713
102423,Leandro Cabrera,2024,Defender,Spain - LaLiga,RCD Espanyol Barcelona,33.544147843942504,2870,33,0.1881533101045296,1000000.0,13.815510557964274,-1.0322428918551667,0.3163039613520554,0,3330.0,2905952.23410478,2.90595223410478,0.4316398596822092
103565,Wahbi Khazri,2024,Attack,France - Ligue 1,Montpellier HSC,33.89733059548254,1082,30,0.166358595194085,1000000.0,13.815510557964274,-0.6891383411590946,0.8432329821632484,1,0.0,2073155.9243168994,2.0731559243168993,0.7316530497746591
105470,Alisson,2024,Goalkeeper,England - Premier League,Liverpool FC,32.24914442162902,2509,28,0.0,20000000.0,16.811242831518264,0.8263258444319002,0.17839093448716148,0,2340.0,8751498.3272246,0.43757491636122997,0.1101846173344251
106405,Jeffrey Gouweleeuw,2024,Defender,Germany - Bundesliga,FC Augsburg,33.48117727583847,2945,33,0.1528013582342954,1500000.0,14.22097566607244,-0.4222886837620723,0.23193401240553513,1,851.0,2376881.9307103516,1.584587953806901,0.15174682820051255
106872,Kevin Stöger,2024,Midfield,Germany - Bundesliga,Borussia Mönchengladbach,31.34839151266256,1544,31,0.4080310880829015,3500000.0,15.068273526459642,-0.1390007702047682,0.42590640329922247,0,1324.0,4129076.7454332802,1.1797362129809372,0.4039979003693875
106987,Marcel Sabitzer,2024,Midfield,Germany - Bundesliga,Borussia Dortmund,30.79534565366188,1616,26,0.0556930693069306,8000000.0,15.89495209964411,0.7654748447746376,0.3498935449308954,0,1823.0,3827669.0302404277,0.47845862878005346,0.33427191278314505
107775,Frederik Rönnow,2024,Goalkeeper,Germany - Bundesliga,1.FC Union Berlin,32.41067761806981,2520,28,0.0,3000000.0,14.914122846632385,0.235233307713532,0.32013496835835686,0,2641.0,2461727.167623849,0.8205757225412831,0.15918062700204136
108354,Jordan Ayew,2024,Attack,England - Premier League,Leicester City,33.308692676249144,1663,31,0.2705953096812988,2500000.0,14.73180128983843,-0.26334115358222343,0.6395062800649404,1,0.0,3357141.245871057,1.3428564983484228,0.5314028312777148
108390,Thibaut Courtois,2024,Goalkeeper,Spain - LaLiga,Real Madrid,32.643394934976044,2700,30,0.0,20000000.0,16.811242831518264,1.257182682132695,0.08929576099646942,0,2880.0,5780438.880911817,0.28902194404559084,0.08305514451612217
108725,Chris Wood,2024,Attack,England - Premier League,Nottingham Forest,33.07049965776865,2979,36,0.6948640483383686,10000000.0,16.11809565095832,0.17168627295561345,0.1780768006665108,0,907.0,8434253.618723704,0.8434253618723704,0.14934421287379143
111038,Dennis Appiah,2024,Defender,France - Ligue 1,AS Saint-Étienne,32.563997262149215,2126,29,0.0423330197554092,800000.0,13.592367006650065,-0.3778441433608646,0.5457769270782991,1,0.0,1219212.3743640864,1.5240154679551081,0.5898119068448594
111195,Joël Veltman,2024,Defender,England - Premier League,Brighton & Hove Albion,32.9637234770705,1699,21,0.0,4000000.0,15.201804919084164,0.7094002909876926,0.4971500166695786,0,1050.0,2048230.8062388184,0.5120577015597046,0.4687447560495177
111196,Stefan de Vrij,2024,Defender,Italy - Serie A,Inter Milan,32.90622861054072,1719,26,0.1570680628272251,5000000.0,15.424948470398377,0.526400192207928,0.3276449322468053,1,671.0,3054300.75768234,0.610860151536468,0.3090849802766704
111266,Anthony Losilla,2024,Midfield,Germany - Bundesliga,VfL Bochum,38.8145106091718,1138,21,0.0,500000.0,13.122363377404328,0.27352416187066675,0.7057473786843237,1,0.0,392280.9277901504,0.7845618555803008,0.788275268749278
111455,Granit Xhaka,2024,Midfield,Germany - Bundesliga,Bayer 04 Leverkusen,32.26283367556468,2891,33,0.2801798685575925,12000000.0,16.300417207752275,1.214447042735503,0.06701677863791983,0,2901.0,3668616.2514576423,0.30571802095480355,0.1007396470616531
111811,Florent Hanin,2024,Defender,France - Ligue 1,Angers SCO,34.90759753593429,2679,33,0.1007838745800672,300000.0,12.611537753638338,-1.0187306750395804,0.615415978785573,1,861.0,867074.8436362818,2.890249478787606,0.5191337772699071
111873,Emiliano Martínez,2024,Goalkeeper,England - Premier League,Aston Villa,32.33127994524298,3195,37,0.0,20000000.0,16.811242831518264,1.0037378295783248,0.09460530125256397,0,2835.0,7380760.669689457,0.36903803348447284,0.06787764116078582
112515,Marcos Alonso,2024,Defender,Spain - LaLiga,Celta de Vigo,34.012320328542096,2649,31,0.101925254813137,1500000.0,14.22097566607244,-0.6668122907650811,0.4277379706922795,0,2770.0,3022268.367549902,2.014845578366601,0.45515547499556014
113707,Rémy Cabella,2024,Midfield,France - Ligue 1,LOSC Lille,34.81998631074607,1008,23,0.3571428571428571,2500000.0,14.73180128983843,0.7200136203709966,0.5869585328036385,1,569.0,1270893.3865201215,0.5083573546080485,0.5914627671071131
116088,Marius Bülter,2024,Attack,Germany - Bundesliga,TSG 1899 Hoffenheim,31.761806981519506,1740,25,0.5689655172413793,2500000.0,14.73180128983843,0.08204108405007737,0.47411955821904367,0,1591.0,2392136.1363470564,0.9568544545388226,0.4643282088603969
117478,Marnon Busch,2024,Defender,Germany - Bundesliga,1. Fußballclub Heidenheim 1846,30.067077344284737,1397,23,0.0644237652111667,1200000.0,13.997832114758229,-0.7536888557361983,0.6911979729128576,0,1913.0,2643992.2052185056,2.203326837682088,0.7392304755925043
117674,Maximilian Arnold,2024,Midfield,Germany - Bundesliga,VfL Wolfsburg,30.60095824777549,2359,28,0.3052140737600678,5000000.0,15.424948470398377,-0.295015241052921,0.1961525311630218,0,1854.0,6784224.919708632,1.3568449839417265,0.16744583907191551
118284,Jordan Ferri,2024,Midfield,France - Ligue 1,Montpellier HSC,32.80766598220397,1781,25,0.1010668163952835,2000000.0,14.50865773852422,-0.4223800229932979,0.4988494183372532,1,0.0,3153048.884753167,1.5765244423765836,0.42434773039625384
118534,Michael Keane,2024,Defender,England - Premier League,Everton FC,31.97262149212868,1046,14,0.2581261950286806,5000000.0,15.424948470398377,0.4605807046327106,0.6112252890717431,0,2590.0,3257598.279146655,0.651519655829331,0.5764045922098252
118689,Leonardo Spinazzola,2024,Defender,Italy - Serie A,SSC Napoli,31.77275838466804,1519,27,0.1184990125082291,3500000.0,15.068273526459642,0.036311130768471145,0.5215684684939046,0,1903.0,3480155.9731862596,0.994330278053217,0.5159064997099073
118847,Dominik Kohr,2024,Defender,Germany - Bundesliga,1.FSV Mainz 05,30.91854893908282,2305,28,0.0780911062906724,3500000.0,15.068273526459642,-0.19922464666834072,0.28463677930842324,0,2346.0,4378244.488135844,1.250926996610241,0.24701643616172278
118850,Ivan Ordets,2024,Defender,Germany - Bundesliga,VfL Bochum,32.48459958932238,1865,22,0.0,1000000.0,13.815510557964274,-0.707565803698484,0.576185697553844,1,0.0,2111228.481438321,2.111228481438321,0.6683021297704458
119037,Philipp Hofmann,2024,Attack,Germany - Bundesliga,VfL Bochum,31.75906913073237,2288,32,0.2753496503496503,1000000.0,13.815510557964274,-0.8321632241733763,0.6212254508649467,1,0.0,2387226.174543086,2.387226174543086,0.5757463735713858
119211,Mitchell Weiser,2024,Defender,Germany - Bundesliga,SV Werder Bremen,30.699520876112253,2870,32,0.4390243902439024,5000000.0,15.424948470398377,-0.25467050018573456,0.13721358209623633,1,0.0,6525453.409254798,1.3050906818509596,0.1388028473311101
119277,Yannick Gerhardt,2024,Midfield,Germany - Bundesliga,VfL Wolfsburg,30.806297056810404,1508,29,0.1193633952254641,2500000.0,14.73180128983843,-0.16731719856490024,0.5634562243101492,0,1071.0,3056007.457510923,1.2224029830043692,0.5997080550265611
119296,Emre Can,2024,Defender,Germany - Bundesliga,Borussia Dortmund,30.97056810403833,2102,31,0.1712654614652712,7000000.0,15.761420707019589,0.4935163572291752,0.22288268193477642,1,623.0,4379973.978460047,0.6257105683514353,0.2446049330683415
120095,José Campaña,2024,Midfield,Spain - LaLiga,UD Las Palmas,31.589322381930184,1192,25,0.2265100671140939,900000.0,13.710150042306449,-0.558312885008363,0.7693867097188845,1,0.0,1640832.4537836206,1.8231471708706897,0.7438474244486437
120629,Alphonse Areola,2024,Goalkeeper,England - Premier League,West Ham United,31.84394250513347,2259,26,0.0,9000000.0,16.012735135300492,-0.006892438724340533,0.3433018064689974,0,1800.0,9047457.568329656,1.0052730631477396,0.24233857949000656
121477,Craig Dawson,2024,Defender,England - Premier League,Wolverhampton Wanderers,34.65845311430527,970,15,0.0,1500000.0,14.22097566607244,-0.3981641434768366,0.7589978114474671,1,0.0,2321059.3097469127,1.5473728731646084,0.7046588146090454
121483,Jan Oblak,2024,Goalkeeper,Spain - LaLiga,Atlético de Madrid,31.98357289527721,3240,36,0.0,20000000.0,16.811242831518264,0.5055545325803026,0.0664566835677967,0,2700.0,11890267.790376265,0.5945133895188133,0.07432629754615988
121985,Juan Jesus,2024,Defender,Italy - Serie A,SSC Napoli,33.56331279945243,1074,15,0.0837988826815642,1500000.0,14.22097566607244,0.349534421080854,0.6151561175938965,0,1676.0,1104544.3070275325,0.7363628713516883,0.6707878718678721
122840,Loïc Nego,2024,Defender,France - Ligue 1,Le Havre AC,33.96303901437371,2464,31,0.036525974025974,700000.0,13.458835614025542,-0.27499430773916256,0.5426908220030936,0,2340.0,962201.122135756,1.3745730316225084,0.5055076155803756
123551,Sam Morsy,2024,Midfield,England - Premier League,Ipswich Town,33.31143052703628,2757,33,0.0652883569096844,500000.0,13.122363377404328,-1.5889748419698586,0.7009929251426547,1,0.0,2541582.6723570675,5.083165344714135,0.5202264872386586
124028,Ismaily,2024,Defender,France - Ligue 1,LOSC Lille,34.97330595482546,907,16,0.0992282249173098,1200000.0,13.997832114758229,0.8074551922062625,0.6177463349026703,1,0.0,555752.6331369244,0.4631271942807703,0.6909926541397211
124410,Rani Khedira,2024,Midfield,Germany - Bundesliga,1.FC Union Berlin,30.92950034223135,2727,32,0.066006600660066,2500000.0,14.73180128983843,-0.5989546746087888,0.34985226649231504,0,2835.0,4655813.6519232225,1.862325460769289,0.3315881190237295
124502,Matthias Ginter,2024,Defender,Germany - Bundesliga,SC Freiburg,30.951403148528406,2560,32,0.10546875,7000000.0,15.761420707019589,0.24997759421712562,0.17912251536203555,0,2836.0,5547027.928031005,0.7924325611472864,0.1739368966937862
124555,Cristiano Biraghi,2024,Defender,Italy - Serie A,Torino FC,32.33401779603012,1589,23,0.0566393958464443,1800000.0,14.403297222866392,-0.389057829689627,0.535708372255013,1,511.0,2752197.332938972,1.5289985182994288,0.5151597536602855
124884,Marco Bizot,2024,Goalkeeper,France - Ligue 1,Stade Brestois 29,33.81519507186858,2880,32,0.0,3000000.0,14.914122846632385,0.3826523934663637,0.21925733526365337,1,585.0,2128797.3944533723,0.7095991314844574,0.11999204305621697
125020,José Luis Palomino,2024,Defender,Italy - Serie A,Cagliari Calcio,34.98973305954826,1077,18,0.0835654596100278,700000.0,13.458835614025542,-0.4558984175996659,0.6967496248882251,1,0.0,1153444.1741820578,1.647777391688654,0.6599650764058436
125103,Marvin Ducksch,2024,Attack,Germany - Bundesliga,SV Werder Bremen,30.822724161533195,2435,32,0.6283367556468172,6000000.0,15.60727002719233,-0.7367922587912816,0.21038937926687332,1,0.0,12332745.987176353,2.055457664529392,0.2484746256491137
125714,Mark Flekken,2024,Goalkeeper,England - Premier League,Brentford FC,31.55373032169747,3276,37,0.0549450549450549,10000000.0,16.11809565095832,-0.29283293781646114,0.15099806032080704,0,2130.0,13142611.022697857,1.3142611022697857,0.11182931389951285
125781,Antoine Griezmann,2024,Attack,Spain - LaLiga,Atlético de Madrid,33.78507871321013,2482,38,0.5439161966156325,18000000.0,16.70588231586044,1.22696674605166,0.11347099710357343,0,1468.0,5375111.557704705,0.2986173087613725,0.09942539409531648
126414,Hakan Çalhanoğlu,2024,Midfield,Italy - Serie A,Inter Milan,30.89664613278576,1963,29,0.5043301069791136,30000000.0,17.216707939626428,0.4615684205316648,0.1011212060564275,0,1651.0,18209973.796169367,0.6069991265389789,0.16327726011318183
126557,Jonathan Gradit,2024,Defender,France - Ligue 1,RC Lens,32.10403832991102,2116,25,0.0,4000000.0,15.201804919084164,0.21879564093411918,0.29486077494299623,1,809.0,3317545.0047359513,0.8293862511839878,0.380464434923658
126664,Lucas Digne,2024,Defender,England - Premier League,Aston Villa,31.45242984257358,2360,32,0.1906779661016949,10000000.0,16.11809565095832,0.34542136160700654,0.22791732008709364,0,1852.0,7137499.288419965,0.7137499288419965,0.1588337961729949
126665,Idrissa Gueye,2024,Midfield,England - Premier League,Everton FC,35.266255989048595,3070,37,0.0879478827361563,1500000.0,14.22097566607244,-0.3916202597804692,0.43960464583446957,0,2102.0,2306139.78860715,1.5374265257381,0.37786468472805845
126719,Juan Bernat,2024,Defender,Spain - LaLiga,Getafe CF,31.838466803559207,907,24,0.1984564498346196,2000000.0,14.50865773852422,-0.2798924098283293,0.6793144833662151,1,0.0,2741934.3866457846,1.3709671933228924,0.6840654924550721
126737,Juanmi,2024,Attack,Spain - LaLiga,Getafe CF,31.61943874058864,935,24,0.0,2000000.0,14.50865773852422,-0.41426181406136564,0.8475084052239894,1,171.0,3128085.487162429,1.5640427435812145,0.7164946357092212
126751,Iñigo Ruiz de Galarreta,2024,Midfield,Spain - LaLiga,Athletic Bilbao,31.40588637919233,1488,26,0.2419354838709677,3000000.0,14.914122846632385,-0.26394511149448396,0.460118779242141,0,2231.0,4013293.005566107,1.3377643351887023,0.34207942782133227
127108,Florian Lejeune,2024,Defender,Spain - LaLiga,Rayo Vallecano,33.620807665982205,3326,37,0.1352976548406494,2500000.0,14.73180128983843,-0.7023154670205365,0.14786281410774807,0,3231.0,5146853.113879979,2.0587412455519916,0.19080274692288357
127181,Benjamin Lecomte,2024,Goalkeeper,France - Ligue 1,Montpellier HSC,33.686516084873375,2673,30,0.0,1500000.0,14.22097566607244,-0.9057233843059458,0.4119684838025223,1,0.0,3817313.7857767544,2.5448758571845027,0.4947519937844791
127187,Abdoulaye Doucouré,2024,Midfield,England - Premier League,Everton FC,32.0,2577,33,0.1746216530849825,7000000.0,15.761420707019589,-0.1749763015482073,0.2926496865794597,1,0.0,8353629.339688781,1.19337561995554,0.24776410043140124
127189,Geoffrey Kondogbia,2024,Midfield,France - Ligue 1,Olympique Marseille,31.87679671457905,2021,25,0.0,7000000.0,15.761420707019589,0.9477201188652238,0.2922438792071925,1,593.0,2810473.564167474,0.40149622345249625,0.5099122514521672
127202,Matz Sels,2024,Goalkeeper,England - Premier League,Nottingham Forest,32.84873374401095,3420,38,0.0,7000000.0,15.761420707019589,0.07813972775264588,0.15676294628714146,0,2667.0,6548536.953037553,0.9355052790053646,0.10198505597002264
127573,Phillipp Mwene,2024,Defender,Germany - Bundesliga,1.FSV Mainz 05,30.924024640657084,2618,32,0.2062643239113827,1800000.0,14.403297222866392,-1.0693658911286086,0.3351750839202816,0,2073.0,5342668.82291453,2.9681493460636275,0.5270174249933135
128223,Álvaro Morata,2024,Attack,Italy - Serie A,AC Milan,32.19164955509925,1104,16,0.4891304347826086,13000000.0,16.38045991542581,0.4400648452966438,0.37412976550186205,0,924.0,8385732.6634250535,0.6450563587250041,0.41767266106511797
128901,Conor Coady,2024,Defender,England - Premier League,Leicester City,31.84941820670773,1714,22,0.0525087514585764,2200000.0,14.603967918328545,-0.03805515607903942,0.5762299758218563,1,0.0,2373977.9014913533,1.0790808643142515,0.534141306325056
128969,Mathew Ryan,2024,Goalkeeper,France - Ligue 1,RC Lens,32.733744010951405,1260,14,0.0,2500000.0,14.73180128983843,0.5049241559078927,0.5867561541641464,0,3240.0,1574448.9885120864,0.6297795954048345,0.6506041532276226
129444,David López,2024,Defender,Spain - LaLiga,Girona FC,35.23066392881588,2431,29,0.0740436034553681,1000000.0,13.815510557964274,-0.8577030375682746,0.47106101164453484,1,293.0,2448013.4685999295,2.4480134685999295,0.5223455562700295
130164,Jordan Pickford,2024,Goalkeeper,England - Premier League,Everton FC,30.822724161533195,3420,38,0.0263157894736842,18000000.0,16.70588231586044,0.3545482413907557,0.08786978474516044,0,3420.0,12418393.982356548,0.6899107767975861,0.0686765864864919
131075,Francesco Acerbi,2024,Defender,Italy - Serie A,Inter Milan,36.89253935660506,1709,23,0.0526623756582797,3000000.0,14.914122846632385,0.6674966136289595,0.3366539986019305,0,1379.0,1605640.0782950078,0.5352133594316693,0.4143122243588672
131225,Nicolás Tagliafico,2024,Defender,France - Ligue 1,Olympique Lyon,32.336755646817245,1904,24,0.2836134453781512,6000000.0,15.60727002719233,0.6559028219813485,0.2214438933380941,0,1310.0,3216420.557959965,0.5360700929933275,0.40290343232085085
132098,Harry Kane,2024,Attack,Germany - Bundesliga,Bayern Munich,31.430527036276523,2391,31,1.355081555834379,75000000.0,18.132998671500584,0.38670394837063293,0.02863354009912903,0,2382.0,46025694.45934372,0.6136759261245829,0.04905358383180833
133179,Marten de Roon,2024,Midfield,Italy - Serie A,Atalanta BC,33.76317590691308,3058,36,0.2354480052321779,5000000.0,15.424948470398377,0.422200978342945,0.12065960439866948,0,2704.0,3382195.6103531765,0.6764391220706353,0.1345493353309258
133731,Patrick Mainka,2024,Defender,Germany - Bundesliga,1. Fußballclub Heidenheim 1846,30.154688569472963,3060,34,0.0588235294117647,3000000.0,14.914122846632385,-0.7669129928699503,0.1950514873144787,0,3060.0,6534375.203550992,2.1781250678503303,0.24164977294829476
134270,Dan Burn,2024,Defender,England - Premier League,Newcastle United,32.648870636550306,3330,37,0.054054054054054,6000000.0,15.60727002719233,-0.24943192589125873,0.16164703393994517,0,2199.0,7738243.731832959,1.2897072886388266,0.1827046706805696
135343,Fabian Schär,2024,Defender,England - Premier League,Newcastle United,33.034907597535934,2938,34,0.1225323349217154,7000000.0,15.761420707019589,0.004043180840728855,0.17681705319253052,0,1091.0,7033163.120880313,1.0047375886971877,0.10148380979920782
136111,Nicola Leali,2024,Goalkeeper,Italy - Serie A,Genoa CFC,31.871321013004792,2610,29,0.0,1500000.0,14.22097566607244,-0.3249939766695551,0.41702617014891674,0,1848.0,2159482.011558254,1.4396546743721692,0.39710038978065354
136514,Charalampos Lykogiannis,2024,Defender,Italy - Serie A,Bologna Football Club 1909,31.195071868583163,1049,17,0.3431839847473785,1500000.0,14.22097566607244,-0.3669541102214082,0.6631198195669384,1,627.0,2250742.1151639423,1.5004947434426281,0.6273869297416736
138055,Haris Belkebla,2024,Midfield,France - Ligue 1,Angers SCO,30.92676249144421,1795,22,0.0501392757660167,2000000.0,14.50865773852422,-0.20483860538349896,0.42928992459920196,0,2880.0,2546982.788454169,1.2734913942270845,0.5142786943337501
139208,Virgil van Dijk,2024,Defender,England - Premier League,Liverpool FC,33.48665297741273,3330,37,0.1081081081081081,23000000.0,16.951004773893423,1.3306433922843377,0.0511403536485846,0,3420.0,6162813.165661067,0.2679483985070029,0.0581453942309013
139279,Nicolas Pallois,2024,Defender,France - Ligue 1,FC Nantes,37.28678986995209,2020,26,0.0891089108910891,400000.0,12.89921982609012,-1.007538991406411,0.6825165741664109,1,0.0,1144279.6148201777,2.8606990370504444,0.7279392952379922
139304,Karol Mets,2024,Defender,Germany - Bundesliga,FC St. Pauli,31.630390143737166,900,10,0.0,1300000.0,14.077874822431763,0.06807526373798378,0.7150844699704276,0,1934.0,1268374.012728661,0.9756723174835854,0.5929923094960404
139435,Dani Rodríguez,2024,Midfield,Spain - LaLiga,RCD Mallorca,36.57221081451061,2175,37,0.4551724137931034,800000.0,13.592367006650065,-0.6409661893581093,0.4562870882472897,1,67.0,1584579.6718315089,1.9807245897893861,0.46523674851606
142021,Sergi Darder,2024,Midfield,Spain - LaLiga,RCD Mallorca,31.028062970568104,2763,38,0.260586319218241,4000000.0,15.201804919084164,-1.2343108764930277,0.27400314246473356,0,2689.0,13460989.466953864,3.365247366738466,0.27069992492137057
142031,Omar Mascarell,2024,Midfield,Spain - LaLiga,RCD Mallorca,31.91238877481177,1990,32,0.0452261306532663,900000.0,13.710150042306449,-1.107683495692223,0.656007420505475,0,2245.0,2821895.8577747666,3.135439841971963,0.6797134948411875
143798,Pavel Kaderabek,2024,Midfield,Germany - Bundesliga,TSG 1899 Hoffenheim,32.68720054757016,1574,24,0.1143583227445997,1700000.0,14.346138809026444,-0.059197191870673294,0.5623515135992657,1,0.0,1879254.3793085022,1.105443752534413,0.5499603853823839
144028,Leandro Trossard,2024,Attack,England - Premier League,Arsenal FC,30.078028747433265,2551,38,0.564484515876127,22000000.0,16.90655301132259,-0.14634171461155265,0.22446009077373114,0,2008.0,24103078.660702135,1.0955944845773697,0.13561669898489517
146227,Jasper Cillessen,2024,Goalkeeper,Spain - LaLiga,UD Las Palmas,35.696098562628336,2337,27,0.0,800000.0,13.592367006650065,0.38891646799222235,0.5713433558429121,1,0.0,563183.1976744258,0.7039789970930322,0.7389481344588857
148153,Lewis Dunk,2024,Defender,England - Premier League,Brighton & Hove Albion,33.11430527036276,2083,25,0.0,6000000.0,15.60727002719233,0.12067979935776352,0.314793134469296,0,2837.0,5415197.6243146015,0.9025329373857669,0.3677217728887231
148252,Remo Freuler,2024,Midfield,Italy - Serie A,Bologna Football Club 1909,32.71457905544148,3214,37,0.0840074673304293,5000000.0,15.424948470398377,0.4814937266478698,0.12183378363454653,0,2217.0,3191608.699907711,0.6383217399815422,0.16135937504208306
148367,Christian Nørgaard,2024,Midfield,England - Premier League,Brentford FC,30.8145106091718,2830,34,0.2862190812720848,11000000.0,16.213405830762646,-0.12774359694501092,0.16940227306000394,1,101.0,12298600.55042616,1.1180545954932875,0.13939623642279034
148455,Mohamed Salah,2024,Attack,England - Premier League,Liverpool FC,32.54757015742642,3380,38,1.2514792899408282,50000000.0,17.72753356339242,-0.16822660419347235,0.037002172549430376,0,2150.0,52854723.40501449,1.0570944681002898,0.04801878734674037
148928,Saúl Ñíguez,2024,Midfield,Spain - LaLiga,Sevilla FC,30.11362080766598,1555,24,0.405144694533762,3000000.0,14.914122846632385,-1.0944895176549285,0.5324145934333705,1,0.0,8952490.253064271,2.9841634176880905,0.41147372155460943
149928,Jubal,2024,Defender,France - Ligue 1,AJ Auxerre,31.342915811088297,2643,30,0.2043132803632236,2500000.0,14.73180128983843,-0.29541684989300343,0.22163861844294191,1,0.0,3464061.221095972,1.3856244884383888,0.1331938166873345
153084,Leon Goretzka,2024,Midfield,Germany - Bundesliga,Bayern Munich,29.90280629705681,1315,26,0.3422053231939163,22000000.0,16.90655301132259,0.6266118590496355,0.23139104111370598,0,1954.0,11602142.896853436,0.5273701316751561,0.3995553419232822
154147,Hauke Wahl,2024,Defender,Germany - Bundesliga,FC St. Pauli,30.715947980835043,2970,33,0.0,1500000.0,14.22097566607244,-1.2524150358509987,0.35902276793795884,0,2591.0,5346434.249151907,3.564289499434605,0.582634685983076
156990,Marco Friedl,2024,Defender,Germany - Bundesliga,SV Werder Bremen,26.798083504449007,2164,26,0.0,12000000.0,16.300417207752275,-0.10809655376197913,0.1654616358796257,0,2549.0,13112476.84181607,1.0927064034846725,0.18181884556571562
157672,Vladimír Coufal,2024,Defender,England - Premier League,West Ham United,32.36139630390144,1061,22,0.0,5000000.0,15.424948470398377,0.6841349574680344,0.5363394117688929,0,3018.0,2616315.0700704767,0.5232630140140954,0.5502755226093067
158863,Iñigo Martínez,2024,Defender,Spain - LaLiga,FC Barcelona,33.6290212183436,2493,28,0.1805054151624548,5000000.0,15.424948470398377,0.7239651193115355,0.20473225726340516,1,0.0,2515827.955034755,0.503165591006951,0.20310677591772988
159088,Robert Andrich,2024,Midfield,Germany - Bundesliga,Bayer 04 Leverkusen,30.27789185489391,1605,23,0.1682242990654205,9000000.0,16.012735135300492,0.49774118289693536,0.30354301617803114,0,2547.0,5566117.863110564,0.6184575403456182,0.26811710287272833
159471,Serge Gnabry,2024,Attack,Germany - Bundesliga,Bayern Munich,29.470225872689937,1236,27,0.8737864077669903,22000000.0,16.90655301132259,0.14304382616310463,0.24768984326081,0,1228.0,18354452.237791337,0.8342932835359699,0.29816330583793454
160241,Kevin Akpoguma,2024,Defender,Germany - Bundesliga,TSG 1899 Hoffenheim,29.7056810403833,2216,32,0.0,2500000.0,14.73180128983843,-0.5176348421634454,0.45903542993760593,1,58.0,4302009.070649598,1.7208036282598391,0.4947901321101819
160938,Marc Oliver Kempf,2024,Defender,Italy - Serie A,Como 1907,29.927446954141,2617,31,0.0,3000000.0,14.914122846632385,-0.44144610667231454,0.3085086599125302,0,2323.0,4769333.120482895,1.5897777068276315,0.24132946438990016
160963,Robin Zentner,2024,Goalkeeper,Germany - Bundesliga,1.FSV Mainz 05,30.17932922655715,2880,32,0.0,4000000.0,15.201804919084164,-0.7267901560219432,0.24691463876305195,1,877.0,8291328.252023099,2.072832063005775,0.21853316951559365
161056,Joshua Kimmich,2024,Midfield,Germany - Bundesliga,Bayern Munich,29.897330595482547,2847,33,0.3161222339304531,45000000.0,17.622173047734595,1.2774448485876104,0.04225160616743152,0,2282.0,12340565.06195533,0.2742347791545629,0.058021335315202496
161869,Djibril Sidibé,2024,Defender,France - Ligue 1,FC Toulouse,32.427104722792606,2105,28,0.1282660332541567,1000000.0,13.815510557964274,-0.30486546454531993,0.5780059138427256,0,2147.0,1416195.9641700499,1.41619596417005,0.5288338164952645
162434,Niklas Stark,2024,Defender,Germany - Bundesliga,SV Werder Bremen,29.71937029431896,2111,26,0.0426338228327806,4000000.0,15.201804919084164,-0.4778231729480571,0.39103241512473436,1,701.0,6525510.807366811,1.6313777018417026,0.30439450211273905
163744,Jack Stephens,2024,Defender,England - Premier League,Southampton FC,30.92950034223135,1394,19,0.0645624103299856,1500000.0,14.22097566607244,-0.6037640334898473,0.7423018120177516,1,0.0,2841084.0141482237,1.894056009432149,0.6722145889721984
164771,Jordan Veretout,2024,Midfield,France - Ligue 1,Olympique Lyon,31.838466803559207,1554,27,0.1158301158301158,4000000.0,15.201804919084164,0.08224137078343485,0.4423701843236214,1,0.0,3790843.0490390467,0.9477107622597617,0.46707754865643736
165513,Berat Djimsiti,2024,Defender,Italy - Serie A,Atalanta BC,31.86584531143053,2648,34,0.1019637462235649,6000000.0,15.60727002719233,0.34915951374068976,0.15513996374553315,0,2526.0,4338457.8675215775,0.7230763112535963,0.20494640506930695
165793,Takumi Minamino,2024,Attack,France - Ligue 1,AS Monaco,29.960301163586585,2245,31,0.3608017817371938,15000000.0,16.523560759066484,0.5221293918475487,0.20440397098345967,0,950.0,8891105.947590906,0.5927403965060604,0.2143242494753794
165895,Matteo Politano,2024,Attack,Italy - Serie A,SSC Napoli,31.41409993155373,2832,37,0.2542372881355932,10000000.0,16.11809565095832,0.03616738656101237,0.2010315481346318,0,2214.0,9603445.397391489,0.9603445397391489,0.17210404412309832
166237,Leandro Paredes,2024,Midfield,Italy - Serie A,Associazione Sportiva Roma,30.510609171800137,1371,22,0.262582056892779,5000000.0,15.424948470398377,0.046957369899070844,0.4125686649663587,1,0.0,4874242.6985070435,0.9748485397014087,0.36492224223927694
166601,Niklas Süle,2024,Defender,Germany - Bundesliga,Borussia Dortmund,29.3305954825462,1058,15,0.0,8000000.0,15.89495209964411,0.6067079196318623,0.40615492687629584,1,487.0,4467441.274783479,0.5584301593479348,0.4645357996673695
166683,Mamadou Sylla,2024,Attack,Spain - LaLiga,Real Valladolid CF,30.78713210130048,1583,29,0.341124447252053,1200000.0,13.997832114758229,-0.729700436703951,0.6882107940155363,1,0.0,2582379.650506133,2.1519830420884443,0.6277411303167236
167329,Alassane Pléa,2024,Attack,Germany - Bundesliga,Borussia Mönchengladbach,31.813826146475016,1916,30,0.7985386221294364,5000000.0,15.424948470398377,-0.08442653066979267,0.29059639941340343,1,0.0,5535938.958486325,1.107187791697265,0.22578218644978335
167491,Stefano Sabelli,2024,Defender,Italy - Serie A,Genoa CFC,31.96714579055441,2059,34,0.0874210781932977,1400000.0,14.151982794585487,-0.500562534493092,0.44657042198073904,0,919.0,2398705.7497383524,1.7133612498131088,0.4251163914102858
167799,Pierre-Emile Højbjerg,2024,Midfield,France - Ligue 1,Olympique Marseille,29.40999315537304,2666,30,0.2025506376594148,20000000.0,16.811242831518264,0.9010867002359912,0.10717595368324942,0,2715.0,8145890.130450008,0.40729450652250043,0.15939995476279423
169497,Juan Cruz,2024,Defender,Spain - LaLiga,CA Osasuna,32.42984257357974,1497,25,0.0,1500000.0,14.22097566607244,0.25063084409472225,0.5660865897199446,1,646.0,1219375.1909175671,0.8129167939450448,0.5699832808676903
169880,Giovanni Di Lorenzo,2024,Defender,Italy - Serie A,SSC Napoli,31.4113620807666,3330,37,0.1621621621621621,12000000.0,16.300417207752275,-0.029860078739808227,0.059193129129465276,0,2278.0,12171969.883724373,1.0143308236436976,0.09286329529675252
170472,Dimitri Foulquier,2024,Defender,Spain - LaLiga,Valencia CF,31.7782340862423,2297,32,0.0391815411406182,1500000.0,14.22097566607244,-0.5502507930739995,0.45557385195182026,0,1148.0,2695678.942484839,1.7971192949898926,0.5342340328937479
170481,Jean-Daniel Akpa Akpro,2024,Midfield,Italy - Serie A,AC Monza,32.224503764544835,971,14,0.0,500000.0,13.122363377404328,-0.8306915612774408,0.8625579753385484,0,1507.0,1198491.2163993935,2.396982432798787,0.7937409476274665
170911,Donovan Léon,2024,Goalkeeper,France - Ligue 1,AJ Auxerre,32.16153319644079,2880,32,0.0625,1000000.0,13.815510557964274,-0.9180918750386438,0.49540040215697356,0,2463.0,2597835.5658301082,2.5978355658301084,0.5356200176257109
170929,Massadio Haïdara,2024,Defender,France - Ligue 1,Stade Brestois 29,32.082135523613964,1680,22,0.0,1500000.0,14.22097566607244,0.3820008755515043,0.5559382368670592,1,0.0,1069209.8232495987,0.7128065488330658,0.6036449619098194
170934,Mario Lemina,2024,Midfield,England - Premier League,Wolverhampton Wanderers,31.3347022587269,1363,17,0.264123257520176,7500000.0,15.83041357850654,-0.05173909680405986,0.3920520781140989,1,0.0,7929778.081960519,1.0573037442614026,0.37012541463558135
170986,Raphaël Guerreiro,2024,Defender,Germany - Bundesliga,Bayern Munich,31.028062970568104,1583,23,0.3979785217940619,8000000.0,15.89495209964411,0.1474337253457132,0.3081939942351256,1,782.0,6966708.994007689,0.8708386242509611,0.3296422929837033
171679,Matt Doherty,2024,Defender,England - Premier League,Wolverhampton Wanderers,32.96098562628337,2112,30,0.1278409090909091,2000000.0,14.50865773852422,-0.4472263324035488,0.6047338968560001,1,792.0,3230669.0900654644,1.615334545032732,0.4886833095972865
173504,James Tarkowski,2024,Defender,England - Premier League,Everton FC,32.11772758384668,2924,33,0.0615595075239398,9000000.0,16.012735135300492,0.6156208128186877,0.11792740734980325,0,3330.0,4965499.9263587305,0.551722214039859,0.10718112069993359
173859,Davide Zappacosta,2024,Midfield,Italy - Serie A,Atalanta BC,32.558521560574945,2076,30,0.3034682080924855,5000000.0,15.424948470398377,0.38280933907510484,0.2783790141215264,0,2581.0,3514927.613868403,0.7029855227736805,0.30912333127996583
174196,Kenny Lala,2024,Defender,France - Ligue 1,Stade Brestois 29,33.24845995893224,2685,30,0.1675977653631285,2000000.0,14.50865773852422,-0.35326445775477566,0.276293753630559,0,2792.0,2946608.0722109624,1.4733040361054812,0.1640354615779038
175639,Jonathan Clauss,2024,Defender,France - Ligue 1,OGC Nice,32.26830937713895,2311,28,0.5062743401125054,5000000.0,15.424948470398377,-0.28704094815102943,0.199518554611619,0,2531.0,6732293.335613775,1.346458667122755,0.20835904983006404
175722,Eric Dier,2024,Defender,Germany - Bundesliga,Bayern Munich,30.96235455167693,1461,21,0.1848049281314168,8000000.0,15.89495209964411,0.5773473975835288,0.3144613386140138,1,687.0,4596723.762156095,0.5745904702695119,0.38231190126072007
177779,Janik Haberer,2024,Midfield,Germany - Bundesliga,1.FC Union Berlin,30.751540041067763,1704,28,0.0,2500000.0,14.73180128983843,-0.3954648021257281,0.5911795625464042,0,1652.0,3819425.0983190592,1.5277700393276237,0.5936691713642364
177907,Harry Maguire,2024,Defender,England - Premier League,Manchester United,31.82751540041068,1756,27,0.05125284738041,13000000.0,16.38045991542581,1.0543575175308018,0.3396298808267856,0,1655.0,4634820.192549788,0.35652463019613756,0.41622266849766476
181136,Piotr Zielinski,2024,Midfield,Italy - Serie A,Inter Milan,30.62012320328542,971,26,0.3707518022657054,10000000.0,16.11809565095832,0.3658056655031645,0.38374566523563935,0,2045.0,6998794.169718198,0.6998794169718198,0.428790510482204
181382,Abdoulaye Touré,2024,Midfield,France - Ligue 1,Le Havre AC,30.833675564681723,2331,28,0.4247104247104247,3000000.0,14.914122846632385,-0.7588578310165728,0.26847401104263163,1,741.0,6483811.781843902,2.1612705939479673,0.19059912439009283
181579,James Ward-Prowse,2024,Midfield,England - Premier League,West Ham United,30.168377823408623,1440,24,0.1875,8000000.0,15.89495209964411,-0.5640711683008242,0.4480377090799896,0,1097.0,13757103.903105123,1.7196379878881403,0.31796393007440166
181767,Marquinhos,2024,Defender,France - Ligue 1,Paris Saint-Germain,30.63655030800821,1725,22,0.1043478260869565,35000000.0,17.37085861945369,2.337564806793542,0.10578289852334648,0,1049.0,3484685.9079539166,0.09956245451296905,0.1293944079973815
181768,Hernani,2024,Midfield,Italy - Serie A,Parma Calcio 1913,30.76796714579056,1329,25,0.4063205417607223,1600000.0,14.28551418721001,-0.48722529425104444,0.5415510517171676,1,69.0,2699688.180867646,1.6873051130422787,0.5692145279456579
181778,Emerson,2024,Defender,England - Premier League,West Ham United,30.41478439425052,2125,31,0.1270588235294117,10000000.0,16.11809565095832,0.4675553237010952,0.2504077242845274,0,2113.0,6344962.453179033,0.6344962453179033,0.21124800441632205
182875,Jean-Charles Castelletto,2024,Defender,France - Ligue 1,FC Nantes,29.932922655715263,2622,30,0.0,3500000.0,15.068273526459642,-0.6508601305979469,0.2401044321037652,1,0.0,6778801.05399739,1.9368003011421113,0.2773223864730143
182904,Clément Lenglet,2024,Defender,Spain - LaLiga,Atlético de Madrid,29.544147843942504,1976,23,0.1366396761133603,7500000.0,15.83041357850654,-0.4826207280081847,0.30643505747132693,0,1393.0,11973751.01895997,1.5965001358613293,0.32999850981894335
182906,Mike Maignan,2024,Goalkeeper,Italy - Serie A,AC Milan,29.50034223134839,3295,37,0.0,25000000.0,17.034386382832476,0.38788281616834785,0.07264379551438722,0,3296.0,16432800.977128122,0.6573120390851249,0.09902312794448713
182913,Adrien Rabiot,2024,Midfield,France - Ligue 1,Olympique Marseille,29.749486652977414,2483,29,0.5074506645187273,25000000.0,17.034386382832476,0.0619346830584373,0.06727658027230532,0,2640.0,22348286.154987417,0.8939314461994967,0.10947090111253278
182916,Wesley Saïd,2024,Attack,France - Ligue 1,RC Lens,29.7056810403833,905,24,0.2983425414364641,3000000.0,14.914122846632385,-0.8604775099046642,0.7835270789129682,0,2013.0,7150743.584021778,2.383581194673926,0.7123686597380612
184892,Florian Thauvin,2024,Attack,Italy - Serie A,Udinese Calcio,31.9315537303217,1972,25,0.5020283975659229,5000000.0,15.424948470398377,-0.2458835068171643,0.3654163185054754,0,2462.0,6470388.942768916,1.294077788553783,0.4147702893191791
185077,Vincenzo Grifo,2024,Attack,Germany - Bundesliga,SC Freiburg,31.73716632443532,2455,34,0.6965376782077393,6000000.0,15.60727002719233,0.09227957659408714,0.18888470284640252,0,1715.0,5566099.005137614,0.9276831675229357,0.22331046895776482
186368,Valentino Lazaro,2024,Midfield,Italy - Serie A,Torino FC,28.774811772758383,2319,33,0.2716688227684347,4500000.0,15.319587954740548,-0.705274854680328,0.2955254478597954,0,2260.0,9092938.23478042,2.0206529410623153,0.2771962721462977
187097,Budu Zivzivadze,2024,Attack,Germany - Bundesliga,1. Fußballclub Heidenheim 1846,30.8145106091718,955,15,0.3769633507853403,2000000.0,14.50865773852422,-0.3512863277923617,0.6940922097705541,0,1147.0,2940898.755711758,1.470449377855879,0.67356475159282
187492,Julian Brandt,2024,Midfield,Germany - Bundesliga,Borussia Dortmund,28.66803559206023,2319,30,0.5821474773609314,25000000.0,17.034386382832476,-0.8211989830155402,0.11732365182020739,0,1608.0,50927244.51657027,2.0370897806628108,0.17559851459631737
187718,Clinton Mata,2024,Defender,France - Ligue 1,Olympique Lyon,32.15058179329227,2370,29,0.1518987341772152,3500000.0,15.068273526459642,0.4137478285762404,0.247568875830918,0,2836.0,2403387.8301521814,0.6866822371863376,0.1741861989208794
188077,Ryan Christie,2024,Midfield,England - Premier League,AFC Bournemouth,29.859000684462696,2131,29,0.2111684655091506,10000000.0,16.11809565095832,-0.27638657148129786,0.2785236407198292,0,986.0,12938714.486942839,1.293871448694284,0.23660290576021492
188888,Sheraldo Becker,2024,Attack,Spain - LaLiga,Real Sociedad,29.894592744695416,994,22,0.2716297786720322,2500000.0,14.73180128983843,-0.4926563761793883,0.7355018495370572,0,1104.0,4198718.940935908,1.679487576374363,0.6677686601149423
190284,Maximilian Eggestein,2024,Midfield,Germany - Bundesliga,SC Freiburg,28.06570841889117,2855,33,0.063047285464098,10000000.0,16.11809565095832,-0.2916833753972501,0.1198757346386717,0,3060.0,13128257.395685542,1.3128257395685543,0.15662683974188782
190289,Gerrit Holtmann,2024,Attack,Germany - Bundesliga,VfL Bochum,29.7741273100616,1138,23,0.2372583479789103,700000.0,13.458835614025542,-0.9669726762131532,0.8503701921400716,1,0.0,1917714.4315128669,2.739592045018381,0.7474344969824515
190393,Corentin Tolisso,2024,Midfield,France - Ligue 1,Olympique Lyon,30.41478439425052,2333,32,0.5400771538791256,12000000.0,16.300417207752275,0.283543835941098,0.13215912502877444,0,2307.0,9023620.18903691,0.7519683490864091,0.15142223365132412
191056,Brice Samba,2024,Goalkeeper,France - Ligue 1,Stade Rennais FC,30.688569472963724,2880,32,0.0,12000000.0,16.300417207752275,0.9978147275245832,0.09882491667030924,0,2880.0,4530213.688147247,0.3775178073456039,0.10476452946013655
192009,Unai López,2024,Midfield,Spain - LaLiga,Rayo Vallecano,29.17453798767967,1719,32,0.2094240837696334,2500000.0,14.73180128983843,-1.3155153178808163,0.5414892030304677,0,1619.0,9290556.787169535,3.716222714867814,0.44595799207895315
192080,Nick Pope,2024,Goalkeeper,England - Premier League,Newcastle United,32.70362765229295,2520,28,0.0,8000000.0,15.89495209964411,0.2757558087817631,0.3809055634294864,0,2417.0,6155884.740901772,0.7694855926127215,0.2881828216105514
192169,Jonas Föhrenbach,2024,Defender,Germany - Bundesliga,1. Fußballclub Heidenheim 1846,28.933607118412045,1832,27,0.0491266375545851,1500000.0,14.22097566607244,-0.9085794263605638,0.5081651485123996,0,2327.0,3827959.5511164567,2.551973034077638,0.5787352418564704
192279,Kepa Arrizabalaga,2024,Goalkeeper,England - Premier League,AFC Bournemouth,30.24777549623545,2790,31,0.0,10000000.0,16.11809565095832,-0.05425499459920857,0.33738716786356887,1,90.0,10470380.66063816,1.0470380660638159,0.2269995959034901
192492,Jordan Lefort,2024,Defender,France - Ligue 1,Angers SCO,31.39767282683093,3060,34,0.0294117647058823,1500000.0,14.22097566607244,-0.09801182950011578,0.3002263699870336,0,3060.0,1725178.0336796974,1.1501186891197983,0.25584409599759916
192557,Jackson Irvine,2024,Midfield,Germany - Bundesliga,FC St. Pauli,31.822039698836413,2610,29,0.1724137931034483,2000000.0,14.50865773852422,-0.6820396771569377,0.34629274291953877,0,1625.0,4062964.9888511035,2.0314824944255516,0.41605347654359637
192565,Leroy Sané,2024,Attack,Germany - Bundesliga,Bayern Munich,28.974674880219027,1634,30,0.9363525091799266,32000000.0,17.281246460764002,-0.2926554384427682,0.14220353093068533,1,0.0,39218823.16425683,1.225588223883026,0.12453135850153332
192616,Ulisses Garcia,2024,Defender,France - Ligue 1,Olympique Marseille,28.974674880219027,930,20,0.4838709677419354,5000000.0,15.424948470398377,-0.056466802663105664,0.4559913901873193,0,1155.0,5388135.926049122,1.0776271852098243,0.3773657839382342
192635,Nico Elvedi,2024,Defender,Germany - Bundesliga,Borussia Mönchengladbach,28.254620123203285,2136,25,0.0842696629213483,8000000.0,15.89495209964411,-0.8712151849626903,0.21393989516511003,0,2967.0,18400571.287791222,2.300071410973903,0.26851571883859193
192735,Stanislav Lobotka,2024,Midfield,Italy - Serie A,SSC Napoli,30.102669404517453,2649,32,0.0339750849377123,25000000.0,17.034386382832476,0.5772527865989567,0.08003255270697557,0,2438.0,13732437.415955879,0.5492974966382351,0.08442643529632823
192765,Ben Davies,2024,Defender,England - Premier League,Tottenham Hotspur,31.69062286105408,1330,17,0.0,6000000.0,15.60727002719233,0.8381184548315157,0.5456067503130302,1,138.0,2690190.339661854,0.44836505661030895,0.47691216129015157
193004,Waldemar Anton,2024,Defender,Germany - Bundesliga,Borussia Dortmund,28.4517453798768,1948,26,0.1848049281314168,18000000.0,16.70588231586044,0.3387708396273017,0.11228961570104051,0,2880.0,12606230.58324325,0.700346143513514,0.17996388704355853
193033,Tim Kleindienst,2024,Attack,Germany - Bundesliga,Borussia Mönchengladbach,29.3388090349076,2745,31,0.819672131147541,17000000.0,16.64872390202049,-0.5227494413076417,0.09141932100604121,1,6.0,26938463.61269232,1.58461550662896,0.11252439082732882
193082,Alejandro Grimaldo,2024,Defender,Germany - Bundesliga,Bayer 04 Leverkusen,29.28405201916496,2646,32,0.3401360544217687,30000000.0,17.216707939626428,0.5540323901617414,0.056507585190419825,0,2524.0,16686162.760392435,0.5562054253464145,0.07556419573146217
193098,Álex Moreno,2024,Defender,England - Premier League,Nottingham Forest,31.567419575633128,960,15,0.09375,7000000.0,15.761420707019589,0.5742655829088057,0.6154434694139966,0,2558.0,4048972.6458972897,0.5784246636996129,0.5543311033112126
193116,John McGinn,2024,Midfield,England - Premier League,Aston Villa,30.20670773442848,2231,34,0.2017032720753025,16000000.0,16.588099280204055,0.07119537569385015,0.19557770381935663,0,2158.0,14534025.48657593,0.9083765929109956,0.14350388846418202
193900,Marius Wolf,2024,Defender,Germany - Bundesliga,FC Augsburg,29.60164271047228,2163,32,0.1664355062413314,3000000.0,14.914122846632385,-0.47535144623122116,0.403723205057743,0,1012.0,4928842.2779712705,1.6429474259904235,0.4265853149091642
195488,Paulo Gazzaniga,2024,Goalkeeper,Spain - LaLiga,Girona FC,32.99931553730322,3195,36,0.0,2500000.0,14.73180128983843,-0.869284517778576,0.26327912745922105,0,3103.0,6049163.191400775,2.41966527656031,0.20904332028943348
195736,Florian Grillitsch,2024,Midfield,Spain - LaLiga,Real Valladolid CF,29.404517453798768,1226,21,0.0,2000000.0,14.50865773852422,-1.1038465567921296,0.6753501219942531,1,0.0,6116237.051603963,3.0581185258019814,0.6679343527646754
195778,Alexander Nübel,2024,Goalkeeper,Germany - Bundesliga,VfB Stuttgart,28.254620123203285,3060,34,0.0294117647058823,12000000.0,16.300417207752275,-0.45500735392421277,0.11947344519168512,0,3060.0,18214875.865872193,1.517906322156016,0.11752899118169884
196231,Marvin Friedrich,2024,Defender,Germany - Bundesliga,Borussia Mönchengladbach,29.05407255304586,980,22,0.0918367346938775,3500000.0,15.068273526459642,0.32517341588454673,0.5369315658669583,1,148.0,2622201.6552921073,0.7492004729406021,0.49410362830577176
196357,Jonathan Tah,2024,Defender,Germany - Bundesliga,Bayer 04 Leverkusen,28.88980150581793,2970,33,0.1212121212121212,30000000.0,17.216707939626428,0.44916961235154584,0.047729214943287905,0,2019.0,18424403.771398112,0.6141467923799371,0.049212346374180864
196792,Julian Weigl,2024,Midfield,Germany - Bundesliga,Borussia Mönchengladbach,29.31690622861054,2888,33,0.0623268698060941,6000000.0,15.60727002719233,-0.3760629891881564,0.18573914081142487,1,0.0,8738221.309933355,1.4563702183222258,0.2959056722365829
196793,Maximilian Wittek,2024,Defender,Germany - Bundesliga,VfL Bochum,29.36618754277892,2715,33,0.0331491712707182,1500000.0,14.22097566607244,-1.065964862891715,0.4494690199670205,1,0.0,4461784.258036306,2.974522838690871,0.5556659751905184
196813,Michael Zetterer,2024,Goalkeeper,Germany - Bundesliga,SV Werder Bremen,29.475701574264203,3060,34,0.0,4500000.0,15.319587954740548,-0.5603788257159654,0.24071478691913517,0,1975.0,7913147.074596165,1.7584771276880367,0.2101964409248175
197473,Alberto Grassi,2024,Midfield,Italy - Serie A,FC Empoli,29.82340862422998,2216,28,0.0812274368231047,1800000.0,14.403297222866392,-1.1821088352192253,0.49517790186949234,0,1755.0,5958230.515748439,3.3101280643046884,0.6305775967460332
197747,Alessio Romagnoli,2024,Defender,Italy - Serie A,Società Sportiva Lazio S.p.A.,29.97125256673512,2673,32,0.0673400673400673,7000000.0,15.761420707019589,-0.4206845612975276,0.18638956879569335,0,2667.0,10568363.975387381,1.5097662821981974,0.2424233401018069
197838,Jamie Vardy,2024,Attack,England - Premier League,Leicester City,37.973990417522245,2839,35,0.4121169425854174,1000000.0,13.815510557964274,-0.4393321553406384,0.5768439078396786,0,2108.0,1618794.3386281023,1.6187943386281023,0.26377865706378656
197929,Ivan Provedel,2024,Goalkeeper,Italy - Serie A,Società Sportiva Lazio S.p.A.,30.79534565366188,2610,29,0.0,3000000.0,14.914122846632385,-1.4742344938306324,0.3646586934046973,0,2430.0,12863574.899371343,4.2878582997904475,0.4580422724241228
198116,Federico Dimarco,2024,Defender,Italy - Serie A,Inter Milan,27.143052703627653,2197,33,0.5325443786982248,50000000.0,17.72753356339242,0.3538140795079512,0.06543007593573541,0,2704.0,32546567.302030876,0.6509313460406175,0.11187085097428615
199248,Bryan Cristante,2024,Midfield,Italy - Serie A,Associazione Sportiva Roma,29.83436002737851,2047,30,0.3077674645823156,7000000.0,15.761420707019589,-0.8066546762326925,0.2081593628997376,0,3103.0,15256575.583616797,2.1795107976595425,0.2135006667781434
199527,Jacob Murphy,2024,Attack,England - Premier League,Newcastle United,29.85352498288844,2382,35,0.7556675062972292,16000000.0,16.588099280204055,-0.8458087643817975,0.26607047637825354,0,1620.0,34426104.61797903,2.1516315386236893,0.2457499515890063
199704,Yunis Abdelhamid,2024,Defender,France - Ligue 1,AS Saint-Étienne,37.2621492128679,1003,16,0.0,400000.0,12.89921982609012,-1.0387725791714852,0.7873001508783456,1,0.0,1180583.1850570503,2.9514579626426256,0.7884352760246744
199733,Danilo Cataldi,2024,Midfield,Italy - Serie A,ACF Fiorentina,30.40657084188912,1740,25,0.1551724137931034,3500000.0,15.068273526459642,-0.1617147036789972,0.4420484722195277,0,1993.0,4221377.352704444,1.2061078150584126,0.46036816858197127
202228,Milos Veljkovic,2024,Defender,Germany - Bundesliga,SV Werder Bremen,29.267624914442163,1029,14,0.0874635568513119,3000000.0,14.914122846632385,-0.8260531613794848,0.5709204687336772,1,0.0,6917618.777064647,2.3058729256882153,0.5959132561848625
202886,Ruben Loftus-Cheek,2024,Midfield,Italy - Serie A,AC Milan,28.94182067077344,1032,19,0.0,10000000.0,16.11809565095832,0.8799453433845463,0.40721987814907745,0,1126.0,4255035.810328761,0.4255035810328761,0.453874518318905
203394,Andreas Pereira,2024,Midfield,England - Premier League,Fulham FC,29.00205338809035,2026,33,0.3553800592300098,18000000.0,16.70588231586044,-0.23159583526391936,0.24296881687726987,1,0.0,21625000.371880863,1.2013889095489367,0.21709296997289215
203746,Ruben Aguilar,2024,Defender,France - Ligue 1,RC Lens,31.685147159479808,1129,16,0.3188662533215234,3500000.0,15.068273526459642,-0.47284384346485364,0.4799572404982927,0,1731.0,5708553.386312366,1.6310152532321047,0.4291110816617693
204047,Matus Bero,2024,Midfield,Germany - Bundesliga,VfL Bochum,29.322381930184804,2570,30,0.245136186770428,3000000.0,14.914122846632385,-0.7748918598241175,0.2955326390526709,1,0.0,6584840.334136937,2.1949467780456455,0.34730391985007725
204103,Adama Traoré,2024,Attack,England - Premier League,Fulham FC,28.93634496919918,1770,36,0.4576271186440677,9000000.0,16.012735135300492,0.049850582867592586,0.46106062552671806,1,377.0,8568581.218550462,0.9520645798389402,0.44183882192392177
205938,Mario Pašalić,2024,Midfield,Italy - Serie A,Atalanta BC,29.894592744695416,1970,34,0.3197969543147208,10000000.0,16.11809565095832,-0.3223416264478307,0.2813287588405731,0,1931.0,13516369.272745712,1.3516369272745712,0.32405686199522254
206040,Raúl Jiménez,2024,Attack,England - Premier League,Fulham FC,33.661875427789184,2507,38,0.5384922217790188,5000000.0,15.424948470398377,0.5079824810213602,0.37089743805407765,0,2199.0,3109901.434401265,0.621980286880253,0.21001900931610373
206050,Paulo Dybala,2024,Attack,Italy - Serie A,Associazione Sportiva Roma,31.129363449692,1421,24,0.5700211118930331,8000000.0,15.89495209964411,-0.8049971418590038,0.4634311008176393,0,1356.0,17284783.959351324,2.1605979949189154,0.3612411640245865
206746,Kenny Tete,2024,Defender,England - Premier League,Fulham FC,29.232032854209447,1779,22,0.1011804384485666,13000000.0,16.38045991542581,0.9071290061968309,0.26811786635215307,0,1795.0,5346124.710935563,0.41124036237965866,0.30454781019153776
207014,Will Hughes,2024,Midfield,England - Premier League,Crystal Palace,29.711156741957563,2120,33,0.1698113207547169,7000000.0,15.761420707019589,-0.5274323884951166,0.40151620720866193,0,1568.0,11701089.97808766,1.6715842825839513,0.3508260365787449
207917,Alberto Moreno,2024,Defender,Italy - Serie A,Como 1907,32.492813141683776,1736,24,0.0,1500000.0,14.22097566607244,-0.3444326798291981,0.5996739502216266,0,1234.0,2201300.2590821525,1.4675335060547683,0.5452994801526598
210178,Pablo Marí,2024,Defender,Italy - Serie A,AC Monza,31.33744010951403,2726,32,0.0,3500000.0,15.068273526459642,-0.0722291385159548,0.22592357982715786,1,809.0,3869036.049133739,1.1054388711810683,0.19429942615534812
211474,Ali Abdi,2024,Defender,France - Ligue 1,OGC Nice,31.033538672142367,1397,25,0.4509663564781675,3000000.0,14.914122846632385,-0.3396101562181091,0.47509424763113556,0,1165.0,4320026.415738075,1.440008805246025,0.4701768279641594
212723,Djibril Sow,2024,Midfield,Spain - LaLiga,Sevilla FC,27.90143737166325,2070,30,0.1304347826086956,7500000.0,15.83041357850654,-0.29491295383768357,0.30128045630308936,0,2195.0,10010378.58621382,1.3347171448285093,0.36860603207603615
212804,Florian Tardieu,2024,Midfield,France - Ligue 1,AS Saint-Étienne,32.695414099931554,1222,24,0.44189852700491,600000.0,13.304684934198283,-1.1533654064157695,0.8105961715289048,1,0.0,1979852.9059893235,3.2997548433155393,0.687910609913088
212862,Álex Remiro,2024,Goalkeeper,Spain - LaLiga,Real Sociedad,29.77686516084873,3240,36,0.0,18000000.0,16.70588231586044,-0.5588059990808922,0.07954008920758521,0,3330.0,29394509.032276202,1.6330282795709001,0.08780074000126185
213260,Rubén García,2024,Attack,Spain - LaLiga,CA Osasuna,31.468856947296374,2433,36,0.3699136868064118,2000000.0,14.50865773852422,-1.1610812777947963,0.495685615957992,0,2247.0,6463571.708739546,3.231785854369773,0.47351619781412096
213670,Lucas Torró,2024,Midfield,Spain - LaLiga,CA Osasuna,30.455852156057496,2963,35,0.091123860951738,3000000.0,14.914122846632385,-1.1679807549909018,0.2779743012973537,0,2307.0,9605056.422976645,3.201685474325548,0.290139341908655
215599,Lukas Klostermann,2024,Defender,Germany - Bundesliga,RB Leipzig,28.580424366872005,1834,28,0.0490730643402399,8000000.0,15.89495209964411,0.5989191681676402,0.28251200917774205,1,95.0,4501386.119598027,0.5626732649497534,0.3383966854209102
215977,Adrien Thomasson,2024,Midfield,France - Ligue 1,RC Lens,31.06091718001369,2625,33,0.3428571428571428,5000000.0,15.424948470398377,-0.6856251363534418,0.29057846266467524,0,2691.0,9870184.898499377,1.9740369796998753,0.2267301201997513
216569,Jérémie Boga,2024,Attack,France - Ligue 1,OGC Nice,27.99452429842573,1057,21,0.1702932828760643,10000000.0,16.11809565095832,-0.21209765307302897,0.5127430185272217,0,1322.0,12170996.706548568,1.2170996706548567,0.4689968850733028
217115,Neal Maupay,2024,Attack,France - Ligue 1,Olympique Marseille,28.383299110198493,1043,22,0.6903163950143816,8000000.0,15.89495209964411,-0.418042749377995,0.45894558917052214,1,872.0,11973301.076746127,1.4966626345932659,0.3845370522013385
220878,Issiaga Sylla,2024,Defender,France - Ligue 1,Montpellier HSC,31.000684462696785,1133,19,0.0794351279788173,1500000.0,14.22097566607244,-1.0695783706162714,0.7410094860235614,1,0.0,4477481.834959981,2.9849878899733207,0.702263941556965
221025,André Gomes,2024,Midfield,France - Ligue 1,LOSC Lille,31.42505133470226,1281,20,0.0,6000000.0,15.60727002719233,1.0648374505386924,0.44635384138803236,1,7.0,2151956.8372468464,0.3586594728744744,0.6081737884270191
221150,Dakonam Djené,2024,Defender,Spain - LaLiga,Getafe CF,33.00479123887748,2553,31,0.0,1800000.0,14.403297222866392,-0.5205476550405645,0.32045966476250953,0,2585.0,3130921.05210112,1.7394005845006222,0.3031759549313669
221311,Iván Sánchez,2024,Attack,Spain - LaLiga,Real Valladolid CF,32.27378507871321,1396,32,0.1934097421203438,600000.0,13.304684934198283,-0.5995992866886581,0.8214589805104577,1,0.0,1141450.4937353022,1.902417489558837,0.683451460519023
221316,Lucas Vázquez,2024,Defender,Spain - LaLiga,Real Madrid,33.50581793292265,2193,32,0.2462380300957592,3000000.0,14.914122846632385,-0.39659973613825095,0.4108424985809361,1,479.0,4566095.069504768,1.5220316898349227,0.3214791533771492
221322,José Gayà,2024,Defender,Spain - LaLiga,Valencia CF,29.607118412046542,1810,23,0.0497237569060773,9000000.0,16.012735135300492,0.1797665626738305,0.27805018177044843,0,2462.0,7563720.435512489,0.8404133817236099,0.3464346959283562
222855,Jesper Karlström,2024,Midfield,Italy - Serie A,Udinese Calcio,29.533196440793976,3190,37,0.0846394984326018,4000000.0,15.201804919084164,-0.39273486662586343,0.19070480172650325,0,3153.0,6011036.315414088,1.502759078853522,0.18493932336925273
223967,Konrad Laimer,2024,Defender,Germany - Bundesliga,Bayern Munich,27.60027378507872,1697,29,0.2651738361814967,25000000.0,17.034386382832476,1.0385263539866663,0.14365505862007086,0,1997.0,8843765.432645924,0.35375061730583696,0.2662031609661492
223974,Stefan Posch,2024,Defender,Italy - Serie A,Bologna Football Club 1909,27.63586584531143,1097,19,0.0,8000000.0,15.89495209964411,-0.10323052337084526,0.39037599768485787,0,1779.0,8863470.787077736,1.107933848384717,0.41101535486854
225122,Gonçalo Guedes,2024,Attack,England - Premier League,Wolverhampton Wanderers,28.09034907597536,987,29,0.547112462006079,11000000.0,16.213405830762646,0.06348731251574469,0.6244444331466332,0,1832.0,10248417.927732669,0.9316743570666063,0.4561044923106451
225657,Philipp Lienhart,2024,Defender,Germany - Bundesliga,SC Freiburg,28.476386036960985,2771,32,0.032479249368459,12000000.0,16.300417207752275,0.08539363186870386,0.15165096326492564,0,1301.0,10905697.797714705,0.9088081498095587,0.18507113906291683
225873,Karol Linetty,2024,Midfield,Italy - Serie A,Torino FC,29.913757700205338,1544,28,0.116580310880829,1800000.0,14.403297222866392,-1.077124263674405,0.609817631963906,1,0.0,5382954.238063532,2.990530132257518,0.6130484011367782
226012,David Soria,2024,Goalkeeper,Spain - LaLiga,Getafe CF,31.745379876796715,3420,38,0.0,3000000.0,14.914122846632385,-1.4754397347170292,0.19298749399009774,0,3420.0,12878326.8420355,4.292775614011833,0.30221497902721994
226524,Morten Thorsby,2024,Midfield,Italy - Serie A,Genoa CFC,28.65982203969884,1903,30,0.047293746715712,3000000.0,14.914122846632385,-0.6176621357327048,0.5578670726443011,0,1374.0,5657264.305983337,1.8857547686611122,0.48285353700223826
227084,Benedikt Gimber,2024,Defender,Germany - Bundesliga,1. Fußballclub Heidenheim 1846,27.86584531143053,2677,32,0.0,3000000.0,14.914122846632385,-1.023905026017942,0.3092199276272057,0,1437.0,8366710.162610634,2.788903387536878,0.3968267378859876
228948,Thilo Kehrer,2024,Defender,France - Ligue 1,AS Monaco,28.27926078028748,2384,27,0.1510067114093959,20000000.0,16.811242831518264,0.5746153737029434,0.12269057511703436,0,2358.0,11132794.633139983,0.5566397316569991,0.11089027295750878
229006,Franck Honorat,2024,Attack,Germany - Bundesliga,Borussia Mönchengladbach,28.39151266255989,1455,19,0.8041237113402061,12000000.0,16.300417207752275,-0.8176045089520259,0.23009701610562397,0,1988.0,25622050.75091323,2.1351708959094355,0.24553863751357527
229604,Gerónimo Rulli,2024,Goalkeeper,France - Ligue 1,Olympique Marseille,32.61875427789185,3060,34,0.0,8000000.0,15.89495209964411,1.2262320104160667,0.17469822536593874,0,2610.0,2437209.7301726425,0.3046512162715803,0.2822340279351595
229804,Aritz Elustondo,2024,Defender,Spain - LaLiga,Real Sociedad,30.765229295003422,1456,22,0.0,3000000.0,14.914122846632385,0.1452682854550238,0.5089092838674221,1,718.0,2689405.5652214293,0.8964685217404764,0.4834136467531726
230784,Thomas Partey,2024,Midfield,England - Premier League,Arsenal FC,31.55373032169747,2800,35,0.1928571428571428,14000000.0,16.454567887579532,0.8381664487827005,0.13483613151981452,0,923.0,6139295.724100934,0.43852112315006675,0.1392638827376832
231572,Nélson Semedo,2024,Defender,England - Premier League,Wolverhampton Wanderers,31.12662559890486,2896,34,0.1243093922651933,9000000.0,16.012735135300492,0.22314161154263035,0.14524754577438156,1,0.0,7254667.929295684,0.8060742143661871,0.12339890883844837
232320,Atakan Karazor,2024,Midfield,Germany - Bundesliga,VfB Stuttgart,28.21902806297057,2626,32,0.2056359482102056,12000000.0,16.300417207752275,-0.44644860577664636,0.1240246177761669,0,1891.0,18068247.205108758,1.5056872670923964,0.1397584730108506
232418,Ondrej Duda,2024,Midfield,Italy - Serie A,Hellas Verona,30.07529089664613,2403,28,0.1872659176029962,3500000.0,15.068273526459642,-0.791524478689412,0.29075281429118943,1,0.0,7761299.357803193,2.2175141022294835,0.19617994632150934
232454,Nadiem Amiri,2024,Midfield,Germany - Bundesliga,1.FSV Mainz 05,28.18069815195072,2484,30,0.4347826086956521,20000000.0,16.811242831518264,0.6734983964784922,0.10024169010026261,0,2092.0,10129893.396238502,0.5064946698119251,0.11917884234123576
234509,André Onana,2024,Goalkeeper,England - Premier League,Manchester United,28.750171115674195,3060,34,0.0,25000000.0,17.034386382832476,0.2175382774498109,0.11677138373495369,1,0.0,19301940.327543117,0.7720776131017247,0.06663310747821913
234523,Antonio Sanabria,2024,Attack,Italy - Serie A,Torino FC,28.829568788501028,1319,26,0.2047005307050796,2800000.0,14.845129975145433,-0.8541492151034507,0.6509252350072018,0,940.0,6650323.307536199,2.375115466977214,0.6018316861820808
234803,Andrew Robertson,2024,Defender,England - Premier League,Liverpool FC,30.811772758384667,2492,33,0.0361155698234349,18000000.0,16.70588231586044,0.8833561794110736,0.20547829421485247,0,1172.0,7488158.793164744,0.4160088218424858,0.1831947725132635
234811,Rui Silva,2024,Goalkeeper,Spain - LaLiga,Real Betis Balompié,30.899383983572896,1350,15,0.0,5000000.0,15.424948470398377,0.45202611032845974,0.4195029110658331,1,0.0,3284975.0074278484,0.6569950014855697,0.38242551182551776
235931,Alessandro Deiola,2024,Midfield,Italy - Serie A,Cagliari Calcio,29.42094455852156,1429,29,0.1889433170048985,1600000.0,14.28551418721001,-1.235304738257296,0.6766633627354696,0,1435.0,5597573.359539315,3.498483349712072,0.6291945603169629
236490,Ola Aina,2024,Defender,England - Premier League,Nottingham Forest,28.23271731690623,3002,35,0.0899400399733511,22000000.0,16.90655301132259,0.35522573551229497,0.1283072539522873,0,1590.0,15016298.628200367,0.6825590285545622,0.1134769561772974
237662,Breel Embolo,2024,Attack,France - Ligue 1,AS Monaco,27.87953456536619,1844,29,0.5368763557483731,12000000.0,16.300417207752275,-0.01107558582228485,0.27759977179232154,0,1873.0,11956185.128221042,0.9963487606850868,0.2549915286437927
238223,Ederson,2024,Goalkeeper,England - Premier League,Manchester City,31.37577002053388,2321,26,0.1551055579491598,20000000.0,16.811242831518264,0.6437695067954774,0.16250460584534576,1,0.0,10421723.15957006,0.521086157978503,0.07693219720528988
238266,Duje Caleta-Car,2024,Defender,France - Ligue 1,Olympique Lyon,28.290212183436,1585,19,0.056782334384858,7000000.0,15.761420707019589,0.08972950785168532,0.325797222240496,0,2150.0,6475753.196845226,0.925107599549318,0.38854612321707566
238407,Alexander Sørloth,2024,Attack,Spain - LaLiga,Atlético de Madrid,29.07597535934292,1561,35,1.2684176809737346,25000000.0,17.034386382832476,-0.5328084654198362,0.1316489694469266,0,1981.0,38974980.7234679,1.558999228938716,0.23825085326737205
238537,Wladimiro Falcone,2024,Goalkeeper,Italy - Serie A,US Lecce,29.724845995893222,3420,38,0.0,3500000.0,15.068273526459642,-1.3631461554737636,0.17535466705439937,0,3420.0,13401060.767832104,3.8288745050948867,0.23515277619551433
238993,Simone Scuffet,2024,Goalkeeper,Italy - Serie A,Cagliari Calcio,28.588637919233403,1260,14,0.0,2000000.0,14.50865773852422,-0.5419401118768903,0.6303131520470493,1,630.0,3544087.836845704,1.772043918422852,0.6505521901134368
239743,Przemyslaw Frankowski,2024,Defender,France - Ligue 1,RC Lens,29.724845995893222,1389,18,0.3887688984881209,8000000.0,15.89495209964411,0.006484297135339823,0.26079923951708067,0,1217.0,7978018.200204981,0.9972522750256225,0.4247237997269336
239802,Adam Marusic,2024,Defender,Italy - Serie A,Società Sportiva Lazio S.p.A.,32.20807665982204,2333,35,0.1928846978139734,3500000.0,15.068273526459642,-0.5305922632533928,0.23331805733217403,0,2783.0,6036206.378756273,1.7246303939303635,0.1882546580472383
239962,Denis Vavro,2024,Defender,Germany - Bundesliga,VfL Wolfsburg,28.72826830937714,2462,29,0.0731112916328188,7000000.0,15.761420707019589,0.07516391315725013,0.19987400452328785,0,1175.0,6567353.937999904,0.9381934197142721,0.21249292192894065
240306,Bruno Fernandes,2024,Midfield,England - Premier League,Manchester United,30.31622176591376,3023,36,0.5656632484287132,50000000.0,17.72753356339242,0.5650491781394891,0.040584254052313896,0,3068.0,26712538.13934033,0.5342507627868066,0.0470007523466502
240414,Alex Meret,2024,Goalkeeper,Italy - Serie A,SSC Napoli,27.78097193702943,3006,34,0.0,18000000.0,16.70588231586044,-0.3774713715993001,0.10563949284082486,0,980.0,24802165.3610103,1.3778980756116834,0.11196861581711941
240692,Reinildo Mandava,2024,Defender,Spain - LaLiga,Atlético de Madrid,30.94592744695414,935,19,0.0,5000000.0,15.424948470398377,1.0891176624203531,0.4521954130551672,0,1969.0,1754228.237750383,0.35084564755007663,0.6052318012130853
241076,Emmanuel Gyasi,2024,Midfield,Italy - Serie A,FC Empoli,30.973305954825463,3225,37,0.1395348837209302,1400000.0,14.151982794585487,-1.4243518501085393,0.3450403543762399,1,0.0,5906234.712389216,4.218739080278011,0.5960415754683838
241641,Bernardo Silva,2024,Midfield,England - Premier League,Manchester City,30.39561943874059,2668,33,0.2698650674662669,38000000.0,17.45309671769066,0.44665932844449907,0.10422706659354174,0,2888.0,23073829.001829136,0.6072060263639246,0.07383801028589554
241923,Lorenzo Montipò,2024,Goalkeeper,Italy - Serie A,Hellas Verona,28.865160848733744,3240,36,0.0,2000000.0,14.50865773852422,-2.522557323609148,0.31602619595825965,0,3150.0,23617292.17976681,11.808646089883405,0.5314026579936885
242086,Patrik Schick,2024,Attack,Germany - Bundesliga,Bayer 04 Leverkusen,28.93908281998631,1686,31,1.1743772241992882,27000000.0,17.111347423968603,0.12631942694577214,0.15881107691952315,0,1996.0,22614127.17584431,0.8375602657720116,0.16561464198029305
242273,Pedro Chirivella,2024,Midfield,France - Ligue 1,FC Nantes,27.61122518822724,2363,30,0.0761743546339399,5000000.0,15.424948470398377,-0.40764459141602716,0.24215088307665278,1,0.0,7560990.33473342,1.512198066946684,0.2611859467794225
242631,Alex Iwobi,2024,Attack,England - Premier League,Fulham FC,28.6652977412731,2998,38,0.4503002001334223,28000000.0,17.14771506813948,0.1825797105347069,0.10789691767330123,0,2436.0,22195042.851088062,0.7926801018245736,0.059549002433526184
242661,Manolis Saliakas,2024,Defender,Germany - Bundesliga,FC St. Pauli,28.303901437371664,2324,30,0.1549053356282272,3000000.0,14.914122846632385,-0.478123291932969,0.32603237986205447,0,1110.0,4942111.1446381705,1.6473703815460568,0.3539073356075377
242940,Edoardo Goldaniga,2024,Defender,Italy - Serie A,Como 1907,31.16495550992471,2529,32,0.0355871886120996,3000000.0,14.914122846632385,-0.16320651659138985,0.3684340910049464,1,14.0,3637806.5365408766,1.212602178846959,0.3684382941425258
243028,Jan Bednarek,2024,Defender,England - Premier League,Southampton FC,28.72279260780288,2535,30,0.0710059171597633,9000000.0,16.012735135300492,-0.043672218663292295,0.2586057527153894,1,0.0,9371756.444795527,1.0413062716439474,0.21733095075068373
243714,Kingsley Coman,2024,Attack,Germany - Bundesliga,Bayern Munich,28.553045859000683,1280,28,0.6328125,30000000.0,17.216707939626428,1.413281737214692,0.2154116901704144,1,0.0,7351859.451416444,0.24506198171388147,0.28041341347828364
243760,Álex Muñoz,2024,Defender,Spain - LaLiga,UD Las Palmas,30.42573579739904,1420,21,0.1901408450704225,1000000.0,13.815510557964274,-0.8766086625032958,0.6819993967603214,1,0.0,2493984.106636518,2.493984106636518,0.6898505225989564
245056,Saša Lukić,2024,Midfield,England - Premier League,Fulham FC,28.386036960985628,2360,30,0.0762711864406779,14000000.0,16.454567887579532,0.22832152093847924,0.30412629857539186,0,1734.0,11023097.840381132,0.7873641314557952,0.21095032235251251
245744,Takuma Asano,2024,Attack,Spain - LaLiga,RCD Mallorca,30.143737166324435,1059,21,0.254957507082153,2500000.0,14.73180128983843,-0.5626119273385766,0.6668599327521032,1,659.0,4494306.365213299,1.7977225460853197,0.6415949247011484
246291,Diego Llorente,2024,Defender,Spain - LaLiga,Real Betis Balompié,31.378507871321013,2521,30,0.0714002380007933,6000000.0,15.60727002719233,0.0687464650098506,0.20372608119797153,0,1227.0,5694252.782840416,0.9490421304734027,0.27546623598224373
246968,Ayoze Pérez,2024,Attack,Spain - LaLiga,Villarreal CF,31.42778918548939,1976,30,0.9564777327935222,10000000.0,16.11809565095832,-0.3347411108145941,0.1587810538226725,0,1122.0,13676510.62106547,1.367651062106547,0.16699621719194227
247555,Edimilson Fernandes,2024,Midfield,France - Ligue 1,Stade Brestois 29,28.71457905544148,1103,19,0.0815956482320942,3000000.0,14.914122846632385,-0.5577042841065478,0.6480784723486854,1,0.0,5338345.633180778,1.7794485443935926,0.6003589765921501
247915,Jonas Omlin,2024,Goalkeeper,Germany - Bundesliga,Borussia Mönchengladbach,30.9760438056126,979,12,0.0,2500000.0,14.73180128983843,0.3988194075176761,0.5695445085471527,1,0.0,1749281.1830006156,0.6997124732002462,0.6178208503230235
248454,Nikola Vasilj,2024,Goalkeeper,Germany - Bundesliga,FC St. Pauli,29.08418891170432,2970,33,0.0,3500000.0,15.068273526459642,-0.9189038840585195,0.31300317702037156,0,3060.0,8770479.669901475,2.5058513342575646,0.22330583744364116
248732,Paweł Dawidowicz,2024,Defender,Italy - Serie A,Hellas Verona,29.620807665982205,1848,26,0.0,2500000.0,14.73180128983843,-0.15061547306725265,0.4406357112324966,1,0.0,3006402.1585338986,1.2025608634135594,0.49187884662489395
248738,Sergio Herrera,2024,Goalkeeper,Spain - LaLiga,CA Osasuna,31.575633127994525,3330,37,0.0,3000000.0,14.914122846632385,-0.7965938441628144,0.2437665090513806,0,3285.0,6724040.961787057,2.2413469872623524,0.27444434232938675
248999,Lucas Höler,2024,Attack,Germany - Bundesliga,SC Freiburg,30.480492813141684,1869,31,0.4333868378812199,3000000.0,14.914122846632385,-0.11490095623756735,0.43257934531303527,0,2044.0,3470178.273183468,1.1567260910611559,0.3301778845474069
249089,Lewis Cook,2024,Midfield,England - Premier League,AFC Bournemouth,27.90965092402464,2978,36,0.1208865010073875,15000000.0,16.523560759066484,0.17400308935782105,0.14191557630210477,1,872.0,12397417.646561986,0.8264945097707991,0.09077464334134307
249126,Harry Winks,2024,Midfield,England - Premier League,Leicester City,28.914442162902123,1540,22,0.1168831168831168,10000000.0,16.11809565095832,0.6252558880476484,0.3947835945042575,1,0.0,5448056.150596479,0.5448056150596479,0.3552201376346635
249513,Diego Rico,2024,Defender,Spain - LaLiga,Getafe CF,31.854893908282,2820,33,0.0957446808510638,1200000.0,13.997832114758229,-1.5721820027898739,0.39787026599359804,0,1754.0,5870269.4531843625,4.8918912109869686,0.4276563929814488
249565,Youri Tielemans,2024,Midfield,England - Premier League,Aston Villa,27.65503080082136,3032,36,0.2968337730870712,38000000.0,17.45309671769066,0.053998578747386894,0.09915492554678339,0,1863.0,33326488.160566755,0.8770128463307041,0.05195935235274535
249636,Gautier Lloris,2024,Defender,France - Ligue 1,Le Havre AC,29.45927446954141,2770,31,0.0974729241877256,3000000.0,14.914122846632385,-0.690914748486144,0.23611969800954033,0,2400.0,6072294.651237278,2.024098217079093,0.30806068384182733
249730,Guillermo Maripán,2024,Defender,Italy - Serie A,Torino FC,30.65845311430527,2341,28,0.0768902178556172,4000000.0,15.201804919084164,-0.1781307458904342,0.2777295601498995,0,2145.0,4883446.757227535,1.2208616893068838,0.2308882660642044
249994,José Sá,2024,Goalkeeper,England - Premier League,Wolverhampton Wanderers,31.956194387405887,2610,29,0.0,7000000.0,15.761420707019589,-0.05120036608384426,0.2611326466311936,0,2070.0,7417169.054541827,1.059595579220261,0.1337389456643209
250013,Angelo Fulgini,2024,Midfield,France - Ligue 1,RC Lens,28.366872005475702,1043,23,0.1725790987535954,5000000.0,15.424948470398377,-0.6396684657704683,0.6111735587483098,1,0.0,9445682.4906633,1.88913649813266,0.5571673149530034
250426,Adam Armstrong,2024,Attack,England - Premier League,Southampton FC,27.89048596851472,1254,20,0.2870813397129186,14000000.0,16.454567887579532,1.086168095069746,0.41656341618645626,0,1147.0,4829092.831423482,0.34493520224453444,0.49092620216965954
250779,Brendan Chardonnet,2024,Defender,France - Ligue 1,Stade Brestois 29,30.028747433264886,2417,27,0.0372362432767894,6000000.0,15.60727002719233,0.16615023670246032,0.16485767334038295,0,2547.0,5181898.361598168,0.8636497269330279,0.12741156205476367
250845,José María Giménez,2024,Defender,Spain - LaLiga,Atlético de Madrid,29.949349760438057,1994,27,0.0451354062186559,20000000.0,16.811242831518264,1.1318318976043695,0.15975444128258456,0,1177.0,6524144.440809024,0.32620722204045116,0.22414548205952134
251075,Zeki Çelik,2024,Defender,Italy - Serie A,Associazione Sportiva Roma,27.871321013004792,2262,31,0.0795755968169761,6000000.0,15.60727002719233,-0.35951199399273603,0.2882997274269377,0,2731.0,8600663.780337036,1.433443963389506,0.2709344802125489
251299,Finn Dahmen,2024,Goalkeeper,Germany - Bundesliga,FC Augsburg,26.76796714579056,1710,19,0.0,9000000.0,16.012735135300492,0.6228468104139635,0.27565406239245244,0,3060.0,4930822.036944548,0.5478691152160609,0.2689131922492207
251302,Niklas Dorsch,2024,Midfield,Germany - Bundesliga,1. Fußballclub Heidenheim 1846,26.96235455167693,1378,23,0.2612481857764877,3500000.0,15.068273526459642,-0.43170442071446624,0.47571331017902657,0,2269.0,5485825.872691123,1.5673788207688921,0.35134052358851925
251303,Johannes Eggestein,2024,Attack,Germany - Bundesliga,FC St. Pauli,26.652977412731005,1867,27,0.337439742903053,2500000.0,14.73180128983843,-0.578961260498287,0.5098344812078327,1,0.0,4566272.3659058185,1.8265089463623274,0.5178383836227367
251322,Philipp Köhn,2024,Goalkeeper,France - Ligue 1,AS Monaco,26.751540041067763,1710,19,0.0,5000000.0,15.424948470398377,0.37624117934211254,0.4072578313499381,0,1619.0,3537549.9213248254,0.707509984264965,0.49356379131668315
251876,Pablo Maffeo,2024,Defender,Spain - LaLiga,RCD Mallorca,27.47433264887064,2375,30,0.0757894736842105,5000000.0,15.424948470398377,-1.0334754697462123,0.32798358867666527,0,2672.0,13749275.989998147,2.7498551979996293,0.35129883877158086
251878,Aarón Martín,2024,Defender,Italy - Serie A,Genoa CFC,27.696098562628336,3088,36,0.233160621761658,6500000.0,15.687312734865866,-0.5512891534090261,0.15434847232236068,0,2161.0,11153779.098642131,1.7159660151757126,0.1636375005069709
253677,Tyrone Mings,2024,Defender,England - Premier League,Aston Villa,31.805612594113622,1121,14,0.0,5000000.0,15.424948470398377,0.37566228276346303,0.46597558752722806,0,1323.0,3539550.6010267916,0.7079101202053584,0.5101117220077797
255488,Yeray Álvarez,2024,Defender,Spain - LaLiga,Athletic Bilbao,29.93839835728953,1781,21,0.0505334081976417,7000000.0,15.761420707019589,0.34567665791394164,0.31305291444902666,1,514.0,5056010.111942338,0.7222871588489054,0.32976646551462685
255508,Iñaki Williams,2024,Attack,Spain - LaLiga,Athletic Bilbao,30.548939082819988,2653,35,0.4749340369393139,15000000.0,16.523560759066484,-0.1254502186313564,0.11056827469454125,0,2168.0,16471835.505843343,1.0981223670562228,0.15951223747624127
255788,Cameron Burgess,2024,Defender,England - Premier League,Ipswich Town,29.19917864476386,1540,18,0.1168831168831168,2000000.0,14.50865773852422,-1.233556528040011,0.6986273020696891,1,0.0,6931212.26831046,3.4656061341552302,0.6045905021004588
255838,Patrick Ciurria,2024,Midfield,Italy - Serie A,AC Monza,29.894592744695416,1107,21,0.1626016260162601,1500000.0,14.22097566607244,-1.0124179371532334,0.7364114725003665,1,0.0,4235388.485132981,2.8235923234219875,0.6577291289208719
255901,Rodrigo De Paul,2024,Midfield,Spain - LaLiga,Atlético de Madrid,30.60917180013689,2112,34,0.3409090909090909,25000000.0,17.034386382832476,0.7472807040425948,0.11482727652195517,1,0.0,11681623.919388764,0.4672649567755505,0.1621911042101597
255906,Scott McKenna,2024,Defender,Spain - LaLiga,UD Las Palmas,28.136892539356605,2467,29,0.0,4000000.0,15.201804919084164,0.26776308648773783,0.2644838323574537,1,0.0,3162335.7197950333,0.7905839299487584,0.23470818164086174
255942,Nicolò Barella,2024,Midfield,Italy - Serie A,Inter Milan,27.89869952087611,2498,33,0.3242594075260208,75000000.0,18.132998671500584,0.6412642150787589,0.040146307135977326,0,2533.0,36331883.78326649,0.4844251171102199,0.05839319901798542
256267,Vedat Muriqi,2024,Attack,Spain - LaLiga,RCD Mallorca,30.691307323750856,2067,29,0.3918722786647315,5000000.0,15.424948470398377,-0.500433927100874,0.3540772089990364,0,3137.0,8265806.4158047605,1.6531612831609521,0.39870149423796086
256448,Gianluca Mancini,2024,Defender,Italy - Serie A,Associazione Sportiva Roma,28.709103353867214,3144,37,0.0858778625954198,15000000.0,16.523560759066484,-0.6234706921923809,0.07353515638132875,0,3066.0,26328481.11414121,1.7552320742760807,0.13102318731485452
257062,Álvaro García,2024,Attack,Spain - LaLiga,Rayo Vallecano,32.18069815195072,2565,36,0.3157894736842105,2000000.0,14.50865773852422,-0.9651178188330287,0.3796653433897423,0,2108.0,5348427.01067632,2.6742135053381597,0.40701884467144434
257376,Domingos Duarte,2024,Defender,Spain - LaLiga,Getafe CF,29.815195071868583,1861,22,0.0483610961848468,800000.0,13.592367006650065,-1.9580634202072869,0.7318968842928213,0,2929.0,5760190.077071842,7.200237596339802,0.7028803865994939
257474,Vanja Milinković-Savić,2024,Goalkeeper,Italy - Serie A,Torino FC,27.863107460643395,3330,37,0.0,16000000.0,16.588099280204055,-0.12343369866579534,0.07946230208410773,0,2430.0,17475069.579916418,1.0921918487447762,0.11022993907028121
257732,Amir Rrahmani,2024,Defender,Italy - Serie A,SSC Napoli,30.85284052019165,3407,38,0.1056648077487525,12000000.0,16.300417207752275,-0.37653366985676096,0.07268857817500106,0,1800.0,16912987.55303233,1.409415629419361,0.12134287855074444
257814,Gregor Kobel,2024,Goalkeeper,Germany - Bundesliga,Borussia Dortmund,27.071868583162217,2880,32,0.0,40000000.0,17.50439001207821,1.0433860768271281,0.05659994023775281,0,3060.0,13783004.774175834,0.34457511935439583,0.06760362633415216
258004,Rúben Dias,2024,Defender,England - Premier League,Manchester City,27.63586584531143,2269,27,0.0,65000000.0,17.98989782785991,1.2290442315393753,0.07939445203472893,0,2140.0,18308489.84590514,0.28166907455238677,0.05882652413265563
258039,Aurélio Buta,2024,Defender,France - Ligue 1,Stade Reims,27.89048596851472,1977,27,0.0455235204855842,5000000.0,15.424948470398377,0.34392654108605303,0.32590005104569175,1,141.0,3650941.65851457,0.730188331702914,0.4082728092733488
258878,Tosin Adarabioyo,2024,Defender,England - Premier League,Chelsea FC,27.27173169062286,1405,22,0.1281138790035587,20000000.0,16.811242831518264,0.4809913316984975,0.31410003705482753,1,789.0,12171671.06321196,0.6085835531605981,0.3008179262820392
258889,Dominic Solanke,2024,Attack,England - Premier League,Tottenham Hotspur,27.299110198494184,2206,27,0.4895738893925657,40000000.0,17.50439001207821,0.22908564399533282,0.13357294661936703,0,1001.0,29687771.81501094,0.7421942953752735,0.12260432589763014
258919,Dean Henderson,2024,Goalkeeper,England - Premier League,Crystal Palace,27.80835044490076,3420,38,0.0,20000000.0,16.811242831518264,0.022600973544353753,0.1364521387249342,0,3330.0,18795079.20468575,0.9397539602342876,0.11904939511770345
258923,Marcus Rashford,2024,Attack,England - Premier League,Manchester United,27.17043121149897,1426,25,0.6311360448807853,50000000.0,17.72753356339242,0.9301724277990058,0.19718555023304815,0,1762.0,18950354.196877886,0.3790070839375577,0.20552120403869367
258987,Carl Starfelt,2024,Defender,Spain - LaLiga,Celta de Vigo,29.587953456536617,2271,28,0.0396301188903566,6000000.0,15.60727002719233,0.2636845503629326,0.22615340169225234,0,1492.0,4714174.325647468,0.7856957209412446,0.323669435364531
260827,Joachim Andersen,2024,Defender,England - Premier League,Fulham FC,28.588637919233403,2674,30,0.0,27000000.0,17.111347423968603,0.09970971032154519,0.09956359397741146,0,2877.0,23186865.084245596,0.858772780897985,0.09554419871791767
261504,Aleix García,2024,Midfield,Germany - Bundesliga,Bayer 04 Leverkusen,27.512662559890487,1452,28,0.4338842975206611,20000000.0,16.811242831518264,0.6770494116330221,0.14844436235312392,0,2676.0,10095575.059491629,0.5047787529745814,0.27043623951175316
261905,Suat Serdar,2024,Midfield,Italy - Serie A,Hellas Verona,27.72621492128679,1379,22,0.2610587382160986,4500000.0,15.319587954740548,-0.6698594423213113,0.4521986267429458,0,1109.0,8789581.89412833,1.9532404209174066,0.3913884024587021
262226,Timothy Castagne,2024,Defender,England - Premier League,Fulham FC,29.07597535934292,1643,24,0.0547778454047474,13000000.0,16.38045991542581,0.3431022602895184,0.30989630776766736,0,1842.0,9202393.09390157,0.7078763918385824,0.4109684364739839
262300,Ryan Manning,2024,Defender,England - Premier League,Southampton FC,28.550308008213552,1468,24,0.0613079019073569,3000000.0,14.914122846632385,-0.6913613069615772,0.6708710616400972,1,0.0,6074913.985067531,2.0249713283558437,0.5445543822162389
262396,Unai Simón,2024,Goalkeeper,Spain - LaLiga,Athletic Bilbao,27.55920602327173,1890,21,0.0,28000000.0,17.14771506813948,0.48628508250227487,0.12570559550348143,0,3330.0,16666513.599984452,0.5952326285708733,0.11687678570552744
262523,Davide Calabria,2024,Defender,Italy - Serie A,Bologna Football Club 1909,28.07118412046544,947,18,0.0950369588173178,4500000.0,15.319587954740548,-0.42378796698709786,0.5290629258988649,1,0.0,6938971.24293239,1.541993609540531,0.4899548874874101
262749,David Raya,2024,Goalkeeper,England - Premier League,Arsenal FC,29.297741273100616,3420,38,0.0,40000000.0,17.50439001207821,0.9701166318817727,0.06548732839673818,0,3330.0,14775444.92678984,0.369386123169746,0.061430984910632924
262939,Johan Mojica,2024,Defender,Spain - LaLiga,RCD Mallorca,32.36413415468857,2753,36,0.0980748274609517,2000000.0,14.50865773852422,-0.31944736338280766,0.33760440666924524,0,2726.0,2850480.7149234554,1.4252403574617276,0.25543124606084006
262980,Jefferson Lerma,2024,Midfield,England - Premier League,Crystal Palace,30.187542778918548,2277,33,0.0395256916996047,10000000.0,16.11809565095832,-0.1080937118388352,0.3078578711381327,0,1724.0,11022498.414577706,1.1022498414577706,0.24002589506763877
263236,Kevin Danso,2024,Defender,France - Ligue 1,RC Lens,26.286105407255302,1923,22,0.0,25000000.0,17.034386382832476,0.4739126918907264,0.11281299001640828,0,1491.0,15147054.573718723,0.605882182948749,0.18366540343757332
263727,Joan Jordán,2024,Midfield,Spain - LaLiga,Deportivo Alavés,30.49144421629021,1414,25,0.4455445544554455,2500000.0,14.73180128983843,-0.6832062050350487,0.4905969378895039,1,22.0,5052401.178090523,2.0209604712362093,0.4556268472894893
263918,Aleksandr Golovin,2024,Midfield,France - Ligue 1,AS Monaco,28.591375770020534,1153,19,0.2341717259323504,20000000.0,16.811242831518264,0.5043430478479167,0.28721503568110557,0,1661.0,11903996.260240767,0.5951998130120384,0.4778666289659294
264372,Viktor Tsygankov,2024,Attack,Spain - LaLiga,Girona FC,27.129363449692,1921,27,0.3279541905257678,18000000.0,16.70588231586044,0.2622936491055885,0.2287166191632376,0,2642.0,13556895.006031016,0.7531608336683898,0.27214328479292366
265078,Patrick Cutrone,2024,Attack,Italy - Serie A,Como 1907,26.99520876112252,2056,33,0.5252918287937743,6000000.0,15.60727002719233,-0.22803683424135146,0.3155759866483446,1,894.0,7580742.38601687,1.263457064336145,0.3220903460804716
265088,Manuel Locatelli,2024,Midfield,Italy - Serie A,Juventus FC,26.981519507186857,2833,36,0.1270737733851041,30000000.0,17.216707939626428,0.039371479099395534,0.06608585395978073,0,3005.0,27086833.078120276,0.9028944359373425,0.0566007809802711
268429,Sandi Lovrić,2024,Midfield,Italy - Serie A,Udinese Calcio,26.765229295003422,2328,36,0.2319587628865979,8500000.0,15.955576721460544,-0.24768341942450078,0.21075606354908852,1,519.0,10783956.920993764,1.2687008142345604,0.21824934535900722
270171,Vitaly Janelt,2024,Midfield,England - Premier League,Brentford FC,26.647501711156742,2267,32,0.1588001764446404,20000000.0,16.811242831518264,-0.030560168529063514,0.17216203719970158,0,1437.0,19761523.99139749,0.9880761995698745,0.130518194034757
270541,Serhou Guirassy,2024,Attack,Germany - Bundesliga,Borussia Dortmund,28.80766598220397,2602,30,0.8647194465795541,45000000.0,17.622173047734595,-0.2815775508048788,0.07603638443750846,0,2351.0,53246520.27330759,1.183256006073502,0.06910824623262798
272278,Chris Führich,2024,Attack,Germany - Bundesliga,VfB Stuttgart,26.978781656399725,1987,33,0.2717664821338701,15000000.0,16.523560759066484,0.7831357659695066,0.1979290204926246,0,1706.0,6919277.899807718,0.4612851933205145,0.2125899209329367
272622,Issa Diop,2024,Defender,England - Premier League,Fulham FC,27.978097193702943,1335,21,0.0,14000000.0,16.454567887579532,0.5098466876176007,0.42708484148194154,1,814.0,8420606.404062388,0.6014718860044563,0.3904989154950833
272812,Kingsley Ehizibue,2024,Defender,Italy - Serie A,Udinese Calcio,29.607118412046542,2510,33,0.0358565737051792,2400000.0,14.690979295318174,-0.40477907183724904,0.40378659932615385,0,1810.0,3703825.819134275,1.5432607579726145,0.4622577292992326
272855,Paul Onuachu,2024,Attack,England - Premier League,Southampton FC,30.598220396988363,1045,25,0.430622009569378,6000000.0,15.60727002719233,0.04918149563081364,0.650436305122985,1,0.0,5802993.264874368,0.967165544145728,0.5985020274687624
273132,Robin Gosens,2024,Defender,Italy - Serie A,ACF Fiorentina,30.494182067077343,2617,33,0.3439052350019105,8000000.0,15.89495209964411,-0.07778402915352922,0.1698001483127197,0,1893.0,8649903.141796814,1.0812378927246018,0.19741142068722153
273669,Adrian Beck,2024,Midfield,Germany - Bundesliga,1. Fußballclub Heidenheim 1846,27.564681724846,1597,32,0.2817783343769568,2000000.0,14.50865773852422,-0.5605225623408367,0.5722230464584036,1,860.0,3608982.364103265,1.8044911820516325,0.4921321511667536
274461,Felix Passlack,2024,Defender,Germany - Bundesliga,VfL Bochum,26.595482546201232,2345,31,0.2686567164179104,2000000.0,14.50865773852422,-1.6240643494534908,0.441692215477973,1,0.0,10081388.95060347,5.040694475301735,0.7520844448100298
274839,Wilfred Ndidi,2024,Midfield,England - Premier League,Leicester City,28.04380561259412,2337,28,0.1925545571245186,15000000.0,16.523560759066484,0.2284307799981069,0.2185047848528544,1,0.0,11771276.296693675,0.7847517531129117,0.13622059583786542
274862,Moses Simon,2024,Attack,France - Ligue 1,FC Nantes,29.475701574264203,2625,32,0.6171428571428571,12000000.0,16.300417207752275,-0.6973593155770141,0.15862521550667533,0,2021.0,22886770.70308932,1.9072308919241099,0.18844742967300268
275218,Augusto Batalla,2024,Goalkeeper,Spain - LaLiga,Rayo Vallecano,28.673511293634498,2880,32,0.0,6000000.0,15.60727002719233,-0.21281048061050534,0.2537394475307078,0,3060.0,7470569.315793709,1.2450948859656181,0.20922947109929318
275303,Hans Hateboer,2024,Defender,France - Ligue 1,Stade Rennais FC,30.978781656399725,1680,26,0.0,2500000.0,14.73180128983843,-0.5356125185468184,0.5619040499584467,1,762.0,4377885.348994793,1.7511541395979173,0.46497600109490045
277033,David Brooks,2024,Attack,England - Premier League,AFC Bournemouth,27.485284052019164,948,29,0.189873417721519,10000000.0,16.11809565095832,0.8236065301652125,0.5655314232097509,0,1199.0,4494637.895496734,0.4494637895496734,0.3782708139896988
277137,Renato Tapia,2024,Midfield,Spain - LaLiga,CD Leganés,29.43189596167009,2428,34,0.0370675453047775,2000000.0,14.50865773852422,-1.0500198997675074,0.45176245523412517,1,0.0,5806298.810953886,2.903149405476943,0.5081780208406657
277179,Angeliño,2024,Defender,Italy - Serie A,Associazione Sportiva Roma,27.991786447638603,3179,38,0.1132431582258571,20000000.0,16.811242831518264,0.14598645072028305,0.09430799609627775,1,419.0,16726948.444837127,0.8363474222418563,0.10829259921838992
277384,Martin Valjent,2024,Defender,Spain - LaLiga,RCD Mallorca,29.05954825462012,2765,31,0.0976491862567811,6000000.0,15.60727002719233,-1.38020396426108,0.18580258487025256,0,3309.0,22666189.98006544,3.7776983300109066,0.25238930482035954
278296,Antonio Raíllo,2024,Defender,Spain - LaLiga,RCD Mallorca,33.23477070499658,3209,36,0.0560922405733873,1800000.0,14.403297222866392,-0.7922208240264634,0.27544166245562807,0,2070.0,4082082.9597197506,2.2678238665109727,0.5066702602699229
278359,Borja Iglesias,2024,Attack,Spain - LaLiga,Celta de Vigo,31.956194387405887,1964,37,0.6415478615071283,3000000.0,14.914122846632385,-0.6259464092764238,0.43451779296803783,0,1902.0,5702770.523849357,1.9009235079497857,0.30023896258714045
278531,Sebastiano Luperto,2024,Defender,Italy - Serie A,Cagliari Calcio,28.32032854209445,3240,36,0.1111111111111111,4000000.0,15.201804919084164,-1.6706463435019874,0.16042255213533466,0,3017.0,20340648.108457476,5.085162027114369,0.2608531904797783
278837,Luis Rioja,2024,Attack,Spain - LaLiga,Valencia CF,31.21149897330596,2868,37,0.2510460251046025,2000000.0,14.50865773852422,-1.1933955834660073,0.3538907235559278,0,2636.0,6668130.265015562,3.334065132507781,0.4532083732969223
279455,Harry Wilson,2024,Attack,England - Premier League,Fulham FC,27.78097193702943,1159,25,0.6212251941328731,15000000.0,16.523560759066484,-0.07115302712579119,0.4600600852264841,0,2694.0,15646524.438578298,1.0431016292385533,0.44425885021104217
280387,Vincent Sierro,2024,Midfield,France - Ligue 1,FC Toulouse,29.234770704996578,2410,29,0.2240663900414937,4000000.0,15.201804919084164,-0.3269712307430641,0.26415839893368875,1,0.0,5640824.72098501,1.4102061802462527,0.238020960040601
280575,Elvis Rexhbecaj,2024,Midfield,Germany - Bundesliga,FC Augsburg,27.16769336071184,1792,27,0.1004464285714285,3500000.0,15.068273526459642,-0.9987687328702548,0.4228908864624661,0,1109.0,9467631.243000062,2.7050374980000176,0.3681026135516971
281989,Luis Milla,2024,Midfield,Spain - LaLiga,Getafe CF,30.236824093086927,2878,33,0.1563585823488533,3500000.0,15.068273526459642,-1.0751680366203735,0.24668780140425933,0,3277.0,10185191.439441664,2.9100546969833325,0.20240230481777483
282144,Marin Pongracic,2024,Defender,Italy - Serie A,ACF Fiorentina,27.307323750855577,1368,20,0.0,10000000.0,16.11809565095832,1.3130493013708904,0.26738987813050225,0,2918.0,2786702.141078533,0.2786702141078533,0.42918179312813826
282349,Timo Becker,2024,Defender,Germany - Bundesliga,Holstein Kiel,27.77275838466804,2446,30,0.0735895339329517,1500000.0,14.22097566607244,-0.8486086767406826,0.4249176431423737,1,0.0,3610406.2235362683,2.4069374823575123,0.5485174667795153
282411,Marcos Llorente,2024,Defender,Spain - LaLiga,Atlético de Madrid,29.92197125256673,2513,33,0.2148826104257859,25000000.0,17.034386382832476,0.30223204674049864,0.08577531360574414,0,2184.0,17818907.58669261,0.7127563034677044,0.12136043857794869
282421,Javi Muñoz,2024,Midfield,Spain - LaLiga,UD Las Palmas,29.842573579739906,2589,35,0.1390498261877172,2000000.0,14.50865773852422,-0.884085614617252,0.3518243067272398,1,545.0,4944495.015352863,2.4722475076764314,0.4475723961709229
282660,Maximilian Mittelstädt,2024,Defender,Germany - Bundesliga,VfB Stuttgart,27.79192334017796,2476,31,0.327140549273021,20000000.0,16.811242831518264,0.12776337921467773,0.09156836014711663,0,2189.0,17017725.989676103,0.8508862994838051,0.10492838779494135
282810,Carles Pérez,2024,Attack,Spain - LaLiga,Getafe CF,26.874743326488705,1430,27,0.1888111888111888,2000000.0,14.50865773852422,-0.44474909278103425,0.6726024644383078,1,0.0,3222846.959695012,1.611423479847506,0.5612451211782428
283170,Iñaki Peña,2024,Goalkeeper,Spain - LaLiga,FC Barcelona,25.83709787816564,1395,16,0.0,8000000.0,15.89495209964411,1.0325709261878782,0.4038219781553138,0,1440.0,2947934.3310251595,0.3684917913781449,0.41094103700440293
283497,Mathias Honsak,2024,Attack,Germany - Bundesliga,1. Fußballclub Heidenheim 1846,28.032854209445585,1176,22,0.4591836734693877,2000000.0,14.50865773852422,-0.532963514228582,0.6400427406373712,0,1249.0,3513149.9529531663,1.7565749764765832,0.5841151210467981
283628,Tomáš Souček,2024,Midfield,England - Premier League,West Ham United,29.84531143052704,2571,35,0.3850641773628938,18000000.0,16.70588231586044,-0.4429066012750682,0.13412408324423902,0,2199.0,26371885.83170944,1.4651047684283023,0.12420349214361512
283735,Mattia Zaccagni,2024,Attack,Italy - Serie A,Società Sportiva Lazio S.p.A.,29.54688569472964,2707,34,0.4654599187292205,20000000.0,16.811242831518264,0.4226534859909181,0.10788254374487537,0,2114.0,12866413.314590745,0.6433206657295373,0.09033142948265846
283994,Ludovic Ajorque,2024,Attack,France - Ligue 1,Stade Brestois 29,30.85010266940452,2506,31,0.5746209098164405,4000000.0,15.201804919084164,-0.9404334950337527,0.322753655776886,0,2824.0,10173488.739100588,2.543372184775147,0.1815597888373726
284010,Robin Hack,2024,Attack,Germany - Bundesliga,Borussia Mönchengladbach,26.349075975359344,2188,33,0.4936014625228519,12000000.0,16.300417207752275,0.2826007865173268,0.21350613367954077,1,317.0,9031775.265678748,0.7526479388065623,0.1572395456944419
284270,Moritz Nicolas,2024,Goalkeeper,Germany - Bundesliga,Borussia Mönchengladbach,27.19780971937029,1640,19,0.0,5000000.0,15.424948470398377,-0.05008653275581443,0.4173073957353874,0,3060.0,5354953.441958973,1.0709906883917946,0.48987476270305785
284595,Tommaso Augello,2024,Defender,Italy - Serie A,Cagliari Calcio,30.340862422997947,2715,38,0.2320441988950276,1800000.0,14.403297222866392,-1.2320975384180946,0.3141323106228038,1,0.0,6252899.8044333635,3.473833224685202,0.46338474846043143
284730,Manuel Akanji,2024,Defender,England - Premier League,Manchester City,29.45653661875428,2014,26,0.0,28000000.0,17.14771506813948,0.7767767617233248,0.16156338802173384,0,2820.0,12652208.354840234,0.45186458410143693,0.09759642569161142
284732,Ramy Bensebaini,2024,Defender,Germany - Bundesliga,Borussia Dortmund,29.71389459274469,2023,31,0.3114186851211072,7000000.0,15.761420707019589,0.44940029896856437,0.25762978967045735,0,1528.0,4571855.677194078,0.653122239599154,0.29661574659860257
284854,Carles Aleñá,2024,Midfield,Spain - LaLiga,Deportivo Alavés,26.989733059548254,1549,24,0.1162040025823111,2500000.0,14.73180128983843,-1.0469810565961994,0.6161854958446394,0,1997.0,7179583.293511604,2.8718333174046418,0.4984303698302924
284857,Marc Cucurella,2024,Defender,England - Premier League,Chelsea FC,26.4476386036961,2992,36,0.2105614973262032,35000000.0,17.37085861945369,0.10069064521441073,0.08999554315394839,0,2710.0,29545525.421764463,0.8441578691932704,0.05216313789410975
284884,Óscar Rodríguez,2024,Midfield,Spain - LaLiga,CD Leganés,26.51334702258727,1323,29,0.3401360544217687,2000000.0,14.50865773852422,-1.543094279597756,0.669579788251315,1,0.0,9330087.956443895,4.665043978221948,0.6434008282893269
285323,Baptiste Santamaria,2024,Midfield,France - Ligue 1,OGC Nice,29.817932922655714,1411,23,0.1275690999291283,7000000.0,15.761420707019589,0.16171835255428135,0.3740051640763747,1,743.0,6041085.6734396545,0.8630122390628078,0.4586430404360501
285845,Ainsley Maitland-Niles,2024,Defender,France - Ligue 1,Olympique Lyon,27.342915811088297,1976,32,0.2277327935222672,12000000.0,16.300417207752275,0.28508633439696496,0.21353966695591683,0,2486.0,9010296.884268448,0.7508580736890373,0.24696237452118483
286047,Guglielmo Vicario,2024,Goalkeeper,England - Premier League,Tottenham Hotspur,28.23545516769336,2160,24,0.0,32000000.0,17.281246460764002,0.5560459079374245,0.14666418553544916,0,2790.0,17702226.791261356,0.5531945872269174,0.08477149126750698
286297,Lorenzo Pellegrini,2024,Midfield,Italy - Serie A,Associazione Sportiva Roma,28.53661875427789,1633,25,0.2204531537048377,9000000.0,16.012735135300492,-0.38272367221924286,0.35849798226752544,0,1476.0,12950734.834952034,1.4389705372168926,0.3012652838552283
286949,Adam Masina,2024,Defender,Italy - Serie A,Torino FC,30.99794661190965,1918,28,0.1876955161626694,1500000.0,14.22097566607244,-0.9175679512560184,0.5520479465272163,1,232.0,3861653.917050747,2.574435944700498,0.5346940304716257
287920,Tim Skarke,2024,Attack,Germany - Bundesliga,1.FC Union Berlin,28.317590691307323,1155,33,0.1558441558441558,2000000.0,14.50865773852422,-0.04316590659531272,0.6748255045165703,1,607.0,2171993.1415225775,1.0859965707612889,0.6669941506394339
288225,Ludovic Blas,2024,Midfield,France - Ligue 1,Stade Rennais FC,27.00342231348392,2302,29,0.5864465682015638,18000000.0,16.70588231586044,-0.8290957682883109,0.14050012734347853,0,1542.0,37824260.17581008,2.1013477875450044,0.14280161504611716
288230,Ousmane Dembélé,2024,Attack,France - Ligue 1,Paris Saint-Germain,27.633127994524298,1736,29,1.5034562211981568,90000000.0,18.31532022829454,0.08349645327072652,0.04759615286830039,0,1063.0,72041003.3169106,0.8004555924101178,0.08804887662490876
288255,Donny van de Beek,2024,Midfield,Spain - LaLiga,Girona FC,27.707049965776864,1424,26,0.2528089887640449,5000000.0,15.424948470398377,0.052411379493586985,0.43260819653864524,1,41.0,4848518.190309924,0.9697036380619848,0.4387134831761827
288318,Adrián Embarba,2024,Attack,Spain - LaLiga,Rayo Vallecano,32.65434633812457,1607,35,0.1120099564405725,1200000.0,13.997832114758229,-0.8444456820219979,0.7163818933726409,1,0.0,2890387.945640457,2.4086566213670473,0.6385909200670182
288340,Phillip Tietz,2024,Attack,Germany - Bundesliga,FC Augsburg,27.48254620123204,1685,34,0.4807121661721068,5000000.0,15.424948470398377,-0.03856388340517869,0.34923363812799646,0,1809.0,5295532.783580461,1.0591065567160922,0.4168249600694877
289255,Andoni Gorosabel,2024,Defender,Spain - LaLiga,Athletic Bilbao,28.410677618069816,1490,20,0.1208053691275167,5000000.0,15.424948470398377,0.04917390928243437,0.31361883691434583,0,1358.0,4863772.037109278,0.9727544074218556,0.325490283294128
289257,Jon Guridi,2024,Midfield,Spain - LaLiga,Deportivo Alavés,29.842573579739906,2097,33,0.1716738197424892,3000000.0,14.914122846632385,-0.6123570869570765,0.37092257249063865,0,1240.0,5628310.194096836,1.8761033980322788,0.30706080463036656
289432,Dylan Batubinsika,2024,Defender,France - Ligue 1,AS Saint-Étienne,28.878850102669404,2017,25,0.0446207238472979,1200000.0,13.997832114758229,-0.9267961463969141,0.5698948325446064,1,0.0,3133323.6169535904,2.611103014127992,0.6967488899113755
289446,Yerry Mina,2024,Defender,Italy - Serie A,Cagliari Calcio,30.275154004106778,2576,31,0.0349378881987577,3000000.0,14.914122846632385,-0.5431207019040216,0.34815277450128573,0,2153.0,5263477.139061426,1.754492379687142,0.29953080879391414
289592,Orel Mangala,2024,Midfield,England - Premier League,Everton FC,26.792607802874745,1329,20,0.0677200902934537,18000000.0,16.70588231586044,0.5270361282557716,0.3510264029561345,1,416.0,10535527.638201334,0.5853070910111852,0.37004258468658907
289835,Jens Stage,2024,Midfield,Germany - Bundesliga,SV Werder Bremen,28.147843942505133,2210,28,0.6108597285067873,14000000.0,16.454567887579532,-0.3952576179455649,0.11136098422002957,0,2468.0,19911535.748715527,1.4222525534796806,0.14886520871722028
290017,Hassane Kamara,2024,Defender,Italy - Serie A,Udinese Calcio,30.82819986310746,2007,30,0.2242152466367712,3500000.0,15.068273526459642,-0.44814247759683257,0.319178628123991,0,1869.0,5573781.090192628,1.5925088829121794,0.34701517902753143
290249,Mauro Arambarri,2024,Midfield,Spain - LaLiga,Getafe CF,29.256673511293634,2664,35,0.3378378378378378,12000000.0,16.300417207752275,0.1657507909044571,0.15832798863880304,0,3255.0,10100139.695931371,0.8416783079942809,0.22218682938518727
290273,Álvaro Tejero,2024,Defender,Spain - LaLiga,RCD Espanyol Barcelona,28.4517453798768,1234,28,0.3646677471636953,1800000.0,14.403297222866392,-0.8538335415887306,0.6087985207902441,1,0.0,4334325.970630767,2.407958872572648,0.5151039170779271
290537,Jean Butez,2024,Goalkeeper,Italy - Serie A,Como 1907,29.56878850102669,1665,19,0.0,3500000.0,15.068273526459642,0.3330021764693134,0.5161425491115693,0,3420.0,2602101.025765877,0.7434574359331078,0.4493682280076126
290587,Ellyes Skhiri,2024,Midfield,Germany - Bundesliga,Eintracht Frankfurt,29.648186173853524,2234,30,0.1208594449418084,7500000.0,15.83041357850654,-0.05069313048948665,0.2423118225111248,0,1442.0,7921815.7591792755,1.0562421012239034,0.2379379418214101
291200,Moussa Niakhaté,2024,Defender,France - Ligue 1,Olympique Lyon,28.8186173853525,2725,31,0.0,15000000.0,16.523560759066484,0.6728908618318266,0.13191921869670603,0,2758.0,7693516.817001091,0.5129011211334061,0.17014364885536729
291417,Ferland Mendy,2024,Defender,Spain - LaLiga,Real Madrid,29.56878850102669,1007,14,0.0893743793445878,14000000.0,16.454567887579532,1.2530212833064902,0.2709443460969645,1,206.0,4106115.3879468325,0.2932939562819166,0.4192868866074713
292139,Sammie Szmodics,2024,Midfield,England - Premier League,Ipswich Town,29.27310061601643,1002,20,0.3592814371257485,10000000.0,16.11809565095832,0.3120201362058852,0.5142702770799419,1,0.0,7370619.085832507,0.7370619085832507,0.4946260532459517
292534,Eric Smith,2024,Defender,Germany - Bundesliga,FC St. Pauli,27.980835044490075,2828,32,0.0636492220650636,5000000.0,15.424948470398377,-0.46582302043274915,0.1965744920173616,0,2314.0,7995687.110960426,1.599137422192085,0.1897857005825655
292808,Wout Faes,2024,Defender,England - Premier League,Leicester City,26.748802190280628,2812,34,0.0320056899004267,15000000.0,16.523560759066484,0.16590962132165554,0.11760380594924397,0,1141.0,12493269.846885137,0.8328846564590091,0.08225188231504149
293194,Borna Sosa,2024,Defender,Italy - Serie A,Torino FC,26.94592744695414,1186,19,0.0,4500000.0,15.319587954740548,-0.022401955652064043,0.5085576237005501,1,99.0,4706877.371516037,1.045972749225786,0.5167399211391869
293200,Nikola Vlašić,2024,Midfield,Italy - Serie A,Torino FC,27.24435318275154,2122,30,0.3817153628652214,8000000.0,15.89495209964411,-0.7802410850523578,0.18970863901432705,0,3055.0,16884896.823874645,2.1106121029843306,0.3725359814410873
293385,Dani Olmo,2024,Midfield,Spain - LaLiga,FC Barcelona,26.65571526351814,1216,25,1.0361842105263157,60000000.0,17.909855120186375,0.7053637155424077,0.08821340546451298,0,2077.0,27784512.90202602,0.463075215033767,0.16030080502111724
294057,James Maddison,2024,Midfield,England - Premier League,Tottenham Hotspur,28.10677618069815,1817,31,0.7925151348376445,42000000.0,17.553180176247643,-0.5070357027873789,0.1496413446212942,1,34.0,61518170.80161812,1.4647183524194791,0.14846665328566974
295183,Răzvan Marin,2024,Midfield,Italy - Serie A,Cagliari Calcio,28.61054072553046,1395,33,0.3225806451612903,3500000.0,15.068273526459642,-0.816279524987642,0.5142422859665826,1,0.0,7948080.371254246,2.270880106072642,0.3915903784293221
295630,Dimitrios Giannoulis,2024,Defender,Germany - Bundesliga,FC Augsburg,29.21013004791239,2656,31,0.1694277108433735,3000000.0,14.914122846632385,0.02193101566815958,0.2611104288239651,0,1902.0,3035338.3013030333,1.0117794337676778,0.26961193219371316
296397,Arne Maier,2024,Midfield,Germany - Bundesliga,FC Augsburg,25.98220396988364,923,28,0.0975081256771397,4000000.0,15.201804919084164,-0.4385596790047517,0.6918702182813417,1,3.0,6282963.925342424,1.570740981335606,0.5644572529710601
296428,Timon Weiner,2024,Goalkeeper,Germany - Bundesliga,Holstein Kiel,25.95482546201232,2250,25,0.0,1000000.0,13.815510557964274,-1.5470761242516722,0.638525011448828,1,0.0,4801927.939730639,4.801927939730638,0.8287350291096822
296622,Marco Asensio,2024,Midfield,England - Premier League,Aston Villa,28.947296372347708,1365,25,0.6593406593406593,20000000.0,16.811242831518264,-0.6332935810843556,0.4020235200257115,1,0.0,34768875.807711735,1.7384437903855867,0.34594931496402365
297583,Woo-yeong Jeong,2024,Midfield,Germany - Bundesliga,1.FC Union Berlin,25.28405201916496,1271,23,0.3540519276160503,4000000.0,15.201804919084164,-0.24255502497800885,0.4268639588392929,0,1193.0,5198192.010760826,1.2995480026902064,0.5114885395940694
298197,Antonio Sivera,2024,Goalkeeper,Spain - LaLiga,Deportivo Alavés,28.39151266255989,2812,32,0.0,6000000.0,15.60727002719233,-0.1485869845195138,0.2050448997018567,0,3420.0,7022873.98334309,1.1704789972238483,0.17062503444894972
298477,Oli McBurnie,2024,Attack,Spain - LaLiga,UD Las Palmas,28.577686516084874,1839,34,0.4404567699836867,2500000.0,14.73180128983843,-0.9430996686998898,0.5647622569587905,1,0.0,6495830.766851171,2.5983323067404682,0.5290878231176213
298583,Eray Cömert,2024,Defender,Spain - LaLiga,Real Valladolid CF,26.90759753593429,1783,25,0.0,2000000.0,14.50865773852422,-0.3708508600140581,0.4699736079922057,0,1339.0,2997845.6601453926,1.4989228300726962,0.47031826508956576
298976,Borja Mayoral,2024,Attack,Spain - LaLiga,Getafe CF,27.742642026009584,1105,24,0.4886877828054298,7500000.0,15.83041357850654,-0.6614785441195523,0.5129070508176424,0,1059.0,14193160.584304681,1.8924214112406241,0.5390944436014069
300168,Mikel Vesga,2024,Midfield,Spain - LaLiga,Athletic Bilbao,31.734428473648187,981,25,0.0,2500000.0,14.73180128983843,-0.14646355468415617,0.7153626718497486,1,444.0,2994193.528174797,1.197677411269919,0.6570184310218486
300532,Pontus Almqvist,2024,Attack,Italy - Serie A,Parma Calcio 1913,25.481177275838466,1106,29,0.162748643761302,2500000.0,14.73180128983843,-0.24162769379383864,0.6500308988667783,1,452.0,3286603.3686939045,1.3146413474775618,0.5927768752990604
301238,Michele Di Gregorio,2024,Goalkeeper,Italy - Serie A,Juventus FC,27.43326488706365,2970,33,0.0,18000000.0,16.70588231586044,0.18740892137823995,0.0899737623805294,0,2655.0,14555680.145355817,0.808648896964212,0.08245893013235896
302371,Toni Martínez,2024,Attack,Spain - LaLiga,Deportivo Alavés,27.50718685831622,1004,28,0.3585657370517928,2500000.0,14.73180128983843,-0.3311105713652758,0.6923401435546642,0,2730.0,3586962.4421699247,1.43478497686797,0.5986386395406733
303219,Jeff Chabot,2024,Defender,Germany - Bundesliga,VfB Stuttgart,26.88569472963724,2274,31,0.158311345646438,12000000.0,16.300417207752275,0.43688859753369513,0.12578419573756705,0,2296.0,7789169.748067483,0.6490974790056236,0.1729154433168478
303254,Fikayo Tomori,2024,Defender,Italy - Serie A,AC Milan,27.0362765229295,1594,22,0.0564617314930991,20000000.0,16.811242831518264,0.9921888940331987,0.16151638055982306,0,2563.0,7463198.068994733,0.37315990344973665,0.2587490023259722
303259,Dodi Lukébakio,2024,Attack,Spain - LaLiga,Sevilla FC,27.27173169062286,3103,38,0.3770544634224944,20000000.0,16.811242831518264,0.6407091392804132,0.11238810910618675,1,180.0,10452228.28000154,0.5226114140000769,0.08999703287958526
303657,Ionuț Radu,2024,Goalkeeper,Italy - Serie A,Venezia FC,27.59753593429158,1350,15,0.0,2500000.0,14.73180128983843,-0.17300952700886363,0.576430185905087,0,3420.0,3073096.466467592,1.2292385865870368,0.4676790127486176
305947,Albert Gudmundsson,2024,Attack,Italy - Serie A,ACF Fiorentina,27.548254620123203,1279,24,0.5629397967161845,18000000.0,16.70588231586044,0.6798918309572115,0.19223328493503172,0,2262.0,9102764.093218686,0.505709116289927,0.3263957406341892
306024,Dominic Calvert-Lewin,2024,Attack,England - Premier League,Everton FC,27.797399041752225,1613,26,0.2789832610043398,16000000.0,16.588099280204055,0.4281863683584781,0.38764988927721117,0,2730.0,10346735.84427575,0.6466709902672344,0.3109419301318846
308133,Ado Onaiwu,2024,Attack,France - Ligue 1,AJ Auxerre,29.149897330595483,945,31,0.4761904761904761,1500000.0,14.22097566607244,-0.5673280677517525,0.7535228019425996,1,0.0,2741271.0274181603,1.8275140182787735,0.6769626401758886
308279,Rolando Mandragora,2024,Midfield,Italy - Serie A,ACF Fiorentina,27.509924709103355,1936,29,0.3254132231404958,12000000.0,16.300417207752275,0.20988233533572842,0.21695990039971547,0,2438.0,9682837.443894759,0.8069031203245632,0.2333474604434558
308989,Sergio González,2024,Defender,Spain - LaLiga,CD Leganés,32.70088980150582,2961,36,0.060790273556231,800000.0,13.592367006650065,-1.678211400270166,0.46830926486937147,1,0.0,4391376.758812382,5.489220948515477,0.5649002339997257
309110,Brais Méndez,2024,Midfield,Spain - LaLiga,Real Sociedad,27.98357289527721,1540,27,0.2922077922077922,22000000.0,16.90655301132259,0.3800215029612217,0.1845474971972157,0,1671.0,14667358.726738902,0.6666981239426774,0.32643643238745723
309400,Kai Havertz,2024,Attack,England - Premier League,Arsenal FC,25.56057494866529,1875,23,0.5760000000000001,65000000.0,17.98989782785991,0.22427353465476396,0.12469694224135672,1,583.0,46857586.94424364,0.7208859529883637,0.07573996130352266
311178,Georgios Kyriakopoulos,2024,Defender,Italy - Serie A,AC Monza,28.90622861054073,2851,34,0.1894072255349,2500000.0,14.73180128983843,-1.616091001175271,0.3195031158896711,1,0.0,12377783.865703423,4.951113546281369,0.3967180829331975
314353,Trent Alexander-Arnold,2024,Defender,England - Premier League,Liverpool FC,26.236824093086927,2377,33,0.3786285233487589,75000000.0,18.132998671500584,0.4406935051809302,0.07175948689038426,0,1164.0,43778058.367573425,0.583707444900979,0.07135656091625585
314398,Jae-sung Lee,2024,Midfield,Germany - Bundesliga,1.FSV Mainz 05,32.394250513347025,2666,33,0.5063765941485371,2500000.0,14.73180128983843,-0.5056742477452021,0.2553942963194214,0,2201.0,4252243.285192262,1.700897314076905,0.22075157411709517
314678,Brahim Díaz,2024,Attack,Spain - LaLiga,Real Madrid,25.415468856947296,1382,31,0.3907380607814761,40000000.0,17.50439001207821,0.5961391002102308,0.22899838592853897,0,1252.0,21038188.57930505,0.5259547144826262,0.20080093894377504
314875,Jarrod Bowen,2024,Attack,England - Premier League,West Ham United,28.032854209445585,2980,34,0.6946308724832214,40000000.0,17.50439001207821,-0.30308808958329125,0.06524914860388219,0,3409.0,48709686.85087767,1.2177421712719418,0.05335857972347657
314965,Pedro Pereira,2024,Defender,Italy - Serie A,AC Monza,26.94318959616701,2674,35,0.1346297681376215,1500000.0,14.22097566607244,-1.0203143118810414,0.36095110450131224,1,0.0,4268052.920651767,2.845368613767845,0.4482779086308868
315145,Azor Matusiwa,2024,Midfield,France - Ligue 1,Stade Rennais FC,26.680355920602327,2078,29,0.1732435033686236,8000000.0,15.89495209964411,-0.14631761806930488,0.21232243968198378,1,0.0,9236927.278643832,1.154615909830479,0.417319201871949
315779,Christian Pulisic,2024,Attack,Italy - Serie A,AC Milan,26.28884325804244,2492,34,0.7945425361155698,50000000.0,17.72753356339242,-0.07802452020041728,0.06333486462945354,0,1612.0,48623174.15503163,0.9724634831006326,0.08061673932954865
315853,Alessandro Bastoni,2024,Defender,Italy - Serie A,Inter Milan,25.72210814510609,2421,33,0.2230483271375465,80000000.0,18.197537192638155,0.9126580819535359,0.03785787594782087,0,2249.0,29954726.80051063,0.37443408500638287,0.05746656934915094
315858,Gianluigi Donnarumma,2024,Goalkeeper,France - Ligue 1,Paris Saint-Germain,25.8507871321013,2092,24,0.0,40000000.0,17.50439001207821,1.2739382601173883,0.11791619454065282,0,3060.0,11067407.891912345,0.2766851972978086,0.14142745910367024
315865,Andrea Pinamonti,2024,Attack,Italy - Serie A,Genoa CFC,25.623545516769337,2860,36,0.3461538461538461,15000000.0,16.523560759066484,-0.67458647451089,0.11235817062437546,0,2575.0,27619955.103182923,1.8413303402121948,0.10715248508109002
315969,Scott McTominay,2024,Midfield,Italy - Serie A,SSC Napoli,28.06570841889117,2958,36,0.5476673427991886,50000000.0,17.72753356339242,0.21838850633868745,0.04060383426082002,0,2793.0,36925667.942217894,0.7385133588443579,0.05199000863192849
316264,Martin Ødegaard,2024,Midfield,England - Premier League,Arsenal FC,26.04243668720055,2332,30,0.4245283018867924,85000000.0,18.258161814454592,0.46685116591056364,0.05849880798415698,0,1371.0,47985897.53791578,0.5645399710343033,0.051505568052505606
316884,Dominik Greif,2024,Goalkeeper,Spain - LaLiga,RCD Mallorca,27.73990417522245,2790,31,0.0,6000000.0,15.60727002719233,-0.32329282723069586,0.2525747814142435,0,2610.0,8306998.5877633365,1.3844997646272228,0.2021295477497967
316934,Nikola Moro,2024,Midfield,Italy - Serie A,Bologna Football Club 1909,26.80903490759753,1213,22,0.1483924154987634,4500000.0,15.319587954740548,0.2570544624670723,0.5052391964706271,0,1798.0,3585637.516767903,0.796808337059534,0.5847651117214715
318204,David Raum,2024,Defender,Germany - Bundesliga,RB Leipzig,26.69678302532512,1788,22,0.3020134228187919,20000000.0,16.811242831518264,-0.1033191476812747,0.14072269603277865,0,2556.0,21163563.78576289,1.0581781892881446,0.2379923745644353
318523,Romain Perraud,2024,Defender,Spain - LaLiga,Real Betis Balompié,27.277207392197127,1999,28,0.1800900450225112,5000000.0,15.424948470398377,-0.6706539592079643,0.33362002859552115,0,2250.0,9729883.678730207,1.9459767357460414,0.33280018363970854
318528,Marcus Thuram,2024,Attack,Italy - Serie A,Inter Milan,27.40588637919233,2299,32,0.8220965637233579,75000000.0,18.132998671500584,0.1329612237865858,0.06128158999189209,0,1913.0,58197556.42850462,0.7759674190467283,0.07222523862880526
319745,Dani Ceballos,2024,Midfield,Spain - LaLiga,Real Madrid,28.40246406570842,1218,23,0.0,10000000.0,16.11809565095832,0.6563383493273856,0.41109572111929693,1,482.0,5286539.07543143,0.528653907543143,0.4690857049831498
321528,Denzel Dumfries,2024,Defender,Italy - Serie A,Inter Milan,28.70636550308008,1951,29,0.4613018964633521,35000000.0,17.37085861945369,0.9004791969812085,0.09571882185387233,0,1328.0,13906256.209568147,0.3973216059876613,0.16185497720753433
322655,Flavius Daniliuc,2024,Defender,Italy - Serie A,Hellas Verona,23.68240930869268,1003,18,0.0,2700000.0,14.808762330974558,-0.541012131484699,0.5738486888659281,1,0.0,4742583.177926403,1.7565122881208899,0.5858147538172607
323167,Matteo Gabbia,2024,Defender,Italy - Serie A,AC Milan,25.19917864476386,2154,26,0.0835654596100278,14000000.0,16.454567887579532,1.283880216559504,0.13685783760692957,0,2531.0,3984541.916253316,0.2846101368752369,0.1657037260183489
324223,James Bree,2024,Defender,England - Premier League,Southampton FC,27.05817932922656,1073,17,0.0838769804287045,2500000.0,14.73180128983843,-0.8031318438827819,0.7474079836577363,1,0.0,5674515.323773741,2.2698061295094965,0.6104363874141622
324278,Christoph Baumgartner,2024,Midfield,Germany - Bundesliga,RB Leipzig,25.42094455852156,1609,31,0.1678060907395898,12000000.0,16.300417207752275,0.04961214141801351,0.36547409674653925,0,2793.0,11284338.251340639,0.9403615209450532,0.2704335185066514
324358,Ollie Watkins,2024,Attack,England - Premier League,Aston Villa,29.00752908966461,2610,38,0.8275862068965517,40000000.0,17.50439001207821,-0.5917183101927748,0.08929851945738948,0,2854.0,63586379.53914224,1.589659488478556,0.0857392538069421
324377,Youssef Maleh,2024,Midfield,Italy - Serie A,FC Empoli,26.362765229295004,1514,22,0.059445178335535,3200000.0,14.978661367769956,-0.23169508375165382,0.4868530271194378,0,1566.0,4141484.5660316427,1.2942139268848885,0.3607473420518693
324795,Mahdi Camara,2024,Midfield,France - Ligue 1,Stade Brestois 29,26.50787132101301,2670,34,0.3033707865168539,9000000.0,16.012735135300492,-0.6311153747057703,0.1744146573252142,0,2661.0,16391597.762385823,1.8212886402650914,0.21834512769668712
324804,Yann Karamoh,2024,Attack,Italy - Serie A,Torino FC,26.48596851471595,1039,29,0.1732435033686236,1800000.0,14.403297222866392,-0.4285158070654975,0.7580298218669904,1,0.0,2860869.027149591,1.589371681749773,0.6320875511750637
324811,Arnaud Nordin,2024,Attack,France - Ligue 1,Montpellier HSC,26.54346338124572,1246,22,0.3611556982343499,5000000.0,15.424948470398377,-1.0561325122818421,0.6289610372328733,0,1041.0,14048260.260160226,2.809652052032045,0.6294131097773581
325223,Mama Baldé,2024,Attack,France - Ligue 1,Stade Brestois 29,29.155373032169745,1177,29,0.3823279524214104,4000000.0,15.201804919084164,-0.5358435463337305,0.5627869418866839,1,712.0,6900798.426265284,1.725199606566321,0.5106476298178476
326029,Donyell Malen,2024,Attack,Germany - Bundesliga,Borussia Dortmund,25.95208761122519,910,28,0.5934065934065934,25000000.0,17.034386382832476,0.7472400000850503,0.2966015572221213,0,2123.0,11682076.996594558,0.4672830798637823,0.38897939771671763
326031,Matthijs de Ligt,2024,Defender,England - Premier League,Manchester United,25.39082819986311,2128,29,0.0845864661654135,38000000.0,17.45309671769066,0.4357213536565181,0.171626158724667,0,1170.0,23312210.300544593,0.613479218435384,0.12041490616061187
326330,Frenkie de Jong,2024,Midfield,Spain - LaLiga,FC Barcelona,27.64134154688569,1136,26,0.3169014084507042,45000000.0,17.622173047734595,1.461980205205824,0.15056959792396046,0,1631.0,10349502.867185045,0.22998895260411212,0.2542112882994129
327126,Anuar,2024,Attack,Spain - LaLiga,Real Valladolid CF,29.96303901437372,1728,26,0.1041666666666666,900000.0,13.710150042306449,-0.5037317923328879,0.7272741409648177,1,0.0,1554248.947675226,1.7269432751946956,0.6366991037890857
327251,Ridle Baku,2024,Defender,Germany - Bundesliga,RB Leipzig,26.73511293634497,2453,34,0.330207908683245,9000000.0,16.012735135300492,-0.794392484037266,0.15799965737123065,0,2514.0,19125770.65284042,2.12508562809338,0.2152705392794599
328480,Pepelu,2024,Midfield,Spain - LaLiga,Valencia CF,26.392881587953458,1731,34,0.1559792027729636,9000000.0,16.012735135300492,-0.16647420753152975,0.25787966942649987,0,2234.0,10539181.596376475,1.1710201773751638,0.34917659874643914
328609,Derek Cornelius,2024,Defender,France - Ligue 1,Olympique Marseille,27.10198494182067,1423,21,0.0,5000000.0,15.424948470398377,0.9119877019220008,0.4039822847864999,1,57.0,2090244.9516381652,0.41804899032763304,0.39689780371630096
328658,Kristoffer Ajer,2024,Defender,England - Premier League,Brentford FC,26.71047227926078,1443,24,0.0,18000000.0,16.70588231586044,0.7568370323161107,0.31671147540926753,0,1809.0,8455605.583251135,0.46975586573617417,0.3326051965606812
328784,Robin Koch,2024,Defender,Germany - Bundesliga,Eintracht Frankfurt,28.459958932238195,2589,30,0.1042873696407879,18000000.0,16.70588231586044,0.07049796636180661,0.095700048599528,0,2835.0,16260790.003758177,0.9033772224310098,0.09240784556558052
329373,Carlo Boukhalfa,2024,Midfield,Germany - Bundesliga,FC St. Pauli,25.66735112936345,1654,25,0.1088270858524788,2000000.0,14.50865773852422,-0.9398693500249693,0.5729343755280077,1,0.0,5219220.954889673,2.6096104774448365,0.6271145168494844
329517,Georgios Masouras,2024,Attack,Germany - Bundesliga,VfL Bochum,31.000684462696785,1065,14,0.1690140845070422,2000000.0,14.50865773852422,-0.17569373935487143,0.699305671142293,1,0.0,2474994.7985197883,1.237497399259894,0.6834709023165086
330208,Alessandro Vogliacco,2024,Defender,Italy - Serie A,Genoa CFC,26.299794661190965,1488,22,0.1209677419354838,2800000.0,14.845129975145433,-0.28523693889323143,0.5050347650066789,1,0.0,3830990.8807185916,1.3682110288280684,0.48504680498799374
330659,Justin Kluivert,2024,Midfield,England - Premier League,AFC Bournemouth,25.661875427789184,2356,34,0.6876061120543294,35000000.0,17.37085861945369,-0.35407147449205745,0.11151230179600854,0,953.0,45123056.24350634,1.2892301783858955,0.08939416304971144
331401,Manuel Lazzari,2024,Defender,Italy - Serie A,Società Sportiva Lazio S.p.A.,31.091033538672143,1409,25,0.127750177430802,3500000.0,15.068273526459642,-0.3384737183059774,0.4926826759205699,0,933.0,5012100.363694845,1.4320286753413842,0.436001256270884
331505,Óscar Mingueza,2024,Defender,Spain - LaLiga,Celta de Vigo,25.639972621492127,2739,34,0.3285870755750273,20000000.0,16.811242831518264,-0.15583220060865832,0.06726316719483587,0,1968.0,22235569.408907026,1.1117784704453513,0.09106270881605318
331726,Tammy Abraham,2024,Attack,Italy - Serie A,AC Milan,27.249828884325805,1178,29,0.6112054329371817,15000000.0,16.523560759066484,0.2841908800501396,0.3369283906003172,1,277.0,11161951.85136813,0.744130123424542,0.5237886727506731
332560,Deiver Machado,2024,Defender,France - Ligue 1,RC Lens,31.33196440793977,1805,27,0.2493074792243767,3000000.0,14.914122846632385,-0.22717164010127933,0.4770127651105241,0,1186.0,3872023.7309801504,1.2906745769933834,0.5091301853327797
332697,Weston McKennie,2024,Midfield,Italy - Serie A,Juventus FC,26.34633812457221,2317,32,0.2330599913681484,22000000.0,16.90655301132259,0.050065549314143976,0.1176474924172814,0,2841.0,20036954.260742817,0.9107706482155826,0.14183572815009785
332705,Tyler Adams,2024,Midfield,England - Premier League,AFC Bournemouth,25.88090349075976,1965,28,0.1374045801526717,18000000.0,16.70588231586044,0.2688797539222709,0.23337662749510701,0,1779.0,13472335.224644316,0.7484630680357953,0.23800051709516748
332889,Valentin Rongier,2024,Midfield,France - Ligue 1,Olympique Marseille,30.069815195071868,1564,25,0.2301790281329923,9000000.0,16.012735135300492,0.35777562229832105,0.2439950364442658,0,2745.0,6372073.827391116,0.7080082030434574,0.2731238146540324
333014,Sander Berge,2024,Midfield,England - Premier League,Fulham FC,26.88021902806297,2227,31,0.0,25000000.0,17.034386382832476,0.1941412350642655,0.1975781267674037,0,2911.0,19732522.58131077,0.7893009032524309,0.23128137263445003
333241,Joelinton,2024,Midfield,England - Premier League,Newcastle United,28.383299110198493,2404,29,0.2620632279534109,35000000.0,17.37085861945369,0.3784998291305117,0.155136283785502,0,1956.0,22770514.26272669,0.6505861217921911,0.08655993475283295
333647,Jonathan Burkardt,2024,Attack,Germany - Bundesliga,1.FSV Mainz 05,24.476386036960985,2125,29,0.8894117647058823,35000000.0,17.37085861945369,-0.020091862063708943,0.08846791846292902,0,1340.0,33074124.202693198,0.9449749772198056,0.07816271399863103
333903,Lars Ritzka,2024,Defender,Germany - Bundesliga,FC St. Pauli,26.65571526351814,919,21,0.0979325353645266,1000000.0,13.815510557964274,-0.7841508449022556,0.7821499506915894,0,970.0,2276925.7690163795,2.2769257690163793,0.7350526783785009
334221,Amos Pieper,2024,Defender,Germany - Bundesliga,SV Werder Bremen,26.95687885010267,1500,23,0.0,3500000.0,15.068273526459642,-0.5024113507728196,0.4577303336179794,0,1504.0,5874076.035034993,1.6783074385814265,0.45514038772118764
334526,Denis Zakaria,2024,Midfield,France - Ligue 1,AS Monaco,28.11498973305955,2148,26,0.4189944134078212,30000000.0,17.216707939626428,0.35758476024846253,0.08862072059295689,0,2034.0,20086787.88895606,0.6695595962985353,0.09007414964097823
335225,Manu Morlanes,2024,Midfield,Spain - LaLiga,RCD Mallorca,25.97125256673512,1340,23,0.0,2500000.0,14.73180128983843,-0.2827803202938286,0.5900149439383393,0,1775.0,3421546.8728517983,1.3686187491407193,0.5474189088085698
335457,Ermedin Demirovic,2024,Attack,Germany - Bundesliga,VfB Stuttgart,26.77344284736482,1855,34,0.8247978436657682,22000000.0,16.90655301132259,-0.6502846347674747,0.16650905400289578,0,1498.0,38601348.96107085,1.754606770957766,0.18531151156317666
335631,Marco Komenda,2024,Defender,Germany - Bundesliga,Holstein Kiel,28.098562628336754,1311,19,0.0,800000.0,13.592367006650065,-1.4109944296167605,0.7743687786474245,1,0.0,3384226.1787444274,4.230282723430534,0.7938040321211045
335721,Ben White,2024,Defender,England - Premier League,Arsenal FC,27.23340177960301,1198,17,0.1502504173622704,45000000.0,17.622173047734595,0.6095790345319061,0.16852630865536622,1,704.0,23207710.530736566,0.5157269006830348,0.22538521071542017
335993,Philipp Treu,2024,Defender,Germany - Bundesliga,FC St. Pauli,24.07939767282684,2885,33,0.0935875216637781,5000000.0,15.424948470398377,-0.5805800218412691,0.17147560829361494,0,2188.0,8926078.137541944,1.7852156275083888,0.20015698836457946
336125,Mërgim Vojvoda,2024,Defender,Italy - Serie A,Torino FC,29.916495550992472,1826,28,0.1478641840087623,3000000.0,14.914122846632385,-0.4593826744666911,0.459968792337742,0,1593.0,4853076.183282131,1.6176920610940437,0.4629697910509466
336869,Marc Roca,2024,Midfield,Spain - LaLiga,Real Betis Balompié,28.098562628336754,909,14,0.396039603960396,6000000.0,15.60727002719233,-0.5534693866232487,0.41222221038126106,0,2025.0,10354907.634363549,1.7258179390605914,0.41456688309225936
336960,Giuseppe Pezzella,2024,Defender,Italy - Serie A,FC Empoli,27.091033538672143,2888,35,0.1246537396121883,2500000.0,14.73180128983843,-1.2002127255701964,0.31976805936600167,0,2591.0,8318573.432990151,3.3274293731960607,0.4797159726186367
337092,Tim Siersleben,2024,Defender,Germany - Bundesliga,1. Fußballclub Heidenheim 1846,24.815879534565365,1182,16,0.0,2000000.0,14.50865773852422,-0.5801679598250242,0.6312151998057677,0,1082.0,3678854.0179825677,1.8394270089912839,0.6565969732261577
337333,Alex Král,2024,Midfield,Spain - LaLiga,RCD Espanyol Barcelona,26.622861054072555,2711,37,0.0331980818886019,6000000.0,15.60727002719233,-0.4493588917881519,0.25162077797963317,1,443.0,9373744.142959919,1.5622906904933198,0.24011011034324725
337715,Umar Sadiq,2024,Attack,Spain - LaLiga,Valencia CF,27.91238877481177,1049,23,0.428979980934223,5000000.0,15.424948470398377,0.2780653101992496,0.5150512739729924,0,1055.0,3893175.102471422,0.7786350204942843,0.5109581883087623
337725,Christian Kouamé,2024,Attack,Italy - Serie A,ACF Fiorentina,27.071868583162217,1123,26,0.2404274265360641,4000000.0,15.201804919084164,0.0345674901893509,0.6372567744291687,1,25.0,3971170.218173514,0.9927925545433786,0.554442649420984
338424,Mikel Merino,2024,Midfield,England - Premier League,Arsenal FC,28.52840520191649,1581,28,0.5123339658444023,35000000.0,17.37085861945369,0.43435501238252394,0.16457419334106935,0,1027.0,21605177.933986362,0.6172907981138961,0.18659555577569617
338425,Álex Berenguer,2024,Attack,Spain - LaLiga,Athletic Bilbao,29.49760438056126,2353,36,0.5354866128346791,9000000.0,16.012735135300492,-0.7771360533263949,0.25906378482398645,0,2164.0,18816895.69528472,2.090766188364969,0.2351275303948226
338668,Senne Lynen,2024,Midfield,Germany - Bundesliga,SV Werder Bremen,25.867214236824093,2748,32,0.0327510917030567,9000000.0,16.012735135300492,-0.0636814953245044,0.1642152754381722,0,2757.0,9552938.356800796,1.0614375952000885,0.1546475167829796
338670,Mile Svilar,2024,Goalkeeper,Italy - Serie A,Associazione Sportiva Roma,25.349760438056126,3420,38,0.0,25000000.0,17.034386382832476,0.9044973337011792,0.0732617674483933,0,3420.0,10054128.674211564,0.40216514696846256,0.12794696118645024
339314,Deniz Undav,2024,Attack,Germany - Bundesliga,VfB Stuttgart,28.45448323066393,1729,27,0.6246385193753614,20000000.0,16.811242831518264,-0.5778843535737064,0.20506067046787446,0,2249.0,33017906.73818182,1.6508953369090908,0.16032789345700985
339808,Theo Hernández,2024,Defender,Italy - Serie A,AC Milan,27.23887748117728,2696,33,0.2336795252225519,35000000.0,17.37085861945369,0.1921558026310921,0.052427740637710836,1,0.0,27121524.372387424,0.7749006963539264,0.0627853134953535
339816,Tete Morente,2024,Attack,Italy - Serie A,US Lecce,28.07665982203969,2029,31,0.2217841301133563,2000000.0,14.50865773852422,-0.7155008186564853,0.5190993789186198,0,1792.0,4197496.908983537,2.0987484544917683,0.5581965689894904
340205,Gorka Guruzeta,2024,Attack,Spain - LaLiga,Athletic Bilbao,28.303901437371664,1842,36,0.4397394136807818,9000000.0,16.012735135300492,-0.059746616952126796,0.3444554308398259,0,2370.0,9517039.526812622,1.0574488363125136,0.3262609884262031
340322,Nathan Tella,2024,Attack,Germany - Bundesliga,Bayer 04 Leverkusen,25.49486652977413,1363,27,0.3961848862802641,15000000.0,16.523560759066484,0.9612517078536884,0.27569194874209196,1,870.0,5826715.842981664,0.3884477228654443,0.3190621730522931
340324,Eddie Nketiah,2024,Attack,England - Premier League,Crystal Palace,25.593429158110883,1025,29,0.4390243902439024,18000000.0,16.70588231586044,0.6857642692508521,0.49205347270976446,1,416.0,9051709.030594405,0.5028727239219114,0.4430668167370331
340328,Stephy Mavididi,2024,Attack,England - Premier League,Leicester City,26.590006844626966,1617,30,0.2782931354359926,10000000.0,16.11809565095832,-0.3413319599330893,0.5423773055369197,1,0.0,13762387.555084664,1.3762387555084665,0.373635994249125
340329,Joe Willock,2024,Midfield,England - Premier League,Newcastle United,25.36892539356605,1073,32,0.1677539608574091,22000000.0,16.90655301132259,0.20393541925038772,0.40811289981040344,0,980.0,17328436.086217415,0.7876561857371552,0.26618323373996533
340353,Maduka Okoye,2024,Goalkeeper,Italy - Serie A,Udinese Calcio,25.347022587268995,2250,25,0.0,7500000.0,15.83041357850654,0.6340433081973047,0.2526842554051107,0,2617.0,4085471.912321334,0.5447295883095111,0.3033713064569543
340376,Abel Ruiz,2024,Attack,Spain - LaLiga,Girona FC,24.928131416837783,1358,23,0.2650957290132548,4000000.0,15.201804919084164,0.11704897156517813,0.5051973637543778,1,178.0,3664271.4498900804,0.9160678624725201,0.42919179188831635
340456,Noussair Mazraoui,2024,Defender,England - Premier League,Manchester United,27.132101300479125,2849,37,0.0631800631800631,25000000.0,17.034386382832476,0.6448329845848111,0.14689560328564683,0,984.0,12878214.379807785,0.5151285751923114,0.12591666933032594
340459,Dani de Wit,2024,Midfield,Germany - Bundesliga,VfL Bochum,26.92676249144421,1145,28,0.314410480349345,2500000.0,14.73180128983843,-0.04814020588173351,0.5894477714492407,1,0.0,2718852.3934522932,1.0875409573809174,0.5991649304074665
340853,Javi Sánchez,2024,Defender,Spain - LaLiga,Real Valladolid CF,27.802874743326488,2031,25,0.0886262924667651,1500000.0,14.22097566607244,-0.7519288740266421,0.4659276803993507,1,0.0,3284917.7458512704,2.189945163900847,0.5371224625201944
340918,Caoimhín Kelleher,2024,Goalkeeper,England - Premier League,Liverpool FC,26.10814510609172,900,10,0.0,20000000.0,16.811242831518264,1.3375778040391597,0.4710020043203562,0,3330.0,5347854.618249345,0.26739273091246724,0.35239765052770955
340950,Diogo Jota,2024,Attack,England - Premier League,Liverpool FC,28.07665982203969,1194,26,0.7537688442211055,40000000.0,17.50439001207821,0.23822705610938955,0.37926007111701543,1,0.0,29435074.773616664,0.7358768693404166,0.3387700312154705
341051,Kyle Walker-Peters,2024,Defender,England - Premier League,Southampton FC,27.720739219712527,2922,33,0.0616016427104722,15000000.0,16.523560759066484,0.5950054044447155,0.10696203550488532,0,1380.0,8291012.237751812,0.5527341491834541,0.08494304783266016
341227,Juan Miranda,2024,Defender,Italy - Serie A,Bologna Football Club 1909,24.95277207392197,2277,31,0.2371541501976284,15000000.0,16.523560759066484,0.21445366315063952,0.12571204158148905,0,2573.0,11929049.314427383,0.7952699542951589,0.16608639278345091
341264,Fran García,2024,Defender,Spain - LaLiga,Real Madrid,25.38535249828884,2174,31,0.0827966881324747,18000000.0,16.70588231586044,0.3335747886693232,0.17749240996179824,0,930.0,12668698.842145544,0.7038166023414191,0.2025022297952202
341278,Iván Martín,2024,Midfield,Spain - LaLiga,Girona FC,25.88090349075976,2043,32,0.0881057268722467,6000000.0,15.60727002719233,-0.6359322774953013,0.3312717232823152,0,2540.0,11202823.258473862,1.8671372097456436,0.4698026022482992
341713,Diego Conde,2024,Goalkeeper,Spain - LaLiga,Villarreal CF,26.17932922655715,1963,22,0.0458481915435557,7500000.0,15.83041357850654,0.5415002811181155,0.30851208619007536,1,0.0,4470347.545579746,0.5960463394106329,0.42889269507626404
342046,Axel Tuanzebe,2024,Defender,England - Premier League,Ipswich Town,27.132101300479125,1717,22,0.052417006406523,5000000.0,15.424948470398377,-0.3638257672311975,0.5086044631623721,0,1202.0,7248951.081468919,1.449790216293784,0.37349547724135335
342226,Irvin Cardona,2024,Attack,Spain - LaLiga,RCD Espanyol Barcelona,27.40041067761807,1646,31,0.5467800729040098,2500000.0,14.73180128983843,-1.0480808958705667,0.5741801581748202,1,0.0,7187186.870399052,2.874874748159621,0.45658904028877983
342229,Kylian Mbappé,2024,Attack,Spain - LaLiga,Real Madrid,26.034223134839152,2917,34,1.0490229688035653,180000000.0,19.00846740885449,0.22513819711447103,0.02288357291707361,0,2606.0,119271674.80247532,0.6626204155693073,0.05133219118515566
342385,Guido Rodríguez,2024,Midfield,England - Premier League,West Ham United,30.72416153319644,1155,23,0.0779220779220779,10000000.0,16.11809565095832,0.8852755059295463,0.4689164306431317,0,1485.0,4233025.853577744,0.42330258535777443,0.4403091427552622
342405,Mattias Svanberg,2024,Midfield,Germany - Bundesliga,VfL Wolfsburg,25.99041752224504,1223,20,0.294358135731807,12000000.0,16.300417207752275,0.21338920660517324,0.30196056767335144,1,854.0,9650410.843898546,0.8042009036582122,0.39814604938274456
343052,Nicolas Pépé,2024,Attack,Spain - LaLiga,Villarreal CF,29.59616700889801,1496,28,0.5414438502673796,6000000.0,15.60727002719233,-0.3353457309818064,0.48525666567227893,0,2397.0,8403616.337805199,1.400602722967533,0.4956319620830955
343463,Cyle Larin,2024,Attack,Spain - LaLiga,RCD Mallorca,29.711156741957563,1772,32,0.4571106094808126,3500000.0,15.068273526459642,-0.5194456931730111,0.46700039674934574,1,0.0,5971560.729010985,1.706160208288853,0.3791793079102097
343537,Artem Dovbyk,2024,Attack,Italy - Serie A,Associazione Sportiva Roma,27.53182751540041,2432,32,0.5550986842105263,30000000.0,17.216707939626428,-0.283648174815301,0.09766248296300549,1,386.0,36624744.18166952,1.2208248060556506,0.09558652242966786
343959,Erhan Masovic,2024,Defender,Germany - Bundesliga,VfL Bochum,26.11088295687885,907,16,0.1984564498346196,2000000.0,14.50865773852422,-1.2024760676256876,0.6083438770031897,1,0.0,6726744.448128265,3.3633722240641326,0.6624414809924173
344069,Anton Stach,2024,Midfield,Germany - Bundesliga,TSG 1899 Hoffenheim,26.13004791238877,2590,30,0.1042471042471042,14000000.0,16.454567887579532,0.03276885200351343,0.12044873018650218,0,2378.0,13279103.49022399,0.9485073921588565,0.13218299044105147
344072,Kelvin Amian,2024,Defender,France - Ligue 1,FC Nantes,26.89664613278576,2163,30,0.0416088765603328,2500000.0,14.73180128983843,-1.0912347873057007,0.40487816865541626,0,1962.0,7491831.501376968,2.996732600550787,0.6040624518506619
344381,Christopher Nkunku,2024,Attack,England - Premier League,Chelsea FC,27.132101300479125,910,27,0.4945054945054945,35000000.0,17.37085861945369,0.4123399123627052,0.4608878681730068,0,1351.0,22057341.757315543,0.6302097644947298,0.34216125019965526
344596,Malang Sarr,2024,Defender,France - Ligue 1,RC Lens,25.94113620807666,1382,21,0.0,5000000.0,15.424948470398377,-0.2539952058127004,0.4826427716915725,0,2925.0,6521205.388793641,1.304241077758728,0.46968875501371193
344695,Dayot Upamecano,2024,Defender,Germany - Bundesliga,Bayern Munich,26.18206707734429,1763,20,0.1020986954055587,50000000.0,17.72753356339242,0.8723418659254851,0.08977062640625658,0,1798.0,20012499.616216652,0.40024999232433306,0.13040398366292633
345458,Sebastian Walukiewicz,2024,Defender,Italy - Serie A,Torino FC,24.7419575633128,1842,31,0.0,4500000.0,15.319587954740548,-0.22303543322191866,0.3294953485074108,0,2855.0,5716872.742599716,1.2704161650221593,0.33813487071195797
345590,Jens Odgaard,2024,Midfield,Italy - Serie A,Bologna Football Club 1909,25.75770020533881,1968,29,0.4115853658536585,12000000.0,16.300417207752275,0.38803763269918967,0.1784966007347913,0,1380.0,8163294.28747675,0.6802745239563959,0.26318821056689684
345886,Rubén Vargas,2024,Attack,Spain - LaLiga,Sevilla FC,26.409308692676248,982,19,0.2749490835030549,7000000.0,15.761420707019589,-0.14506581161312315,0.5234021509462865,0,1610.0,8117245.442133097,1.1596064917332995,0.5386820497237836
345911,Ladislav Krejci,2024,Defender,Spain - LaLiga,Girona FC,25.70294318959617,2439,28,0.1107011070110701,12000000.0,16.300417207752275,0.6006772240800351,0.128851914767727,0,2541.0,6653277.879594985,0.5544398232995821,0.14602538960582717
346314,Trevoh Chalobah,2024,Defender,England - Premier League,Chelsea FC,25.49486652977413,1974,25,0.182370820668693,25000000.0,17.034386382832476,0.08987191524581051,0.22588716643141807,0,2782.0,21768650.341613308,0.8707460136645323,0.1729005918799942
346499,Danel Sinani,2024,Midfield,Germany - Bundesliga,FC St. Pauli,27.742642026009584,1253,26,0.2154828411811652,1500000.0,14.22097566607244,-0.870176890739037,0.6924494085517708,0,2069.0,3687217.0380324125,2.4581446920216083,0.6625071194421389
346546,Radoslaw Majecki,2024,Goalkeeper,France - Ligue 1,AS Monaco,25.127994524298423,1350,15,0.0,6000000.0,15.60727002719233,0.9304011221753368,0.4463954863685621,1,865.0,2456836.4966881364,0.40947274944802275,0.4567315688477596
346551,Kamil Grabara,2024,Goalkeeper,Germany - Bundesliga,VfL Wolfsburg,25.98220396988364,2586,29,0.0,14000000.0,16.454567887579532,0.7744903765977487,0.1551063677410381,0,3060.0,6528339.457484483,0.4663099612488916,0.16316765395086072
346561,Luca Ranieri,2024,Defender,Italy - Serie A,ACF Fiorentina,25.69472963723477,3078,36,0.1169590643274853,12000000.0,16.300417207752275,-0.09726521800517185,0.08455114607318635,0,2463.0,12978145.18165442,1.0815120984712017,0.1306776119626235
346567,Luca Pellegrini,2024,Defender,Italy - Serie A,Società Sportiva Lazio S.p.A.,25.82340862422998,1058,22,0.5103969754253308,3000000.0,14.914122846632385,-0.5616423749059432,0.5091683345119782,0,1477.0,5358740.994753265,1.7862469982510882,0.44619199832287426
346779,Ché Adams,2024,Attack,Italy - Serie A,Torino FC,28.470910335386723,2658,36,0.4063205417607223,15000000.0,16.523560759066484,0.4632710823873274,0.13761815022202348,0,1897.0,9406645.27049045,0.6271096846993633,0.18243145074376146
346853,Romano Schmid,2024,Midfield,Germany - Bundesliga,SV Werder Bremen,24.93086926762492,2846,32,0.3162333099086437,17000000.0,16.64872390202049,-0.35892849466559973,0.08904417709958497,0,2993.0,23100190.393687844,1.3588347290404614,0.10766663957485154
348791,Junya Ito,2024,Attack,France - Ligue 1,Stade Reims,31.81656399726215,2702,33,0.2997779422649889,6000000.0,15.60727002719233,0.4783878881427359,0.1674100693436244,1,0.0,3825448.5336867995,0.6375747556144665,0.17759284138801562
348795,Giovani Lo Celso,2024,Midfield,Spain - LaLiga,Real Betis Balompié,28.73100616016427,1454,25,0.6808803301237965,15000000.0,16.523560759066484,0.3206725949817977,0.2037089791616298,0,1397.0,10780129.091813069,0.718675272787538,0.30411181227366324
349066,Alexander Isak,2024,Attack,England - Premier League,Newcastle United,25.281314168377826,2774,34,0.9408795962509012,120000000.0,18.60300230074632,0.24752158162008908,0.03906190690060781,1,702.0,80697942.78647734,0.6724828565539779,0.05914104097843998
349599,Pervis Estupiñán,2024,Defender,England - Premier League,Brighton & Hove Albion,26.94592744695414,2403,30,0.0749063670411985,30000000.0,17.216707939626428,0.5357526529831476,0.18394297958552117,0,1036.0,16977155.466809735,0.5659051822269912,0.1175142268860408
349701,Antonee Robinson,2024,Defender,England - Premier League,Fulham FC,27.40041067761807,3167,36,0.2841806125670982,35000000.0,17.37085861945369,0.17468367225735593,0.048724792020005944,0,1492.0,27568991.98654556,0.7876854853298731,0.04976177016639658
350219,Fabián Ruiz,2024,Midfield,France - Ligue 1,Paris Saint-Germain,28.747433264887064,1922,30,0.4214360041623309,40000000.0,17.50439001207821,1.6032251956180872,0.10355719009332764,0,1129.0,8075879.881126322,0.20189699702815805,0.1227193494105968
351478,Mikel Oyarzabal,2024,Attack,Spain - LaLiga,Real Sociedad,27.698836413415467,2263,35,0.477242598320813,25000000.0,17.034386382832476,0.43158365258375664,0.13952185269399636,0,2715.0,15766856.058944864,0.6306742423577946,0.1614671432822195
351749,Kalvin Phillips,2024,Midfield,England - Premier League,Ipswich Town,29.08418891170432,1240,19,0.0,12000000.0,16.300417207752275,1.4243504377552982,0.4186728465535939,1,0.0,2987749.7985868854,0.24897914988224046,0.374091713774228
351809,Robin Le Normand,2024,Defender,Spain - LaLiga,Atlético de Madrid,28.139630390143736,2149,27,0.0418799441600744,40000000.0,17.50439001207821,0.7934043397834634,0.07548873175717824,0,1783.0,17466032.980489157,0.4366508245122289,0.09446594134749006
351816,Ismaël Bennacer,2024,Midfield,France - Ligue 1,Olympique Marseille,27.08555783709788,952,18,0.1890756302521008,15000000.0,16.523560759066484,1.0298180846624212,0.35320071601439107,1,0.0,5452819.551260103,0.3635213034173402,0.49451563942092347
351955,Federico Baschirotto,2024,Defender,Italy - Serie A,US Lecce,28.281998631074607,3420,38,0.0526315789473684,3600000.0,15.096444403426338,-1.6455417084293695,0.1329866847768698,0,2541.0,17985166.338820167,4.995879538561158,0.2970182491550332
352041,Lucas Perri,2024,Goalkeeper,France - Ligue 1,Olympique Lyon,27.06091718001369,2970,33,0.0,10000000.0,16.11809565095832,0.35987757878103066,0.15991413338942448,0,1440.0,7038857.32888453,0.703885732888453,0.13123450344888044
353032,Omar Alderete,2024,Defender,Spain - LaLiga,Getafe CF,28.0164271047228,2978,34,0.0302216252518468,8000000.0,15.89495209964411,-0.7884931558415231,0.14024803213912787,0,2802.0,17017175.715340838,2.1271469644176046,0.21981751135579278
353365,Marcus Coco,2024,Defender,France - Ligue 1,FC Nantes,28.52292950034224,955,20,0.094240837696335,1200000.0,13.997832114758229,-1.226309168280736,0.7724427977131082,1,0.0,4197426.344798627,3.4978552873321895,0.7089651259731936
353366,Benjamin Pavard,2024,Defender,Italy - Serie A,Inter Milan,28.76386036960985,1584,23,0.0568181818181818,25000000.0,17.034386382832476,1.267138857252951,0.16598398244556828,0,2019.0,7100312.076940353,0.2840124830776141,0.2665737084926551
353399,Romain Del Castillo,2024,Attack,France - Ligue 1,Stade Brestois 29,28.761122518822724,1259,26,0.7148530579825259,7000000.0,15.761420707019589,-1.0992824777973302,0.467810255266397,0,2646.0,20116719.31945134,2.8738170456359056,0.4136933946261048
353404,Gaëtan Perrin,2024,Attack,France - Ligue 1,AJ Auxerre,28.56947296372348,2707,34,0.6981898780938308,8000000.0,15.89495209964411,-0.7314592201747723,0.1637545573254081,1,334.0,16123267.154553859,2.0154083943192322,0.23871143564749586
354352,Frédéric Guilbert,2024,Defender,Italy - Serie A,US Lecce,30.023271731690624,2450,31,0.036734693877551,2500000.0,14.73180128983843,-0.6206136786718877,0.34182639206818444,1,610.0,4754754.656756981,1.9019018627027926,0.3293787523571302
354361,Frank Anguissa,2024,Midfield,Italy - Serie A,SSC Napoli,29.127994524298423,2858,35,0.3463960811756473,27000000.0,17.111347423968603,0.05145395253584528,0.05826012600943516,0,1256.0,24261983.355472516,0.8985919761286117,0.08656971558418272
354362,Rodrigo Bentancur,2024,Midfield,England - Premier League,Tottenham Hotspur,27.520876112251884,1653,26,0.1088929219600726,30000000.0,17.216707939626428,1.0523619755465359,0.29782392045846867,0,1892.0,10390640.360292273,0.34635467867640907,0.22465292153093777
354482,Amir Murillo,2024,Defender,France - Ligue 1,Olympique Marseille,28.88980150581793,2436,30,0.1477832512315271,10000000.0,16.11809565095832,0.6249561466879401,0.18355638462364973,0,988.0,5449637.014372491,0.5449637014372491,0.16242373798732607
354726,Florian Sotoca,2024,Attack,France - Ligue 1,RC Lens,34.18754277891855,1799,31,0.1000555864369094,2000000.0,14.50865773852422,0.01159644238490154,0.5611162319425285,1,494.0,2057675.4205650322,1.0288377102825161,0.5077964963383171
354814,M'Bala Nzola,2024,Attack,France - Ligue 1,RC Lens,28.372347707049965,1465,21,0.4300341296928327,6000000.0,15.60727002719233,-0.4614103762705444,0.47019376968930887,0,1520.0,9482484.41995099,1.5804140699918316,0.4257921997754627
355369,Jordan,2024,Attack,Germany - Bundesliga,1.FC Union Berlin,28.684462696783022,1291,25,0.139426800929512,3000000.0,14.914122846632385,-0.2803416687629383,0.6698687343426113,1,0.0,4077897.2895568176,1.359299096518939,0.6191693680494659
355628,Igor Zubeldia,2024,Defender,Spain - LaLiga,Real Sociedad,27.75906913073237,2273,28,0.0,12000000.0,16.300417207752275,0.3443064707977257,0.15339774896622607,0,2082.0,8513100.27435179,0.7094250228626492,0.20388224428088245
355816,Ko Itakura,2024,Defender,Germany - Bundesliga,Borussia Mönchengladbach,27.928815879534564,2790,31,0.1290322580645161,12000000.0,16.300417207752275,0.1929998629614662,0.11425433500246576,1,0.0,9840442.349684646,0.8200368624737205,0.14630700413197154
355861,Arnaut Danjuma,2024,Attack,Spain - LaLiga,Girona FC,27.91786447638604,1538,28,0.2340702210663199,4000000.0,15.201804919084164,0.1441594949440379,0.516511474717147,0,1627.0,3568564.104280182,0.8921410260700455,0.5067313682205662
355915,Cristian Romero,2024,Defender,England - Premier League,Tottenham Hotspur,26.68309377138946,1420,18,0.1267605633802817,50000000.0,17.72753356339242,1.0188925127513504,0.14512977863050305,0,1873.0,17427372.633403357,0.34854745266806714,0.1365389571222944
356141,Daichi Kamada,2024,Midfield,England - Premier League,Crystal Palace,28.407939767282684,1553,34,0.0,12000000.0,16.300417207752275,-0.2216974272564003,0.5315516408286574,0,1909.0,14606041.083981777,1.2171700903318148,0.3770823676181573
357047,Gautier Larsonneur,2024,Goalkeeper,France - Ligue 1,AS Saint-Étienne,27.854893908282,3033,34,0.0,3000000.0,14.914122846632385,-0.269699975049138,0.2260491836062653,1,0.0,4035852.8523928556,1.3452842841309518,0.17348078926775273
357117,Alban Lafont,2024,Goalkeeper,France - Ligue 1,FC Nantes,25.94113620807666,1080,12,0.0,7000000.0,15.761420707019589,-0.39893953181062436,0.45356335878066434,1,0.0,10351157.87097771,1.4787368387111013,0.45853761082714956
357119,Ibrahima Konaté,2024,Defender,England - Premier League,Liverpool FC,25.607118412046542,2565,31,0.1052631578947368,60000000.0,17.909855120186375,1.350963021154234,0.07242659985876448,0,3100.0,15124364.853897776,0.25207274756496295,0.08218697785246148
357147,Diogo Dalot,2024,Defender,England - Premier League,Manchester United,25.793292265571527,2813,33,0.0959829363668681,30000000.0,17.216707939626428,0.293494012921534,0.08594632085835353,0,2616.0,21336633.199733704,0.7112211066577901,0.06265579672606818
357156,Diogo Leite,2024,Defender,Germany - Bundesliga,1.FC Union Berlin,25.94113620807666,2548,30,0.1059654631083202,17000000.0,16.64872390202049,0.4868080329287827,0.07659096645011934,0,1970.0,10366550.387396997,0.6097970816115881,0.1042609281830029
357164,Rafael Leão,2024,Attack,Italy - Serie A,AC Milan,25.56331279945243,2330,34,0.6952789699570815,70000000.0,18.064005800013632,0.10737933467762106,0.05822524176478931,0,1861.0,55911898.03480344,0.798741400497192,0.06744851924348443
357498,Dušan Vlahović,2024,Attack,Italy - Serie A,Juventus FC,24.928131416837783,1784,29,0.7062780269058295,35000000.0,17.37085861945369,-0.3448976597306337,0.14466149613633733,0,970.0,44740815.89670529,1.2783090256201513,0.1836604138856879
357628,Alfon González,2024,Attack,Spain - LaLiga,Celta de Vigo,25.66461327857632,1372,26,0.4591836734693877,5000000.0,15.424948470398377,0.006500326180819638,0.44759267297822775,1,639.0,5069281.168314272,1.0138562336628543,0.5010379884266163
357662,Declan Rice,2024,Midfield,England - Premier League,Arsenal FC,25.965776865160848,2833,35,0.3494528768090363,120000000.0,18.60300230074632,0.8248942215005324,0.028142297764059507,0,3099.0,47402669.14205341,0.39502224285044507,0.046624795818866104
357796,Domagoj Bradarić,2024,Defender,Italy - Serie A,Hellas Verona,25.062286105407257,1944,28,0.0462962962962962,4000000.0,15.201804919084164,-0.8350638693651584,0.3559885130822933,0,1971.0,9198086.465758916,2.299521616439729,0.42503853702787203
357885,Pablo Fornals,2024,Midfield,Spain - LaLiga,Real Betis Balompié,28.85968514715948,1838,26,0.0979325353645266,6000000.0,15.60727002719233,-0.18716760186267845,0.39986354413680636,0,2866.0,7288559.668054118,1.2147599446756863,0.3848701185572222
357992,Raoul Bellanova,2024,Midfield,Italy - Serie A,Atalanta BC,24.62696783025325,2495,35,0.3967935871743487,24000000.0,16.99356438831222,0.09249537963965926,0.06364154606566078,0,1373.0,20896398.583237894,0.8706832743015789,0.09481289838374804
358008,Gianluca Gaetano,2024,Midfield,Italy - Serie A,Cagliari Calcio,24.65982203969884,998,28,0.5410821643286573,4000000.0,15.201804919084164,-1.0437134404265853,0.5618372835640281,0,1911.0,11227594.158016339,2.806898539504085,0.5313599666609623
358115,Luis Pérez,2024,Defender,Spain - LaLiga,Real Valladolid CF,29.908281998631075,2558,30,0.0,1400000.0,14.151982794585487,-0.49265511295744835,0.4268428672471862,1,0.0,2380099.494401646,1.700071067429747,0.42504320175524635
358166,Eldor Shomurodov,2024,Attack,Italy - Serie A,Associazione Sportiva Roma,29.51129363449692,1093,27,0.6587374199451053,5000000.0,15.424948470398377,-0.25390718130247336,0.5634033314442936,1,0.0,6520651.8595838575,1.3041303719167714,0.5122127535189892
358504,Ritsu Doan,2024,Attack,Germany - Bundesliga,SC Freiburg,26.546201232032853,2874,34,0.5636743215031316,25000000.0,17.034386382832476,0.06578853344376001,0.064525124309457,0,2379.0,22267437.165434808,0.8906974866173923,0.07437408291126027
360518,Teun Koopmeiners,2024,Midfield,Italy - Serie A,Juventus FC,26.84188911704312,1996,28,0.2705410821643286,35000000.0,17.37085861945369,0.7019066498292399,0.09987879065129414,0,1819.0,16785521.101585247,0.4795863171881499,0.16712330120590488
361065,Mitchel Bakker,2024,Midfield,France - Ligue 1,LOSC Lille,24.53388090349076,1160,25,0.3879310344827586,7000000.0,15.761420707019589,-0.1589838291950132,0.3680279195984481,1,8.0,8226413.680719813,1.1752019543885448,0.4187382812496835
361068,Jurgen Ekkelenkamp,2024,Midfield,Italy - Serie A,Udinese Calcio,24.7419575633128,1896,34,0.2373417721518987,7000000.0,15.761420707019589,0.1060724226261569,0.2921255069935108,0,2205.0,6374464.332802171,0.9106377618288816,0.4424883037601906
361914,Nayef Aguerd,2024,Defender,Spain - LaLiga,Real Sociedad,28.7583846680356,1763,21,0.0,18000000.0,16.70588231586044,0.6171079357869891,0.19160981293400708,0,1579.0,9666545.57564283,0.537030309757935,0.2837726453999633
362086,Isi Palazón,2024,Attack,Spain - LaLiga,Rayo Vallecano,30.015058179329227,2166,35,0.3324099722991689,3500000.0,15.068273526459642,-1.139941023002946,0.3729322276081471,0,2263.0,10835067.424362376,3.095733549817822,0.3711593643710367
362108,Gabriel Gudmundsson,2024,Defender,France - Ligue 1,LOSC Lille,25.67830253251197,1787,30,0.1007274762171236,7000000.0,15.761420707019589,0.9671830502968666,0.26691079269741214,0,2639.0,2757289.167168632,0.39389845245266175,0.2914111148692799
362842,Arthur Melo,2024,Midfield,Spain - LaLiga,Girona FC,28.38877481177276,942,15,0.0,5000000.0,15.424948470398377,-0.13685096760057647,0.5656522346837207,1,0.0,5823846.389934816,1.1647692779869632,0.4967481099234506
362977,Josip Juranovic,2024,Defender,Germany - Bundesliga,1.FC Union Berlin,29.37987679671458,1159,17,0.0,4000000.0,15.201804919084164,0.3902636853833714,0.5306939682100367,1,325.0,2804523.7392265648,0.7011309348066412,0.5242920591079717
363057,Pedro Díaz,2024,Midfield,Spain - LaLiga,Rayo Vallecano,26.576317590691307,1205,26,0.2240663900414937,3000000.0,14.914122846632385,-0.39285446571656735,0.5849730039451446,0,1870.0,4549510.900310969,1.5165036334369897,0.573961779940879
364135,Moise Kean,2024,Attack,Italy - Serie A,ACF Fiorentina,24.843258042436688,2711,32,0.7303578015492438,50000000.0,17.72753356339242,0.6788340716000216,0.06021993051194239,0,2041.0,24008316.2989486,0.480166325978972,0.07810449057413422
364258,Bernardo,2024,Defender,Germany - Bundesliga,VfL Bochum,29.637234770705,1781,21,0.0,5500000.0,15.5202586502027,0.32374492697663726,0.2834717134388729,0,2319.0,4086042.63816847,0.7429168433033582,0.21971485750271835
365108,Dan Ndoye,2024,Attack,Italy - Serie A,Bologna Football Club 1909,24.186173853524984,2151,30,0.502092050209205,35000000.0,17.37085861945369,0.8646265792778434,0.08348166129083213,0,1176.0,14387617.626964947,0.41107478934185565,0.1007263278125897
366930,Sergio Gómez,2024,Defender,Spain - LaLiga,Real Sociedad,24.32580424366872,2745,37,0.2295081967213114,20000000.0,16.811242831518264,0.6452776544146452,0.07322386842013676,0,2706.0,10406722.345193472,0.5203361172596735,0.09700891117611868
367284,Leo Østigård,2024,Defender,France - Ligue 1,Stade Rennais FC,25.09514031485284,2156,27,0.0417439703153988,10000000.0,16.11809565095832,0.7987008896660699,0.17750380682083675,0,2623.0,4604723.285477028,0.4604723285477028,0.19716782881479386
368482,Riccardo Orsolini,2024,Attack,Italy - Serie A,Bologna Football Club 1909,27.93702943189596,1886,30,0.9544008483563096,25000000.0,17.034386382832476,-0.18739364176499462,0.12863854237323927,0,2117.0,28237844.371210475,1.129513774848419,0.1513331266000661
368887,Loïs Openda,2024,Attack,Germany - Bundesliga,RB Leipzig,24.876112251882272,2464,33,0.6574675324675325,50000000.0,17.72753356339242,0.005228365684276426,0.06634397156721052,1,702.0,45013360.43129465,0.900267208625893,0.06604837854161015
368891,Arthur Theate,2024,Defender,Germany - Bundesliga,Eintracht Frankfurt,24.6050650239562,2709,31,0.0,24000000.0,16.99356438831222,0.44807771455692214,0.07088853378334771,0,2144.0,14933381.351479052,0.6222242229782938,0.07825127193093949
369081,Federico Valverde,2024,Midfield,Spain - LaLiga,Real Madrid,26.4476386036961,3034,36,0.2966381015161503,130000000.0,18.683045008419857,1.077104228623546,0.018018339763756965,0,2747.0,40404417.008592784,0.31080320775840603,0.04648877923840777
369674,Joakim Maehle,2024,Defender,Germany - Bundesliga,VfL Wolfsburg,27.61943874058864,2190,28,0.2876712328767123,14000000.0,16.454567887579532,0.07252879782233901,0.12994251137674864,0,1224.0,12786511.026870176,0.9133222162050126,0.17627301549439595
369684,Rasmus Nissen Kristensen,2024,Defender,Germany - Bundesliga,Eintracht Frankfurt,27.477070499657767,2516,30,0.2861685214626391,14000000.0,16.454567887579532,0.25287351821392257,0.10369137505139649,0,1542.0,10767853.328604162,0.769132380614583,0.11748935624102547
370683,Andreas Hanche-Olsen,2024,Defender,Germany - Bundesliga,1.FSV Mainz 05,27.956194387405887,1279,22,0.1407349491790461,6000000.0,15.60727002719233,0.38898738704979685,0.4256308147160783,1,850.0,4173560.8984293225,0.6955934830715538,0.48242349546839114
370789,Julian Ryerson,2024,Defender,Germany - Bundesliga,Borussia Dortmund,27.123887748117728,2270,29,0.2378854625550661,20000000.0,16.811242831518264,0.3922879693861927,0.11517605909772356,0,2274.0,13243257.68009872,0.662162884004936,0.10846962045484994
370791,Pablo Rosario,2024,Midfield,France - Ligue 1,OGC Nice,27.98357289527721,1775,29,0.2028169014084507,8000000.0,15.89495209964411,0.32084079467905013,0.264171610095203,1,27.0,5893558.861783952,0.736694857722994,0.331305701414882
370846,Timothy Weah,2024,Midfield,Italy - Serie A,Juventus FC,24.85968514715948,1638,30,0.4395604395604395,17000000.0,16.64872390202049,0.7147518371252088,0.17616492828491542,0,2263.0,8334216.395239383,0.49024802324937544,0.23595211700920324
371021,Arijanet Murić,2024,Goalkeeper,England - Premier League,Ipswich Town,26.151950718685832,1620,18,0.0,6000000.0,15.60727002719233,-0.10599306293377175,0.5901622035471819,0,2880.0,6740561.7588094855,1.123426959801581,0.5165428197572642
371141,Stanley Nsoki,2024,Defender,Germany - Bundesliga,TSG 1899 Hoffenheim,25.73305954825462,1307,22,0.0,2500000.0,14.73180128983843,-0.1037925063565952,0.5443742873268326,1,819.0,2871499.5666846447,1.148599826673858,0.5686097402702247
371149,Evan Ndicka,2024,Defender,Italy - Serie A,Associazione Sportiva Roma,25.36892539356605,3420,38,0.0526315789473684,30000000.0,17.216707939626428,-0.046418273432897506,0.04518159608231053,0,2683.0,29351597.094506904,0.9783865698168969,0.0715786592979633
371371,Marash Kumbulla,2024,Defender,Spain - LaLiga,RCD Espanyol Barcelona,24.89801505817933,2976,35,0.0907258064516128,7500000.0,15.83041357850654,-0.42753796915345976,0.1568206547705457,1,438.0,11361490.707751183,1.5148654277001576,0.16159528602914924
371686,Carlens Arcus,2024,Defender,France - Ligue 1,Angers SCO,28.511978097193705,2055,28,0.0437956204379562,1800000.0,14.403297222866392,-0.4109523935168875,0.4859431421456032,0,2045.0,2811988.3104678174,1.5622157280376763,0.5376906760062848
371851,Jaka Bijol,2024,Defender,Italy - Serie A,Udinese Calcio,25.905544147843944,2964,34,0.0910931174089069,18000000.0,16.70588231586044,0.2638140048787081,0.07292937279705312,0,1893.0,13537328.939041354,0.7520738299467419,0.07929834782780504
371998,Vinicius Junior,2024,Attack,Spain - LaLiga,Real Madrid,24.47364818617385,2258,30,0.8370239149689991,170000000.0,18.951308995014536,0.4885455602762645,0.03703871403799779,0,2825.0,89028787.60317834,0.5236987506069314,0.06707668652658894
372246,Carlos Soler,2024,Midfield,England - Premier League,West Ham United,27.99726214921287,1404,31,0.1282051282051282,18000000.0,16.70588231586044,0.41895930967576644,0.4845487190238437,0,2326.0,11679590.79605127,0.6488661553361816,0.3601550131209428
372712,Ibrahima Sissoko,2024,Midfield,Germany - Bundesliga,VfL Bochum,27.1813826146475,2624,32,0.1028963414634146,6000000.0,15.60727002719233,-0.8579180753561833,0.2536500016186309,1,804.0,13837877.615936058,2.306312935989343,0.20711975293030044
374954,Kristijan Jakic,2024,Midfield,Germany - Bundesliga,FC Augsburg,27.63586584531143,2308,31,0.0389948006932409,6500000.0,15.687312734865866,0.3877435904730464,0.2709811100374442,0,1654.0,4516880.837096285,0.6949047441686592,0.2706950776477177
375382,André Almeida,2024,Midfield,Spain - LaLiga,Valencia CF,24.591375770020534,1988,34,0.1810865191146881,10000000.0,16.11809565095832,0.22788193250904687,0.3023022501427284,0,1016.0,7991405.575369845,0.7991405575369845,0.47222617796488087
376514,Mathías Olivera,2024,Defender,Italy - Serie A,SSC Napoli,27.17043121149897,2372,32,0.1138279932546374,20000000.0,16.811242831518264,0.4398647601109924,0.13534340528419547,0,1368.0,12657502.459892182,0.6328751229946091,0.13394470318319754
377219,Selim Amallah,2024,Midfield,Spain - LaLiga,Real Valladolid CF,28.128678986995208,1385,24,0.3249097472924188,1600000.0,14.28551418721001,-1.1395991135356005,0.6406970479851309,1,0.0,5102137.998471876,3.1888362490449222,0.6095153818440252
377393,Pierre Lees-Melou,2024,Midfield,France - Ligue 1,Stade Brestois 29,31.60574948665298,1528,20,0.2356020942408377,6000000.0,15.60727002719233,0.23805215047297024,0.29630447637741625,0,1966.0,4832927.829280207,0.8054879715467012,0.41493678479535884
378139,Aitor Ruibal,2024,Attack,Spain - LaLiga,Real Betis Balompié,28.78028747433265,1303,29,0.2762854950115119,3500000.0,15.068273526459642,0.1469486207295616,0.59620902251068,0,1814.0,3123204.753377539,0.8923442152507255,0.5051417941352437
378293,Yangel Herrera,2024,Midfield,Spain - LaLiga,Girona FC,26.98425735797399,2265,29,0.2781456953642384,15000000.0,16.523560759066484,-0.299725173597865,0.1612362688656712,1,638.0,19419490.741713073,1.2946327161142048,0.19766315237403193
380350,Igor Julio,2024,Defender,England - Premier League,Brighton & Hove Albion,26.899383983572896,960,13,0.0,20000000.0,16.811242831518264,0.8865036040368937,0.35782801893008054,1,103.0,8260706.259779176,0.4130353129889588,0.39514978027033976
380598,Santi Comesaña,2024,Midfield,Spain - LaLiga,Villarreal CF,28.240930869267626,2565,35,0.2105263157894736,8000000.0,15.89495209964411,-0.7320144194264464,0.21193176140109532,0,2413.0,16131743.102263298,2.016467887782912,0.21763395033822053
381950,Alexis Saelemaekers,2024,Midfield,Italy - Serie A,Associazione Sportiva Roma,25.516769336071185,1490,23,0.7248322147651006,17000000.0,16.64872390202049,-0.1992435584446679,0.1582385613493137,0,2802.0,19876693.442696374,1.1692172613350809,0.25643946206595764
381967,Albert Sambi Lokonga,2024,Midfield,Spain - LaLiga,Sevilla FC,25.196440793976727,1474,22,0.1221166892808684,8000000.0,15.89495209964411,0.7958248591062218,0.31500905857583456,0,1714.0,3716020.503991473,0.4645025629989341,0.3647434596941382
382478,Cédric Zesiger,2024,Defender,Germany - Bundesliga,FC Augsburg,26.5242984257358,1748,22,0.102974828375286,7000000.0,15.761420707019589,0.5869610403894963,0.2564303420471109,0,1812.0,3999211.041052082,0.5713158630074403,0.3020883745614969
384593,Alexis Claude-Maurice,2024,Midfield,Germany - Bundesliga,FC Augsburg,26.573579739904176,2125,28,0.5082352941176471,12000000.0,16.300417207752275,0.026481497590357783,0.14103119219627525,0,2108.0,11535928.711743131,0.9613273926452609,0.15552934322912065
385105,Gabriel Suazo,2024,Defender,France - Ligue 1,FC Toulouse,27.39767282683093,2161,30,0.2498843128181397,4000000.0,15.201804919084164,-0.3335076336879603,0.2845826131205518,0,2096.0,5676597.912716134,1.4191494781790337,0.3525864731382451
385394,Alberto Dossena,2024,Defender,Italy - Serie A,Como 1907,26.220396988364133,1831,23,0.0983069361004915,8000000.0,15.89495209964411,0.47343855529918644,0.20245525320857063,1,856.0,5084366.6771105,0.6355458346388124,0.22741842503122253
386446,Alessandro Buongiorno,2024,Defender,Italy - Serie A,SSC Napoli,25.57426420260096,1926,22,0.0467289719626168,50000000.0,17.72753356339242,0.7614665854266827,0.08656537718469035,0,2522.0,22214498.604937125,0.4442899720987425,0.13871617932319227
386455,Riccardo Sottil,2024,Attack,Italy - Serie A,ACF Fiorentina,25.582477754962355,947,24,0.2851108764519535,5000000.0,15.424948470398377,0.4404950592886414,0.5829125285768318,0,1072.0,3322233.8121251655,0.6644467624250331,0.5893322452371691
386552,Lassana Coulibaly,2024,Midfield,Italy - Serie A,US Lecce,28.72826830937714,2673,38,0.0673400673400673,2500000.0,14.73180128983843,-1.278546627340019,0.3635111693716714,0,2696.0,8967388.20717131,3.586955282868524,0.444579795496881
387047,Danilho Doekhi,2024,Defender,Germany - Bundesliga,1.FC Union Berlin,26.50787132101301,3060,34,0.0294117647058823,13000000.0,16.38045991542581,0.12975856696700871,0.0840950769996394,0,3060.0,11283222.313855885,0.8679401779889142,0.13219583862128345
387626,Leon Bailey,2024,Attack,England - Premier League,Aston Villa,27.39767282683093,1144,24,0.236013986013986,28000000.0,17.14771506813948,0.2833414753911714,0.4413281691115241,1,634.0,20186419.85250477,0.7209435661608847,0.2813524864414098
388125,Stanko Juric,2024,Midfield,Spain - LaLiga,Real Valladolid CF,28.37782340862423,1735,26,0.0,1200000.0,13.997832114758229,-0.8826574731837189,0.6631547152769153,1,0.0,3000729.2918984015,2.500607743248668,0.6640170206918733
388165,Yoane Wissa,2024,Attack,England - Premier League,Brentford FC,28.32854209445585,2929,35,0.7374530556503927,32000000.0,17.281246460764002,-0.10714631935851582,0.09498697065211319,1,521.0,32995289.389297526,1.0311027934155477,0.06371601742043281
388198,Nico Schlotterbeck,2024,Defender,Germany - Bundesliga,Borussia Dortmund,25.086926762491444,1984,23,0.1814516129032258,40000000.0,17.50439001207821,0.4412631660373483,0.0692312696370733,0,2520.0,24335742.52015972,0.608393563003993,0.12832219615603704
388294,Omar Traoré,2024,Defender,Germany - Bundesliga,1. Fußballclub Heidenheim 1846,26.90759753593429,2622,30,0.034324942791762,4000000.0,15.201804919084164,-0.7693286929476901,0.2418130969956378,0,1500.0,8636623.53690148,2.15915588422537,0.35047989129950274
388409,Philipp Sander,2024,Midfield,Germany - Bundesliga,Borussia Mönchengladbach,26.86105407255305,1401,27,0.0642398286937901,4000000.0,15.201804919084164,0.28159783110650727,0.49936436227766634,0,2454.0,3119787.895492909,0.7799469738732272,0.43753255778573147
389837,Nicolò Casale,2024,Defender,Italy - Serie A,Bologna Football Club 1909,26.88021902806297,1033,17,0.0871248789932236,6000000.0,15.60727002719233,0.5169682094248547,0.41992401795423323,1,675.0,3684157.2192154857,0.614026203202581,0.42559760478986236
390304,Federico Ravaglia,2024,Goalkeeper,Italy - Serie A,Bologna Football Club 1909,25.14168377823409,1055,12,0.0,1500000.0,14.22097566607244,-0.4657143077271657,0.7520707054217649,0,1469.0,2480696.630698842,1.6537977537992279,0.6654256203302477
390688,Juan Iglesias,2024,Defender,Spain - LaLiga,Getafe CF,26.49965776865161,2890,37,0.0311418685121107,3500000.0,15.068273526459642,-1.146376244574634,0.28978779342302313,0,3189.0,10901808.628492694,3.114802465283627,0.3731609140367005
391004,Jonas Wind,2024,Attack,Germany - Bundesliga,VfL Wolfsburg,25.90006844626968,1971,31,0.5479452054794521,12000000.0,16.300417207752275,-0.014173493380835733,0.21628139932729346,1,480.0,11991512.137086727,0.9992926780905605,0.21192159077496736
391005,Mads Roerslev,2024,Defender,England - Premier League,Brentford FC,25.52498288843258,1393,26,0.1292175161521895,6000000.0,15.60727002719233,-0.6511265004889659,0.5342112266411179,1,0.0,11366311.703805486,1.894385283967581,0.4558320307442485
391065,Hamed Traoré,2024,Attack,France - Ligue 1,AJ Auxerre,24.876112251882272,2108,26,0.5123339658444023,20000000.0,16.811242831518264,0.3720829683750031,0.1660537502493133,1,636.0,13499976.008682994,0.6749988004341497,0.16482335934323913
391766,Marco Grüll,2024,Attack,Germany - Bundesliga,SV Werder Bremen,26.49144421629021,1180,30,0.6101694915254238,4000000.0,15.201804919084164,-0.13125192331007263,0.5152344250808936,0,2012.0,4666227.886995575,1.166556971748894,0.4493379101543606
391780,Derrick Köhn,2024,Defender,Germany - Bundesliga,SV Werder Bremen,25.908281998631075,1347,27,0.2672605790645879,5000000.0,15.424948470398377,0.2576445369012168,0.4009669369037115,0,1902.0,3971427.546479419,0.7942855092958838,0.4112874190701008
392516,Antonino Gallo,2024,Defender,Italy - Serie A,US Lecce,24.99110198494182,2615,31,0.0688336520076481,4300000.0,15.27412558066379,-0.8624184621005222,0.19710332308269363,0,3058.0,10118279.591349956,2.3530882770581294,0.2627213137164936
392538,Tommaso Pobega,2024,Midfield,Italy - Serie A,Bologna Football Club 1909,25.46748802190281,1178,21,0.3820033955857385,9000000.0,16.012735135300492,0.15816089032987746,0.3392444964664551,0,1435.0,7722438.055561128,0.8580486728401253,0.4352194932002599
392569,Gabriele Zappa,2024,Defender,Italy - Serie A,Cagliari Calcio,25.02943189596167,3062,37,0.0587851077726975,4000000.0,15.201804919084164,-1.3220084356080828,0.20994782829146125,0,1594.0,14629593.936660392,3.657398484165098,0.4171737950030152
392757,Marc Guéhi,2024,Defender,England - Premier League,Crystal Palace,24.470910335386723,3060,34,0.1470588235294117,45000000.0,17.622173047734595,0.3034768872795228,0.05989079520207782,0,3150.0,30916546.043805737,0.6870343565290163,0.05914369352226416
392765,Emile Smith Rowe,2024,Midfield,England - Premier League,Fulham FC,24.42984257357974,2060,34,0.3932038834951456,30000000.0,17.216707939626428,0.38577542267198517,0.17743408595200216,0,1928.0,19560023.79694023,0.652000793231341,0.13958571272158382
392768,Callum Hudson-Odoi,2024,Attack,England - Premier League,Nottingham Forest,24.150581793292265,2205,31,0.3265306122448979,25000000.0,17.034386382832476,0.10234548276896915,0.23667694690230962,0,1848.0,21514632.700750932,0.8605853080300373,0.1732897301186117
392881,Antonio Candela,2024,Defender,Italy - Serie A,Venezia FC,24.68172484599589,1922,26,0.0468262226847034,1800000.0,14.403297222866392,-0.589961024900092,0.49047513515519847,1,0.0,3350962.019924189,1.8616455666245495,0.5875033574584085
392956,Enrico Delprato,2024,Defender,Italy - Serie A,Parma Calcio 1913,25.144421629021217,2946,34,0.1221995926680244,6500000.0,15.687312734865866,-0.25088793571095724,0.1418731343581806,0,2953.0,8368097.313845927,1.2873995867455272,0.18126464858785615
392959,Andrea Colpani,2024,Midfield,Italy - Serie A,ACF Fiorentina,25.6454483230664,1458,25,0.2469135802469136,9500000.0,16.06680235657077,0.35508546076095193,0.32639969087719684,1,0.0,6730525.462527304,0.7084763644765583,0.4756212564425803
392966,Nadir Zortea,2024,Defender,Italy - Serie A,Cagliari Calcio,25.53867214236824,2727,35,0.264026402640264,5000000.0,15.424948470398377,-0.8321505929995143,0.22155497387109716,0,1811.0,11352260.328979854,2.2704520657959706,0.24567956267610191
393238,Zakaria Aboukhlal,2024,Attack,France - Ligue 1,FC Toulouse,24.870636550308006,1910,26,0.518324607329843,12000000.0,16.300417207752275,0.12313183173148445,0.17652912475854804,1,507.0,10519837.346235448,0.8766531121862874,0.19851925485035973
393512,Felix Agu,2024,Defender,Germany - Bundesliga,SV Werder Bremen,25.26488706365503,1761,22,0.2044293015332197,8000000.0,15.89495209964411,-0.6264433002337038,0.27308189606056893,1,747.0,14596080.042245146,1.8245100052806433,0.28856390560055806
393621,Douglas Augusto,2024,Midfield,France - Ligue 1,FC Nantes,27.96714579055441,2316,28,0.233160621761658,6000000.0,15.60727002719233,-0.010279915418989205,0.22379624941945728,1,0.0,6146107.4338323325,1.0243512389720555,0.1704970787129615
394300,Davide Frattesi,2024,Midfield,Italy - Serie A,Inter Milan,25.27857631759069,1210,28,0.5206611570247934,35000000.0,17.37085861945369,0.05972140462443054,0.2635405171384619,1,552.0,30698963.422583982,0.8771132406452566,0.3328126407197036
394327,Boubacar Kamara,2024,Midfield,England - Premier League,Aston Villa,25.1088295687885,1728,26,0.0520833333333333,40000000.0,17.50439001207821,0.6527058658933944,0.2123788027861723,0,1418.0,19946449.09180217,0.49866122729505424,0.1746459266381767
395236,Yacine Adli,2024,Midfield,Italy - Serie A,ACF Fiorentina,24.42710472279261,1208,26,0.7450331125827815,11000000.0,16.213405830762646,-0.5878400696662571,0.2693748308206233,1,0.0,19019939.096101314,1.7290853723728468,0.29128908434400563
395237,Maxence Caqueret,2024,Midfield,Italy - Serie A,Como 1907,24.878850102669404,1670,27,0.2694610778443113,16000000.0,16.588099280204055,-0.271512464871301,0.16571561815698585,0,1488.0,20096038.554697737,1.2560024096686087,0.2000506845760272
395522,Samuel Essende,2024,Attack,Germany - Bundesliga,FC Augsburg,26.94045174537988,1646,30,0.5467800729040098,4500000.0,15.319587954740548,-0.4585542133388616,0.4172641560029534,1,404.0,7175161.142643191,1.594480253920709,0.3769589895022169
395695,Elisha Owusu,2024,Midfield,France - Ligue 1,AJ Auxerre,27.15126625598905,2355,28,0.1528662420382165,3000000.0,14.914122846632385,-0.44687161412472065,0.3370772976304332,0,2349.0,4794513.56859731,1.5981711895324366,0.3379502154820613
397033,Sandro Tonali,2024,Midfield,England - Premier League,Newcastle United,24.65160848733744,2629,36,0.205401293267402,60000000.0,17.909855120186375,0.7232949761897831,0.06685137785146042,0,2545.0,27321865.77690189,0.4553644296150315,0.07563968160442612
397171,Gideon Mensah,2024,Defender,France - Ligue 1,AJ Auxerre,26.458590006844627,2284,29,0.0394045534150613,4000000.0,15.201804919084164,0.26420593864741493,0.27017835334047113,0,2334.0,3173366.977434643,0.7933417443586608,0.30004162708894233
397225,Alessandro Zanoli,2024,Defender,Italy - Serie A,Genoa CFC,24.246406570841888,1717,31,0.104834012813046,6000000.0,15.60727002719233,0.39049939173531323,0.3647085025354979,0,1292.0,4167423.279907625,0.6945705466512708,0.43606950267926853
397486,Dennis Man,2024,Attack,Italy - Serie A,Parma Calcio 1913,26.35181382614648,1999,33,0.4052026013006503,10000000.0,16.11809565095832,0.4263239296552568,0.24509418852071957,1,0.0,6602366.610667694,0.6602366610667695,0.30007585206318066
398065,Harvey Barnes,2024,Attack,England - Premier League,Newcastle United,27.06365503080082,1754,33,0.7183580387685291,35000000.0,17.37085861945369,0.3814085372072109,0.17307804684319542,0,1961.0,22708336.673277795,0.6488096192365085,0.16760541155039116
398073,Achraf Hakimi,2024,Defender,France - Ligue 1,Paris Saint-Germain,26.16016427104723,2068,25,0.5222437137330754,80000000.0,18.197537192638155,0.776076825237467,0.04506288199880083,0,1374.0,34028868.7013256,0.42536085876657004,0.05878457326425656
398184,Ferran Torres,2024,Attack,Spain - LaLiga,FC Barcelona,24.84052019164956,1101,27,1.3079019073569482,40000000.0,17.50439001207821,0.14519192430387884,0.12909546819868364,0,1975.0,32108380.105052702,0.8027095026263176,0.15419685559439167
399434,Marcus Tavernier,2024,Midfield,England - Premier League,AFC Bournemouth,25.782340862423,1940,29,0.4175257731958762,18000000.0,16.70588231586044,-0.1745894608016214,0.22547113697197124,0,2743.0,20494927.192183916,1.1386070662324397,0.2308305983672171
399776,Pau Torres,2024,Defender,England - Premier League,Aston Villa,27.95893223819301,2020,24,0.0,32000000.0,17.281246460764002,0.2252811997188544,0.16312079667248702,0,1676.0,24172668.403594993,0.7553958876123436,0.105715986352806
400131,Siebe Van der Heyden,2024,Defender,Germany - Bundesliga,FC St. Pauli,26.5927446954141,972,15,0.0925925925925925,2500000.0,14.73180128983843,-0.21162408708601577,0.6175909828487821,1,0.0,3191516.9615023416,1.2766067846009366,0.57408951354818
400489,Eljif Elmas,2024,Midfield,Italy - Serie A,Torino FC,25.27310061601643,1068,15,0.3370786516853932,14000000.0,16.454567887579532,0.44427655352871387,0.30234168570895203,0,1783.0,8966902.115936387,0.6404930082811705,0.3805926527237609
400536,Mads Hermansen,2024,Goalkeeper,England - Premier League,Leicester City,24.476386036960985,2385,27,0.0,15000000.0,16.523560759066484,0.23827321097692744,0.27157569633362,0,1620.0,11661403.78801149,0.777426919200766,0.17307201912866815
401173,Jadon Sancho,2024,Attack,England - Premier League,Chelsea FC,24.77207392197125,1765,31,0.4079320113314447,28000000.0,17.14771506813948,0.5269794483890942,0.2974404890944963,1,873.0,16036868.995517904,0.5727453212684965,0.20272995694633253
401320,Dara O'Shea,2024,Defender,England - Premier League,Ipswich Town,25.831622176591377,3123,35,0.0576368876080691,14000000.0,16.454567887579532,-0.6321605279592422,0.1287286226766255,1,0.0,24880833.261807144,1.7772023758433675,0.17698815378888771
401356,Edson Álvarez,2024,Midfield,England - Premier League,West Ham United,27.189596167008897,1782,28,0.0505050505050505,25000000.0,17.034386382832476,1.041878807648227,0.22204331658364665,1,0.0,8815398.19016158,0.3526159276064632,0.25995085120175276
401529,Dodô,2024,Defender,Italy - Serie A,ACF Fiorentina,26.12457221081451,3119,35,0.1731324142353318,24000000.0,16.99356438831222,1.1836262639060964,0.044340566146853264,0,3139.0,7398054.041610468,0.3082522517337695,0.07538467237670418
401530,Éder Militão,2024,Defender,Spain - LaLiga,Real Madrid,26.954140999315538,939,12,0.1916932907348242,40000000.0,17.50439001207821,1.3985407472430156,0.1358467911338799,0,1142.0,9825698.44883752,0.24564246122093802,0.16214116403425785
401578,Exequiel Palacios,2024,Midfield,Germany - Bundesliga,Bayer 04 Leverkusen,26.24229979466119,1150,24,0.5478260869565217,40000000.0,17.50439001207821,1.499505814208852,0.12771786835580315,0,1097.0,8920569.663318368,0.22301424158295918,0.25277408843391297
401922,Samuel Chukwueze,2024,Attack,Italy - Serie A,AC Milan,25.61533196440794,918,26,0.4901960784313726,10000000.0,16.11809565095832,0.722027072629079,0.4685643845357837,0,1099.0,4960466.613140261,0.4960466613140261,0.4581792073529712
402008,Amadou Haidara,2024,Midfield,Germany - Bundesliga,RB Leipzig,26.91854893908282,1324,28,0.0679758308157099,16000000.0,16.588099280204055,1.306700811887211,0.27533664840001987,1,257.0,4437813.427601571,0.2773633392250982,0.3010674644139083
403151,Robert Sánchez,2024,Goalkeeper,England - Premier League,Chelsea FC,27.1211498973306,2880,32,0.0,20000000.0,16.811242831518264,-0.08553250109719235,0.22107660446452862,0,3041.0,20812077.591824178,1.040603879591209,0.1257016900012312
404842,Vitaliy Mykolenko,2024,Defender,England - Premier League,Everton FC,25.59616700889801,3084,35,0.0875486381322957,28000000.0,17.14771506813948,0.3304052777076185,0.08581222362934615,0,2961.0,19310347.130322404,0.6896552546543716,0.06375695599463448
404950,Nicolas Seiwald,2024,Midfield,Germany - Bundesliga,RB Leipzig,23.66324435318275,2080,30,0.0,18000000.0,16.70588231586044,1.1051947953517027,0.15141486368209656,0,2704.0,6046836.643292428,0.33593536907180155,0.1242100824472559
405385,Yukinari Sugawara,2024,Defender,England - Premier League,Southampton FC,24.511978097193705,1557,30,0.1156069364161849,11000000.0,16.213405830762646,0.022675929340744805,0.4128616375146789,0,2434.0,10655744.488932215,0.9687040444483832,0.31313752284566543
405397,Keito Nakamura,2024,Attack,France - Ligue 1,Stade Reims,24.42984257357974,2662,32,0.4395191585274229,8000000.0,15.89495209964411,-0.16863605885607846,0.17217526241596248,1,0.0,9436387.293394193,1.179548411674274,0.24532626992869297
405398,Takefusa Kubo,2024,Attack,Spain - LaLiga,Real Sociedad,23.578370978781656,2381,36,0.1889962200755985,30000000.0,17.216707939626428,0.07728075449248495,0.13486054693169197,0,1509.0,26141481.372683425,0.8713827124227809,0.10419028915489463
405670,Yannik Engelhardt,2024,Midfield,Italy - Serie A,Como 1907,23.89869952087611,1153,26,0.1561144839549002,6000000.0,15.60727002719233,0.416176222771969,0.4532296657793362,0,2491.0,4064533.6992775076,0.677422283212918,0.5191835374326049
405687,Tom Krauß,2024,Midfield,Germany - Bundesliga,VfL Bochum,23.52908966461328,1081,14,0.0,4000000.0,15.201804919084164,-0.7532562997467851,0.5835576621673203,0,1787.0,8504535.73475634,2.126133933689085,0.5517636590083048
405885,Giacomo Raspadori,2024,Attack,Italy - Serie A,SSC Napoli,24.870636550308006,1097,26,0.5742935278030994,25000000.0,17.034386382832476,0.7558497617133191,0.27362833533605097,0,1019.0,11586623.68775663,0.4634649475102652,0.3700185658760717
406040,Ademola Lookman,2024,Attack,Italy - Serie A,Atalanta BC,27.200547570157426,2265,31,0.7947019867549668,60000000.0,17.909855120186375,0.006775196104785053,0.07893792413907634,0,1419.0,53213525.77352034,0.886892096225339,0.0804413056713592
406625,Lautaro Martínez,2024,Attack,Italy - Serie A,Inter Milan,27.362080766598226,2580,31,0.5930232558139534,95000000.0,18.36938744956481,0.1564294729659379,0.05153463401263685,0,2178.0,70802927.89321151,0.7452939778232791,0.05068929330604752
406634,Matt O'Riley,2024,Midfield,England - Premier League,Brighton & Hove Albion,24.112251882272417,938,21,0.4797441364605543,22000000.0,16.90655301132259,0.7584221444297894,0.33928940269220764,0,942.0,10230928.992896358,0.46504222694983444,0.40245301843038367
406635,Phil Foden,2024,Midfield,England - Premier League,Manchester City,24.5968514715948,1781,28,0.454800673778776,100000000.0,18.420680743952367,0.6297843488306558,0.10167121740843688,0,2085.0,47967491.31667126,0.4796749131667126,0.11029151698763998
406638,Oliver Skipp,2024,Midfield,England - Premier League,Leicester City,24.292950034223136,1122,24,0.0,10000000.0,16.11809565095832,0.9018892779979089,0.46772436101092946,1,0.0,4165135.057515527,0.4165135057515527,0.4017657889907204
406640,Felix Nmecha,2024,Midfield,Germany - Bundesliga,Borussia Dortmund,24.22724161533197,1512,26,0.3571428571428571,28000000.0,17.14771506813948,1.1479066130040465,0.16830906445864843,0,2190.0,8877290.254174303,0.3170460805062251,0.17955402519308955
406973,Moritz Broschinski,2024,Attack,Germany - Bundesliga,VfL Bochum,24.27378507871321,1385,33,0.259927797833935,2000000.0,14.50865773852422,-0.5292024183812996,0.6552842413724952,1,0.0,3500266.064121004,1.7501330320605022,0.5814940409934808
407098,Jakub Kamiński,2024,Attack,Germany - Bundesliga,VfL Wolfsburg,22.576317590691307,1123,22,0.2404274265360641,5000000.0,15.424948470398377,-0.28469176774435745,0.4793256414286336,0,3023.0,6717068.9702931205,1.3434137940586242,0.5188372690285769
408471,Javi Puado,2024,Attack,Spain - LaLiga,RCD Espanyol Barcelona,26.60643394934976,2989,35,0.4817664770826363,10000000.0,16.11809565095832,-0.6853433683878314,0.10989245036096197,1,678.0,19059333.29598582,1.905933329598582,0.12701373558733503
410225,Ismaïla Sarr,2024,Attack,England - Premier League,Crystal Palace,26.85010266940452,2721,38,0.496141124586549,25000000.0,17.034386382832476,-0.10168798754686925,0.17271662498054383,0,2177.0,26059444.89262171,1.0423777957048683,0.12147393782074045
410425,Yves Bissouma,2024,Midfield,England - Premier League,Tottenham Hotspur,28.33949349760438,1406,28,0.1280227596017069,25000000.0,17.034386382832476,0.9745724631340265,0.2943402613722763,1,605.0,9402363.00957844,0.3760945203831376,0.3318193863210228
411295,Raphinha,2024,Attack,Spain - LaLiga,FC Barcelona,28.04928131416838,2845,36,0.9490333919156416,90000000.0,18.31532022829454,-0.024142195326563476,0.04193863884249082,0,1389.0,79521519.31832176,0.8835724368702418,0.04997862273636049
411975,Jules Koundé,2024,Defender,Spain - LaLiga,FC Barcelona,26.138261464750173,2606,32,0.1726784343821949,65000000.0,17.98989782785991,0.7787418421890404,0.03310892326594011,0,2261.0,27958416.35839717,0.43012948243687954,0.04827467266939615
412045,Pol Lozano,2024,Midfield,Spain - LaLiga,RCD Espanyol Barcelona,25.240246406570844,1958,30,0.0459652706843718,5000000.0,15.424948470398377,-0.10497122991562646,0.35510216142792267,0,2170.0,5647067.305285613,1.1294134610571227,0.391452608141937
412363,Rodrygo,2024,Attack,Spain - LaLiga,Real Madrid,23.978097193702943,1938,30,0.5572755417956656,90000000.0,18.31532022829454,1.0597458287353507,0.06173948703416988,1,676.0,29145008.190273438,0.3238334243363715,0.08911372449345488
412660,Keinan Davis,2024,Attack,Italy - Serie A,Udinese Calcio,26.882956878850106,1062,23,0.2542372881355932,3400000.0,15.03928598958639,0.27092512511361955,0.6181900978190285,0,2078.0,2688101.5965245515,0.7906181166248681,0.5255842337732093
412829,Léo Pétrot,2024,Defender,France - Ligue 1,AS Saint-Étienne,27.71526351813826,2610,31,0.1034482758620689,900000.0,13.710150042306449,-1.1953777565770274,0.4764494887074511,0,1568.0,3075255.549848008,3.416950610942231,0.6954372144575477
412932,Myron Boadu,2024,Attack,Germany - Bundesliga,VfL Bochum,23.964407939767284,1043,19,0.862895493767977,7000000.0,15.761420707019589,-0.3238557210318631,0.3475707197088228,1,0.0,9634254.620751016,1.3763220886787166,0.19814444730816932
413039,Bryan Mbeumo,2024,Attack,England - Premier League,Brentford FC,25.404517453798768,3417,38,0.7374890254609306,55000000.0,17.822843743196746,-0.17144648709190458,0.0481509764181197,0,2625.0,57889776.51713946,1.0525413912207173,0.06672310859598786
413112,Aurélien Tchouaméni,2024,Midfield,Spain - LaLiga,Real Madrid,24.93086926762492,2692,32,0.0,75000000.0,18.132998671500584,0.9935598598964235,0.047226472857322725,0,2623.0,26141766.288318586,0.3485568838442478,0.057480325128688704
413220,James Justin,2024,Defender,England - Premier League,Leicester City,26.855578370978783,2921,36,0.1232454638822321,13000000.0,16.38045991542581,-0.014663954808124657,0.19756581738651985,0,1896.0,12946611.009987015,0.9958931546143858,0.12978336973093577
413262,Dani Raba,2024,Attack,Spain - LaLiga,CD Leganés,29.177275838466805,1890,29,0.6190476190476191,2500000.0,14.73180128983843,-1.2076584488609803,0.48346615723019754,1,264.0,8378211.401194547,3.351284560477819,0.43259784995822853
413403,Ezri Konsa,2024,Defender,England - Premier League,Aston Villa,27.19233401779603,2937,34,0.0612870275791624,35000000.0,17.37085861945369,0.24033253618469907,0.06995990790554046,0,3036.0,25924243.53081469,0.740692672308991,0.0626470445454591
413507,Nikola Milenković,2024,Defender,England - Premier League,Nottingham Forest,27.22245037645448,3330,37,0.1891891891891892,35000000.0,17.37085861945369,-0.31484370755663305,0.06003531409411288,0,3375.0,43510669.90674443,1.243161997335555,0.054834492171324134
413565,Jhon Lucumí,2024,Defender,Italy - Serie A,Bologna Football Club 1909,26.51882272416153,2613,32,0.0344431687715269,22000000.0,16.90655301132259,1.1981584204502846,0.07199507725874246,0,2287.0,6709009.971552394,0.304954998706927,0.08991797415661347
413843,Keven Schlotterbeck,2024,Defender,Germany - Bundesliga,FC Augsburg,27.679671457905545,1298,18,0.2773497688751926,6000000.0,15.60727002719233,-0.40538572210797064,0.33728325744746823,0,2031.0,8987236.214163985,1.4978727023606642,0.4281753706226963
414908,Marshall Munetsi,2024,Midfield,France - Ligue 1,Stade Reims,28.52840520191649,2773,33,0.2921024161557879,15000000.0,16.523560759066484,-0.06357102014243932,0.1102672151751384,0,1852.0,15534551.199308861,1.0356367466205907,0.14415703850862166
415381,Mats Wieffer,2024,Defender,England - Premier League,Brighton & Hove Albion,25.127994524298423,1008,25,0.5357142857142857,25000000.0,17.034386382832476,0.7633618736462457,0.29122744085151553,0,1908.0,11503964.047452757,0.4601585618981103,0.3409105544567745
415912,Konstantinos Mavropanos,2024,Defender,England - Premier League,West Ham United,27.05817932922656,2037,33,0.0,17000000.0,16.64872390202049,0.14904071577010525,0.3009502758730283,0,2532.0,14298489.959611125,0.8410876446830073,0.23353196375578314
417346,Jack Harrison,2024,Attack,England - Premier League,Everton FC,28.11498973305955,2083,34,0.0864138262121939,14000000.0,16.454567887579532,-0.3602468232598639,0.3794580339629599,0,1241.0,19264956.99182535,1.3760683565589535,0.2809201948336979
418560,Erling Haaland,2024,Attack,England - Premier League,Manchester City,24.449007529089663,2743,31,0.8202697776157492,180000000.0,19.00846740885449,0.2936159729870944,0.04361646715159916,0,2959.0,112064386.2463663,0.622579923590924,0.047617003776838085
418651,Yahia Fofana,2024,Goalkeeper,France - Ligue 1,Angers SCO,24.36413415468857,2970,33,0.0,7000000.0,15.761420707019589,0.16577894542444005,0.21431566017105855,1,0.0,6017438.18716364,0.8596340267376629,0.1988417109233086
418659,Amine Gouiri,2024,Attack,France - Ligue 1,Stade Rennais FC,24.876112251882272,2089,33,0.7754906653901388,30000000.0,17.216707939626428,-0.17414838683721312,0.10588497942004768,0,1331.0,33071218.836479682,1.1023739612159895,0.10802103544535017
420002,Jean-Philippe Mateta,2024,Attack,England - Premier League,Crystal Palace,27.512662559890487,2656,37,0.5421686746987951,30000000.0,17.216707939626428,-0.3340749937784486,0.17972432677695074,0,2223.0,38384556.00163497,1.279485200054499,0.09493397330291524
420064,Caio Henrique,2024,Defender,France - Ligue 1,AS Monaco,27.42231348391513,1932,27,0.2795031055900621,15000000.0,16.523560759066484,0.5677095226361524,0.1259574186499114,0,1533.0,8510981.847633356,0.5673987898422237,0.1991707039221312
420210,Lutsharel Geertruida,2024,Defender,Germany - Bundesliga,RB Leipzig,24.45722108145106,1557,24,0.0578034682080924,20000000.0,16.811242831518264,1.6091574827784108,0.1702648005355372,0,1685.0,4108269.7864458347,0.20541348932229173,0.14768001972591763
420243,Jurriën Timber,2024,Defender,England - Premier League,Arsenal FC,23.54277891854894,2423,30,0.1485761452744531,55000000.0,17.822843743196746,1.285040087399671,0.07661756934537046,0,2457.0,14824990.650108004,0.2695452845474183,0.058307352284429036
421637,Frank Onyeka,2024,Midfield,Germany - Bundesliga,FC Augsburg,27.000684462696785,2620,33,0.0343511450381679,7000000.0,15.761420707019589,0.18709346757380718,0.21995761958403237,1,88.0,5894788.792642576,0.8421126846632251,0.3536385503392078
421873,Elia Caprile,2024,Goalkeeper,Italy - Serie A,Cagliari Calcio,23.353867214236825,1944,22,0.0,9000000.0,16.012735135300492,-0.17424716682681174,0.2916329253129253,0,3420.0,10617689.06696144,1.1797432296623822,0.2509359314440989
422466,Javi Hernández,2024,Defender,Spain - LaLiga,CD Leganés,26.6694045174538,2391,31,0.1129234629861982,2500000.0,14.73180128983843,-1.4495781058905917,0.3871447459941394,1,0.0,10561041.89815417,4.2244167592616675,0.571795549896642
423440,Martín Zubimendi,2024,Midfield,Spain - LaLiga,Real Sociedad,25.913757700205338,2962,36,0.1215395003376097,60000000.0,17.909855120186375,0.7455598143194542,0.03335464471014146,0,3002.0,26757903.356242154,0.44596505593736924,0.04669681595992526
423444,Fran Beltrán,2024,Midfield,Spain - LaLiga,Celta de Vigo,25.911019849418206,2428,34,0.1112026359143327,8000000.0,15.89495209964411,-1.2625586605694576,0.20600580640475358,0,1544.0,26588331.67551238,3.3235414594390478,0.3343383222985343
423744,Billy Gilmour,2024,Midfield,Italy - Serie A,SSC Napoli,23.55920602327173,1272,28,0.070754716981132,20000000.0,16.811242831518264,0.27222288517086213,0.23796656034886793,1,802.0,14842098.373333251,0.7421049186666625,0.29874507988631366
424042,Nahuel Molina,2024,Defender,Spain - LaLiga,Atlético de Madrid,26.740588637919235,1581,30,0.1707779886148007,20000000.0,16.811242831518264,0.6625261083739487,0.19888076354506684,0,1321.0,10236657.313737845,0.5118328656868922,0.26758542346106234
424072,Mathias Pereira Lage,2024,Attack,France - Ligue 1,Stade Brestois 29,28.087611225188223,1572,29,0.5152671755725191,2500000.0,14.73180128983843,-1.021971942034889,0.6010417404807477,0,2032.0,7008797.238414411,2.8035188953657646,0.45765568353134745
424204,Alphonso Davies,2024,Defender,Germany - Bundesliga,Bayern Munich,24.164271047227928,1562,19,0.1728553137003841,50000000.0,17.72753356339242,0.6516892212579741,0.09758189143120448,1,523.0,24627989.401065975,0.4925597880213195,0.11970405651441357
425334,Matty Cash,2024,Defender,England - Premier League,Aston Villa,27.4031485284052,2077,27,0.0866634569090033,25000000.0,17.034386382832476,0.26348373263887837,0.20053894154327623,0,3022.0,18483013.167199627,0.7393205266879851,0.18321214082030118
425902,Ryan Yates,2024,Midfield,England - Premier League,Nottingham Forest,27.1129363449692,1904,35,0.1418067226890756,12000000.0,16.300417207752275,-0.19372427807351755,0.33128083643467704,1,603.0,14223492.001348855,1.1852910001124046,0.3238334625983897
425918,Jakub Kiwior,2024,Defender,England - Premier League,Arsenal FC,24.878850102669404,1117,17,0.0805729632945389,28000000.0,17.14771506813948,0.5504177202221481,0.3636086243253233,1,0.0,15684859.53658976,0.5601735548782057,0.28604111603854093
427568,Aaron Ramsdale,2024,Goalkeeper,England - Premier League,Southampton FC,26.63655030800821,2700,30,0.0,16000000.0,16.588099280204055,0.04246025221544203,0.15696524807202714,0,1003.0,14935538.57020643,0.9334711606379018,0.09523426429107675
427572,Zuriko Davitashvili,2024,Attack,France - Ligue 1,AS Saint-Étienne,23.87679671457905,2763,33,0.5537459283387622,10000000.0,16.11809565095832,-0.579129183706887,0.1303954179672369,1,0.0,17240325.953991845,1.7240325953991846,0.19379542078696743
428563,Lewis Ferguson,2024,Midfield,Italy - Serie A,Bologna Football Club 1909,25.357973990417523,980,16,0.183673469387755,28000000.0,17.14771506813948,1.3195651184698591,0.17502035127322418,0,1596.0,7528760.463042999,0.26888430225153565,0.2064269288039902
429014,Morgan Gibbs-White,2024,Midfield,England - Premier League,Nottingham Forest,24.93086926762492,2824,34,0.5417847025495751,50000000.0,17.72753356339242,-0.5406808361071238,0.049049093152815595,0,3113.0,74489394.1212337,1.489787882424674,0.05022464611315942
429259,Mark McKenzie,2024,Defender,France - Ligue 1,FC Toulouse,25.8507871321013,2497,30,0.0720865038045654,6000000.0,15.60727002719233,0.28353258609172904,0.1984404935159622,0,2405.0,4624186.802993599,0.7706978004989332,0.2189614745164008
429874,Ansgar Knauff,2024,Attack,Germany - Bundesliga,Eintracht Frankfurt,22.9760438056126,1605,30,0.5607476635514019,15000000.0,16.523560759066484,0.05107934647444701,0.2134768372653216,0,1322.0,13934037.076934129,0.9289358051289419,0.21487666940635206
429983,Jørgen Strand Larsen,2024,Attack,England - Premier League,Wolverhampton Wanderers,24.903490759753595,2603,35,0.622358816749904,30000000.0,17.216707939626428,-0.23151032916108183,0.11889865084010577,0,2315.0,34888396.10417617,1.1629465368058725,0.08452168235327541
430280,Hans Nicolussi Caviglia,2024,Midfield,Italy - Serie A,Venezia FC,24.539356605065024,2870,35,0.2195121951219512,8500000.0,15.955576721460544,-0.3640337027731708,0.1364939017594305,0,1458.0,12048971.768278394,1.4175260903856934,0.19556029980224732
431755,Dejan Kulusevski,2024,Midfield,England - Premier League,Tottenham Hotspur,24.68720054757016,2391,32,0.4140526976160602,50000000.0,17.72753356339242,0.06108211322876045,0.09166518313151156,1,0.0,42740190.248305015,0.8548038049661003,0.08028711646089619
432090,Nicolò Fagioli,2024,Midfield,Italy - Serie A,Juventus FC,23.88501026694045,1527,32,0.1768172888015717,18000000.0,16.70588231586044,1.1066217262941382,0.21494796152519838,0,2567.0,6038508.582333512,0.33547269901852844,0.24775124078405758
432092,Roberto Piccoli,2024,Attack,Italy - Serie A,Cagliari Calcio,23.928815879534564,3145,37,0.3720190779014308,12000000.0,16.300417207752275,-0.28239197426026674,0.11127555941835472,0,1664.0,15471065.617037024,1.2892554680864188,0.1371522208951944
432298,Zion Suzuki,2024,Goalkeeper,Italy - Serie A,Parma Calcio 1913,22.36550308008213,3315,37,0.0,20000000.0,16.811242831518264,0.24163776005765403,0.07606078784101793,0,1800.0,15278708.070205536,0.7639354035102768,0.0785789872173997
433177,Bukayo Saka,2024,Attack,England - Premier League,Arsenal FC,23.32375085557837,1736,25,0.881336405529954,150000000.0,18.82614585206053,0.3282729516768139,0.054624276884212196,0,2226.0,91934007.23298465,0.612893381553231,0.08613903344965794
433181,Tino Anjorin,2024,Midfield,Italy - Serie A,FC Empoli,23.107460643394933,1118,22,0.4025044722719141,6000000.0,15.60727002719233,0.0834949495991637,0.39843176231238114,1,277.0,5613603.428149057,0.9356005713581761,0.5544096446516327
433188,Curtis Jones,2024,Midfield,England - Premier League,Liverpool FC,23.920602327173167,1711,33,0.3682057276446522,45000000.0,17.622173047734595,0.9462049097194818,0.17023659494183457,0,1930.0,16897276.1724367,0.37549502605414886,0.14723161888839595
433584,Alessio Zerbin,2024,Midfield,Italy - Serie A,Venezia FC,25.83436002737851,1522,20,0.1773981603153745,4000000.0,15.201804919084164,-0.15904969030675264,0.4375865353525532,0,1644.0,4793862.869659486,1.1984657174148716,0.4070537192342333
433984,Sam Beukema,2024,Defender,Italy - Serie A,Bologna Football Club 1909,26.12457221081451,3012,35,0.0298804780876494,28000000.0,17.14771506813948,1.0631695619214563,0.051125362966690936,0,1680.0,9627520.554698395,0.3438400198106569,0.0813074892591262
434116,Alexander Prass,2024,Midfield,Germany - Bundesliga,TSG 1899 Hoffenheim,23.603011635865844,1571,23,0.1145767027371101,5000000.0,15.424948470398377,0.534220515815623,0.356752777310202,0,1298.0,3030987.6425382504,0.6061975285076501,0.38116961282166195
434224,Maxence Lacroix,2024,Defender,England - Premier League,Crystal Palace,24.739219712525667,3119,35,0.0577108047451106,25000000.0,17.034386382832476,-0.40987129622739604,0.09911487123462816,0,3087.0,34759843.92501257,1.390393757000503,0.0991208749728305
434433,Nikola Krstović,2024,Attack,Italy - Serie A,US Lecce,24.7419575633128,3070,37,0.4690553745928338,15000000.0,16.523560759066484,-0.1739207426478102,0.08023328776234896,0,1786.0,17244509.56910335,1.1496339712735566,0.14439475200350296
434675,Cody Gakpo,2024,Attack,England - Premier League,Liverpool FC,25.65639972621492,1938,35,0.696594427244582,70000000.0,18.064005800013632,0.31754682617492813,0.1438942868841877,0,2749.0,46032702.011831656,0.6576100287404523,0.09256000033487193
434990,Álex Sola,2024,Attack,Spain - LaLiga,Getafe CF,25.56605065023956,1037,19,0.0867888138862102,2500000.0,14.73180128983843,0.08549816313158054,0.6694722344187792,1,12.0,2384005.994171908,0.9536023976687632,0.5917759710138968
435228,Ardian Ismajli,2024,Defender,Italy - Serie A,FC Empoli,28.254620123203285,2510,29,0.0,6000000.0,15.60727002719233,0.27126659819893684,0.1984770285274339,0,1907.0,4679598.044007299,0.7799330073345497,0.21815880769747814
435338,Gabriel,2024,Defender,England - Premier League,Arsenal FC,27.0362765229295,2365,28,0.2283298097251585,75000000.0,18.132998671500584,0.47854470602665233,0.05425526107162545,0,2751.0,42266794.40303922,0.5635572587071895,0.04870495164292058
435648,Joshua Zirkzee,2024,Attack,England - Premier League,Manchester United,23.61396303901437,1394,32,0.3228120516499282,30000000.0,17.216707939626428,0.6571157102057676,0.2600927427062806,1,609.0,15134404.90353364,0.5044801634511213,0.16970835930593536
435772,Charles De Ketelaere,2024,Midfield,Italy - Serie A,Atalanta BC,23.813826146475016,2080,36,0.6490384615384616,35000000.0,17.37085861945369,-0.06651046148145201,0.0992320103657573,0,2190.0,34537359.874309324,0.9867817106945521,0.13139600099167184
435796,Kilian Fischer,2024,Defender,Germany - Bundesliga,VfL Wolfsburg,24.2217659137577,2307,32,0.0390117035110533,6000000.0,15.60727002719233,0.16572365447568016,0.22677751771205412,1,804.0,5184040.638890533,0.8640067731484221,0.20211309872082245
436064,Ramon Hendriks,2024,Defender,Germany - Bundesliga,VfB Stuttgart,23.457905544147845,1141,25,0.0788781770376862,5000000.0,15.424948470398377,0.5942970654904189,0.44779516740053055,0,2023.0,2857610.581352998,0.5715221162705996,0.5380741541906027
438001,Santiago Bueno,2024,Defender,England - Premier League,Wolverhampton Wanderers,26.14647501711157,1682,29,0.0,10000000.0,16.11809565095832,0.47457925667374345,0.3287780137971894,0,2553.0,6302103.446686751,0.6302103446686751,0.2430911947352202
441170,Valentin Rosier,2024,Defender,Spain - LaLiga,CD Leganés,28.36960985626284,2592,32,0.1041666666666666,3000000.0,14.914122846632385,-0.7408525677551032,0.34547394737243386,0,2554.0,6372171.585747264,2.124057195249088,0.357598574979913
441986,Yann Bisseck,2024,Defender,Italy - Serie A,Inter Milan,24.09034907597536,1639,27,0.2745576571079927,35000000.0,17.37085861945369,1.5060605820092294,0.1166730978252348,0,1922.0,7798675.644961021,0.22281930414174345,0.11315617375091529
442248,Ethan Pinnock,2024,Defender,England - Premier League,Brentford FC,31.59479808350445,1913,22,0.0940930475692629,7000000.0,15.761420707019589,-0.2028014337120312,0.3176475091505955,1,321.0,8579578.531516816,1.2256540759309738,0.3189056636018231
442703,Ylber Ramadani,2024,Midfield,Italy - Serie A,US Lecce,28.72279260780288,1814,29,0.0992282249173098,1800000.0,14.403297222866392,-0.7861905619398155,0.498374027507964,0,3215.0,4058181.5324234306,2.2545452957907948,0.5274912105550049
443331,Patrick Osterhage,2024,Midfield,Germany - Bundesliga,SC Freiburg,24.91718001368925,2273,30,0.0395952485701715,10000000.0,16.11809565095832,0.23073004860440216,0.20584219793736125,0,1187.0,7969578.036956981,0.7969578036956981,0.1840227007411139
443710,Angelo Stiller,2024,Midfield,Germany - Bundesliga,VfB Stuttgart,23.745379876796715,2743,32,0.2952971199416697,45000000.0,17.622173047734595,0.8490715310612309,0.038032306686643966,0,2746.0,18521417.978828087,0.41158706619617974,0.049680568028318675
444523,Lucas Paquetá,2024,Midfield,England - Premier League,West Ham United,27.34839151266256,2385,33,0.1509433962264151,28000000.0,17.14771506813948,-0.10571333721203446,0.16183586776404915,0,1522.0,29086562.39401397,1.0388057997862132,0.08738667874788439
445126,Emanuele Valeri,2024,Defender,Italy - Serie A,Parma Calcio 1913,26.069815195071868,2879,35,0.2500868357068426,3000000.0,14.914122846632385,-1.1745083399820428,0.29895094806994105,0,2646.0,9665221.622621927,3.221740540873976,0.30496104606246976
445939,Omar Marmoush,2024,Attack,Germany - Bundesliga,Eintracht Frankfurt,25.90006844626968,2639,33,1.1595301250473664,75000000.0,18.132998671500584,0.05432952511059819,0.026731293749597238,1,699.0,62573118.228616536,0.8343082430482205,0.049455210349319496
448258,Josha Vagnoman,2024,Defender,Germany - Bundesliga,VfB Stuttgart,24.057494866529773,1835,26,0.1471389645776566,10000000.0,16.11809565095832,0.03630359826294116,0.2541156139580903,0,1587.0,9602194.045853114,0.9602194045853114,0.1521841213472549
448628,Javi Galán,2024,Defender,Spain - LaLiga,Atlético de Madrid,30.119096509240247,1781,25,0.1516002245929253,4000000.0,15.201804919084164,-0.19874862585038722,0.424692674390128,0,1807.0,4982088.681122064,1.245522170280516,0.36599035699665455
448632,Yehvann Diouf,2024,Goalkeeper,France - Ligue 1,Stade Reims,25.127994524298423,3060,34,0.0,12000000.0,16.300417207752275,-0.021240829644230352,0.09718190523218766,0,2340.0,12072487.701344926,1.0060406417787437,0.0938757200070453
449796,Alejandro Catena,2024,Defender,Spain - LaLiga,CA Osasuna,30.17932922655715,3076,35,0.1170351105331599,3000000.0,14.914122846632385,-1.7899907777628257,0.22321843850988246,0,3073.0,17352957.23815152,5.78431907938384,0.2786418017975394
450050,Jean-Ricner Bellegarde,2024,Midfield,England - Premier League,Wolverhampton Wanderers,26.5160848733744,1684,35,0.4809976247030879,18000000.0,16.70588231586044,-0.37790266101729486,0.3548515986203564,0,1250.0,24812205.499223243,1.378455861067958,0.334154411565101
450936,Tanguy Ndombélé,2024,Midfield,France - Ligue 1,OGC Nice,28.01095140314853,1135,18,0.2378854625550661,7000000.0,15.761420707019589,0.36420132345237555,0.4628157213450575,1,272.0,4966005.876460079,0.7094294109228685,0.49105861008149765
451276,Dominik Szoboszlai,2024,Midfield,England - Premier League,Liverpool FC,24.186173853524984,2497,36,0.4685622747296756,80000000.0,18.197537192638155,0.6504268451956701,0.06483193178043835,0,3233.0,38253638.54427322,0.47817048180341526,0.07082162995757317
451801,Abdul Mumin,2024,Defender,Spain - LaLiga,Rayo Vallecano,26.573579739904176,2020,24,0.1336633663366336,5000000.0,15.424948470398377,-0.7221628916673186,0.31430048674624045,1,78.0,10220968.075926946,2.0441936151853892,0.2739600078877144
451906,David Nemeth,2024,Defender,Germany - Bundesliga,FC St. Pauli,23.79192334017796,2142,24,0.042016806722689,4000000.0,15.201804919084164,-0.5563460513379566,0.3072934456853405,1,0.0,7038402.587918609,1.7596006469796523,0.2835835843725063
452477,Junior Adamu,2024,Attack,Germany - Bundesliga,SC Freiburg,23.5728952772074,1554,25,0.2316602316602316,5000000.0,15.424948470398377,0.20901902915867465,0.4166307602622939,1,449.0,4164012.4817560343,0.8328024963512068,0.35613873760784415
453016,Anthony Caci,2024,Defender,Germany - Bundesliga,1.FSV Mainz 05,27.50444900752909,2705,33,0.266173752310536,12000000.0,16.300417207752275,-0.32372221154621483,0.10006481470835163,1,520.0,16088628.62516769,1.3407190520973076,0.14340652474164706
453870,Benedict Hollerbach,2024,Attack,Germany - Bundesliga,1.FC Union Berlin,23.627652292950035,2555,34,0.4579256360078277,12000000.0,16.300417207752275,0.1713606326285766,0.13941912494729986,1,884.0,10046132.115466287,0.8371776762888573,0.22241774282055413
454863,András Schäfer,2024,Midfield,Germany - Bundesliga,1.FC Union Berlin,25.72210814510609,1537,26,0.1171112556929082,5000000.0,15.424948470398377,0.16903093611119147,0.4194037290548438,0,1419.0,4329214.752837947,0.8658429505675893,0.44113567492103295
455181,Jorge de Frutos,2024,Attack,Spain - LaLiga,Rayo Vallecano,27.863107460643395,2513,36,0.3223239156386789,4000000.0,15.201804919084164,-0.8169760655680092,0.35680470818735494,0,2485.0,9040123.853465464,2.2600309633663658,0.22831127386409214
455661,Nick Woltemade,2024,Attack,Germany - Bundesliga,VfB Stuttgart,22.88021902806297,1620,28,0.7777777777777778,30000000.0,17.216707939626428,0.5829899194899526,0.10977066411180274,0,2004.0,16235164.837332563,0.5411721612444188,0.11819642965987333
457673,Gabriel Strefezza,2024,Attack,Italy - Serie A,Como 1907,27.707049965776864,2635,37,0.3415559772296015,6000000.0,15.60727002719233,0.05579785627575262,0.26440397090291506,0,1016.0,5765994.442386623,0.9609990737311037,0.2359903129283748
459128,Marco Brescianini,2024,Midfield,Italy - Serie A,Atalanta BC,24.95003422313484,983,29,0.5493387589013224,8000000.0,15.89495209964411,0.27212807176111964,0.31365059952315794,0,1034.0,6177482.880116898,0.7721853600146122,0.3697212624470199
459463,Cucho Hernández,2024,Attack,Spain - LaLiga,Real Betis Balompié,25.70294318959617,1150,15,0.4695652173913043,18000000.0,16.70588231586044,0.8467979778960428,0.2831203974425231,0,2595.0,7755978.874258714,0.4308877152365952,0.40792568376400035
459658,Andrea Cambiaso,2024,Defender,Italy - Serie A,Juventus FC,24.865160848733744,2223,33,0.242914979757085,35000000.0,17.37085861945369,0.8928361983883608,0.0688653132752141,0,2796.0,14007530.415284732,0.4002151547224209,0.09304204094562328
459665,Patrizio Masini,2024,Midfield,Italy - Serie A,Genoa CFC,23.928815879534564,1533,26,0.0587084148727984,6000000.0,15.60727002719233,0.49319674216675535,0.37921244759014516,0,1400.0,3770598.1132277125,0.6284330188712854,0.4413774993347322
459763,Marco Carnesecchi,2024,Goalkeeper,Italy - Serie A,Atalanta BC,24.503764544832308,3060,34,0.0,25000000.0,17.034386382832476,0.4279440437043518,0.06707198723413439,0,3330.0,15821294.401103463,0.6328517760441386,0.10527690966982374
460245,Moritz Jenz,2024,Defender,Germany - Bundesliga,1.FSV Mainz 05,25.675564681724847,1601,19,0.0,5000000.0,15.424948470398377,-0.3687131224311142,0.38031893395044164,0,1789.0,7283119.7255459195,1.4566239451091838,0.41790419404839946
460651,Antoine Makoumbou,2024,Midfield,Italy - Serie A,Cagliari Calcio,26.458590006844627,2164,33,0.1247689463955637,3500000.0,15.068273526459642,-0.6296833737380299,0.33300425604585715,1,0.0,6641852.0175179355,1.8976720050051243,0.43004948653918973
460939,Tijjani Reijnders,2024,Midfield,Italy - Serie A,AC Milan,26.428473648186174,3132,37,0.4310344827586207,60000000.0,17.909855120186375,1.3103840501507178,0.020589993980606923,0,1636.0,15717184.667855816,0.2619530777975969,0.049688788245986035
461019,Samuele Birindelli,2024,Defender,Italy - Serie A,AC Monza,25.45653661875428,1476,21,0.1829268292682927,2800000.0,14.845129975145433,-0.6095452260463889,0.45338037517774343,1,0.0,5250398.792259446,1.8751424258069451,0.46449726585139445
461607,Estéban Lepaul,2024,Attack,France - Ligue 1,Angers SCO,24.70636550308008,1631,28,0.4966278356836296,7000000.0,15.761420707019589,0.10578636878104808,0.33313039395462646,0,2705.0,6376223.80202078,0.9108891145743971,0.3667117003682619
461843,Juan Berrocal,2024,Defender,Spain - LaLiga,Getafe CF,25.905544147843944,1061,19,0.0,1500000.0,14.22097566607244,-0.5554946890815087,0.7083490938512148,1,0.0,2709599.2885526503,1.8063995257017669,0.702749670185788
461883,Calvin Bassey,2024,Defender,England - Premier League,Fulham FC,25.00479123887748,3074,35,0.029277813923227,25000000.0,17.034386382832476,0.0975137408937059,0.09816412925116257,0,2532.0,21612682.088120066,0.8645072835248027,0.12058753872337306
462250,João Félix,2024,Attack,Italy - Serie A,AC Milan,25.144421629021217,1123,27,0.4007123775601068,20000000.0,16.811242831518264,1.0293313393059722,0.3230087463975333,1,0.0,7201236.88743771,0.3600618443718855,0.33474952902496685
462348,Mostafa Mohamed,2024,Attack,France - Ligue 1,FC Nantes,27.09377138945928,1246,30,0.4333868378812199,5000000.0,15.424948470398377,-0.040349631841447575,0.4850652870383081,0,1151.0,5304699.171534162,1.0609398343068324,0.5295575152790012
462823,Gustav Isaksen,2024,Attack,Italy - Serie A,Società Sportiva Lazio S.p.A.,23.704312114989733,2228,37,0.2827648114901256,20000000.0,16.811242831518264,0.6798412906371971,0.16916441809030702,0,1598.0,10068673.28820038,0.503433664410019,0.19066143036552932
463600,Lucas Chevalier,2024,Goalkeeper,France - Ligue 1,LOSC Lille,23.15400410677618,3060,34,0.0,30000000.0,17.216707939626428,0.6861075507405898,0.04773279168171072,0,1530.0,14724068.447940955,0.49080228159803185,0.05674679588041688
463605,Bafodé Diakité,2024,Defender,France - Ligue 1,LOSC Lille,23.98631074606434,2767,31,0.1626310083122515,28000000.0,17.14771506813948,1.138204053253741,0.061911809130618965,0,1275.0,8960201.22427894,0.3200071865813907,0.051720910012911445
463613,Yann Gboho,2024,Attack,France - Ligue 1,FC Toulouse,23.964407939767284,2342,31,0.3458582408198121,8000000.0,15.89495209964411,0.10207800324774441,0.23191553978581572,0,2610.0,7277603.513046839,0.9097004391308549,0.19403684589796338
463618,Khéphren Thuram,2024,Midfield,Italy - Serie A,Juventus FC,23.770020533880903,2329,35,0.38643194504079,40000000.0,17.50439001207821,0.1870775949784116,0.06700660390489227,0,2453.0,30876602.60412869,0.7719150651032172,0.09808534831995419
463665,Oumar Solet,2024,Defender,Italy - Serie A,Udinese Calcio,24.90075290896646,1674,19,0.1612903225806451,18000000.0,16.70588231586044,1.3547805974798788,0.150568939908432,0,2961.0,4748697.378975676,0.2638165210542042,0.18143022522082453
464598,Casper Tengstedt,2024,Attack,Italy - Serie A,Hellas Verona,24.58590006844627,1531,25,0.4702808621815806,6000000.0,15.60727002719233,0.01730649393872996,0.3727397243805856,1,0.0,5984522.100475398,0.997420350079233,0.39254620236677157
465555,Djordje Petrovic,2024,Goalkeeper,France - Ligue 1,RC Strasbourg Alsace,25.234770704996578,2790,31,0.0,20000000.0,16.811242831518264,1.1711074794484277,0.10429636544852046,0,3420.0,6281574.034419544,0.3140787017209772,0.11862769521205106
465830,Mattéo Guendouzi,2024,Midfield,Italy - Serie A,Società Sportiva Lazio S.p.A.,25.71937029431896,3275,37,0.1099236641221374,32000000.0,17.281246460764002,0.10773996985941237,0.052238723639863364,0,1430.0,26989823.129694145,0.843431972802942,0.05814676421593269
465955,Marcin Bulka,2024,Goalkeeper,France - Ligue 1,OGC Nice,25.245722108145102,3060,34,0.0,20000000.0,16.811242831518264,0.4601724226116004,0.08339967986746727,1,0.0,12415278.342186647,0.6207639171093323,0.07871751972261809
465967,Ander Guevara,2024,Midfield,Spain - LaLiga,Deportivo Alavés,27.48802190280629,1944,33,0.0462962962962962,3500000.0,15.068273526459642,-0.4542539100196161,0.4019910884785432,1,635.0,5606832.478131254,1.6019521366089298,0.3835973918349978
466794,Eric García,2024,Defender,Spain - LaLiga,FC Barcelona,23.978097193702943,1557,29,0.2890173410404624,18000000.0,16.70588231586044,0.32566820973710575,0.15307787484443539,0,2730.0,12764335.961246885,0.7091297756248269,0.22525143769016426
466801,Sergi Altimira,2024,Midfield,Spain - LaLiga,Real Betis Balompié,23.353867214236825,1973,32,0.0456158134820071,15000000.0,16.523560759066484,1.151324762657218,0.17538079669009757,0,1182.0,4847101.919785677,0.32314012798571184,0.2362051573467187
466802,Adrián Bernabé,2024,Midfield,Italy - Serie A,Parma Calcio 1913,23.603011635865844,1461,21,0.1232032854209445,15000000.0,16.523560759066484,1.3348567899538133,0.21873772162504235,0,2494.0,4055084.896579206,0.2703389931052804,0.2200885208604061
467434,Rocco Reitz,2024,Midfield,Germany - Bundesliga,Borussia Mönchengladbach,22.595482546201232,1841,27,0.1466594242259641,15000000.0,16.523560759066484,0.027050266621976515,0.18438753123572,0,2639.0,14255505.400113657,0.9503670266742438,0.14244178676395805
467632,Cristian Cásseres Jr.,2024,Midfield,France - Ligue 1,FC Toulouse,24.95003422313484,2706,32,0.1330376940133037,6000000.0,15.60727002719233,-0.28215792195462486,0.1900756731743068,0,2498.0,7985377.714499583,1.3308962857499305,0.21833230453379934
467992,Samuele Ricci,2024,Midfield,Italy - Serie A,Torino FC,23.36481861738536,2839,34,0.0634026065516026,30000000.0,17.216707939626428,0.5191497603750035,0.05753216708645323,0,1297.0,17245759.58863859,0.5748586529546196,0.06264651841184073
468002,Ben Johnson,2024,Defender,England - Premier League,Ipswich Town,24.93908281998631,1349,23,0.2001482579688658,8000000.0,15.89495209964411,0.3056786662928572,0.42985010222007125,1,0.0,5980533.701531868,0.7475667126914836,0.30908365267318383
468066,Jens Cajuste,2024,Midfield,England - Premier League,Ipswich Town,25.39630390143737,1978,30,0.0910010111223458,12000000.0,16.300417207752275,-0.005571599740802569,0.3829420019546662,1,0.0,11893671.687586408,0.9911393072988673,0.35689023386645685
468198,Joe Aribo,2024,Midfield,England - Premier League,Southampton FC,28.449007529089663,2020,32,0.1336633663366336,6000000.0,15.60727002719233,-0.14174010860271125,0.4617879168684432,1,0.0,6976724.358437256,1.162787393072876,0.4778042420322131
468309,Lucas Rosa,2024,Defender,Spain - LaLiga,Real Valladolid CF,24.747433264887064,1890,21,0.0476190476190476,3000000.0,14.914122846632385,0.3667638683605787,0.3746692304203733,1,0.0,2162444.8894523573,0.7208149631507857,0.3458141748507447
469050,Nathan Collins,2024,Defender,England - Premier League,Brentford FC,23.67419575633128,3420,38,0.1842105263157894,28000000.0,17.14771506813948,-0.5231766980145989,0.06148669496979798,0,2972.0,42916710.1952619,1.5327396498307821,0.058781205022343526
469211,Liberato Cacace,2024,Defender,Italy - Serie A,FC Empoli,24.26283367556468,2231,33,0.242043926490363,3000000.0,14.914122846632385,-1.0610020856850189,0.32607056767163134,1,0.0,8669735.616419844,2.889911872139948,0.24041331641188354
469669,Yvan Neyou,2024,Midfield,Spain - LaLiga,CD Leganés,27.99452429842573,2322,30,0.0775193798449612,3000000.0,14.914122846632385,-0.2695096748716561,0.41683257442975497,1,65.0,4035104.8686793214,1.3450349562264405,0.34721550459881717
469709,David Zec,2024,Defender,Germany - Bundesliga,Holstein Kiel,24.99110198494182,1545,18,0.116504854368932,2500000.0,14.73180128983843,-0.8161271345670151,0.4969225196592176,1,0.0,5746272.842175196,2.2985091368700785,0.5504510645453778
469781,Marcos Senesi,2024,Defender,England - Premier League,AFC Bournemouth,27.64681724845996,1107,17,0.0,22000000.0,16.90655301132259,0.6216281438293945,0.3380306518225685,0,3290.0,11657374.381146034,0.529880653688456,0.3140923330586139
469822,David Neres,2024,Attack,Italy - Serie A,SSC Napoli,27.83299110198494,1279,28,0.5629397967161845,30000000.0,17.216707939626428,1.0680040923242688,0.20780637141091773,0,925.0,10236531.383986605,0.3412177127995535,0.2889745374250429
469976,Christopher Operi,2024,Defender,France - Ligue 1,Le Havre AC,27.67693360711841,1170,13,0.1538461538461538,4000000.0,15.201804919084164,-0.11942011798472674,0.422484621657823,1,0.0,4612916.624770479,1.1532291561926198,0.3014754222525733
470607,Brennan Johnson,2024,Attack,England - Premier League,Tottenham Hotspur,23.61122518822724,2179,33,0.6608536025699862,40000000.0,17.50439001207821,-0.3317772499055802,0.1312215335458054,0,1723.0,50020483.29509638,1.2505120823774096,0.11838009522006879
470794,Ivan Ilić,2024,Midfield,Italy - Serie A,Torino FC,23.79466119096509,916,19,0.0982532751091703,16000000.0,16.588099280204055,0.443217846711216,0.3102663639201875,1,415.0,10199213.998098878,0.6374508748811799,0.328457655178696
471055,Marvin Pieringer,2024,Attack,Germany - Bundesliga,1. Fußballclub Heidenheim 1846,25.245722108145102,2225,31,0.4853932584269663,5500000.0,15.5202586502027,-0.6002507949979718,0.2730891225027566,0,1655.0,9964389.791285295,1.8117072347791445,0.3231619741238005
471890,Max Geschwill,2024,Defender,Germany - Bundesliga,Holstein Kiel,23.48802190280629,1285,19,0.2101167315175097,1500000.0,14.22097566607244,-1.0464563386791412,0.6141598494114,1,0.0,4377962.808147998,2.918641872098665,0.6532345505700421
472423,Reece James,2024,Defender,England - Premier League,Chelsea FC,25.06776180698152,1063,19,0.1693320790216368,30000000.0,17.216707939626428,0.3522713635571679,0.36209038711625924,0,1960.0,20187617.95957427,0.6729205986524757,0.2966494161419791
473050,Kevin Schade,2024,Attack,England - Premier League,Brentford FC,23.096509240246405,2301,38,0.5084745762711864,30000000.0,17.216707939626428,0.5675445633193834,0.1597774531403053,0,2758.0,16474210.922166282,0.5491403640722095,0.11227226100936875
474662,Hugo Magnetti,2024,Midfield,France - Ligue 1,Stade Brestois 29,26.5927446954141,2331,32,0.0386100386100386,6000000.0,15.60727002719233,0.033874855375421564,0.24577421482205214,0,2697.0,5889481.671779939,0.9815802786299899,0.2979294906940224
474800,Facundo Medina,2024,Defender,France - Ligue 1,RC Lens,25.598904859685145,2549,29,0.0353079639074146,25000000.0,17.034386382832476,0.3421635985896563,0.07022306428637938,0,1366.0,17158991.900903888,0.6863596760361556,0.1155359287691894
475411,Wesley Fofana,2024,Defender,England - Premier League,Chelsea FC,24.041067761806985,1176,14,0.0,27000000.0,17.111347423968603,0.9758245737953772,0.2975860331949149,0,1726.0,10108409.81275066,0.3743855486203948,0.35734757940545003
475416,Sorba Thomas,2024,Attack,France - Ligue 1,FC Nantes,25.9356605065024,1326,25,0.2714932126696833,3500000.0,15.068273526459642,0.1059816835152727,0.5556462769925713,1,0.0,3250988.587594663,0.9288538821699036,0.4640969755706349
475959,Josko Gvardiol,2024,Defender,England - Premier League,Manchester City,22.94045174537988,3280,37,0.1371951219512195,75000000.0,18.132998671500584,0.46562921286440595,0.033676266708178734,0,1374.0,42776626.231004715,0.5703550164133963,0.05788872628855596
476344,Emerson Royal,2024,Defender,Italy - Serie A,AC Milan,25.965776865160848,1382,17,0.0,10000000.0,16.11809565095832,0.21801665675579462,0.34976905026172167,1,0.0,8067465.186773304,0.8067465186773304,0.3412548537582395
476701,Manuel Ugarte,2024,Midfield,England - Premier League,Manchester United,23.72621492128679,1792,29,0.1506696428571428,45000000.0,17.622173047734595,0.8877601545709197,0.1575976190086382,1,881.0,17856966.836092956,0.3968214852465101,0.15036643480525344
476836,Aron Dønnum,2024,Midfield,France - Ligue 1,FC Toulouse,26.702258726899384,2699,32,0.1667284179325676,4000000.0,15.201804919084164,-0.23915431485832528,0.2415353889735883,0,2424.0,5181092.27820031,1.2952730695500774,0.21195050666089
477758,Aaron Wan-Bissaka,2024,Defender,England - Premier League,West Ham United,27.09924709103354,3155,36,0.1996830427892234,24000000.0,16.99356438831222,-0.11453099126332966,0.09300550207433736,0,2084.0,25384621.281057484,1.057692553377395,0.08238656958950116
478573,Ryan Gravenberch,2024,Midfield,England - Premier League,Liverpool FC,22.63107460643395,3169,37,0.1136005048911328,75000000.0,18.132998671500584,0.8466086319859829,0.05202588620341239,0,2996.0,29997067.595841542,0.39996090127788725,0.050582538368365966
479999,Eberechi Eze,2024,Midfield,England - Premier League,Crystal Palace,26.510609171800137,2603,34,0.5532078371110257,55000000.0,17.822843743196746,-0.012907802139135338,0.08025041755253297,0,1900.0,50001244.75727524,0.909113541041368,0.09748964590677663
480116,Lloyd Kelly,2024,Defender,Italy - Serie A,Juventus FC,26.23956194387405,1316,22,0.0683890577507598,16000000.0,16.588099280204055,1.510827515918793,0.21815964455415543,0,2998.0,3637602.0136814457,0.22735012585509035,0.2851410895493212
480692,Luis Díaz,2024,Attack,England - Premier League,Liverpool FC,27.96714579055441,2413,36,0.7459593866556155,70000000.0,18.064005800013632,0.9114039060378953,0.082003235499999,0,2451.0,26466297.417846564,0.37808996311209375,0.07341958735168942
480762,Lisandro Martínez,2024,Defender,England - Premier League,Manchester United,26.954140999315538,1754,20,0.1539338654503991,45000000.0,17.622173047734595,1.8283580531344068,0.11429134569710162,0,1231.0,7284194.742413802,0.16187099427586227,0.13533076675675093
480763,Juan Foyth,2024,Defender,Spain - LaLiga,Villarreal CF,26.97056810403833,1517,19,0.05932762030323,15000000.0,16.523560759066484,0.5687235626786333,0.2579866693435476,0,936.0,8502708.704161545,0.566847246944103,0.31806617782018853
480883,Miguel de la Fuente,2024,Attack,Spain - LaLiga,CD Leganés,25.3305954825462,1719,34,0.2094240837696334,2000000.0,14.50865773852422,-1.0300504283101102,0.6293245182516612,1,0.0,5695269.414666586,2.8476347073332926,0.553692881436571
481084,Marcos André,2024,Attack,Spain - LaLiga,Real Valladolid CF,28.199863107460644,1193,22,0.2263202011735121,1000000.0,13.815510557964274,-0.876328077419692,0.787668947033699,1,0.0,2493295.701911351,2.493295701911351,0.7242724007070438
481834,Andrea Carboni,2024,Defender,Italy - Serie A,AC Monza,23.906913073237508,2196,26,0.040983606557377,2800000.0,14.845129975145433,-0.9666685696732564,0.37794676623689316,1,0.0,7411303.710337263,2.646894182263308,0.5646721087915492
483348,Djed Spence,2024,Defender,England - Premier League,Tottenham Hotspur,24.39698836413416,1791,25,0.1507537688442211,20000000.0,16.811242831518264,0.8151176058648462,0.2281544384199068,0,2056.0,8846013.243697045,0.44230066218485226,0.14877514734995514
484547,Jeremie Frimpong,2024,Defender,Germany - Bundesliga,Bayer 04 Leverkusen,24.060232717316907,2322,33,0.4263565891472868,50000000.0,17.72753356339242,0.11811399770473252,0.060137764745599995,0,1040.0,40535243.80458258,0.8107048760916516,0.09072139016589678
484988,Logan Costa,2024,Defender,Spain - LaLiga,Villarreal CF,23.753593429158112,2676,33,0.100896860986547,18000000.0,16.70588231586044,0.1515244289905744,0.08198254925172344,1,28.0,15059500.872252548,0.8366389373473638,0.0986933906282584
485583,Ki-Jana Hoever,2024,Defender,France - Ligue 1,AJ Auxerre,22.954140999315538,2139,30,0.126227208976157,5000000.0,15.424948470398377,-0.1251338186521176,0.2661260985097213,1,428.0,5758251.606842074,1.1516503213684148,0.2538857103341386
485585,Ian Maatsen,2024,Defender,England - Premier League,Aston Villa,22.8145106091718,1127,29,0.2395740905057675,28000000.0,17.14771506813948,0.9261495654117877,0.27925242978220877,0,1599.0,10973982.250546817,0.39192793751952915,0.2305028836774365
485706,Amadou Onana,2024,Midfield,England - Premier League,Aston Villa,23.378507871321013,1624,26,0.1662561576354679,50000000.0,17.72753356339242,0.4874743979604199,0.16905921204638202,0,1764.0,28725031.35752643,0.5745006271505286,0.18112272660033618
485960,Lilian Brassier,2024,Defender,France - Ligue 1,Stade Rennais FC,25.16632443531828,2016,26,0.0892857142857142,10000000.0,16.11809565095832,-0.611528676002048,0.19141014466160966,0,2252.0,17776368.43447,1.7776368434470002,0.24797123270883406
485963,Pape Gueye,2024,Midfield,Spain - LaLiga,Villarreal CF,25.93839835728953,2230,34,0.1614349775784753,15000000.0,16.523560759066484,0.1425903098980128,0.17402025547974545,0,2143.0,12773521.581919802,0.8515681054613201,0.1976196993035443
485965,Nicolas Cozza,2024,Defender,France - Ligue 1,FC Nantes,25.98220396988364,2051,27,0.0877620672842516,3500000.0,15.068273526459642,-0.886185737796048,0.4335494106383543,0,2303.0,8499627.323699916,2.4284649496285473,0.35435034430589685
486031,Nico González,2024,Attack,Italy - Serie A,Juventus FC,26.740588637919235,1764,26,0.2551020408163265,24000000.0,16.99356438831222,0.8881477975397276,0.2211726010362796,0,1471.0,9821634.033307824,0.409234751387826,0.2250452828056247
486049,Jérémy Doku,2024,Attack,England - Premier League,Manchester City,22.60095824777549,1514,29,0.535006605019815,50000000.0,17.72753356339242,-0.1291390771874461,0.24292475972391042,0,1786.0,50978490.21659489,1.0195698043318977,0.2067203523581672
487465,Pedro Neto,2024,Attack,England - Premier League,Chelsea FC,24.815879534565365,2269,35,0.3966505068312032,50000000.0,17.72753356339242,0.5491902185290058,0.17166213952700118,0,2643.0,27112393.290644705,0.5422478658128941,0.14731869775331763
487469,Vitinha,2024,Midfield,France - Ligue 1,Paris Saint-Germain,24.88432580424367,2035,29,0.2653562653562654,80000000.0,18.197537192638155,1.7464851808136634,0.050616200277203906,0,2121.0,13653346.292533873,0.1706668286566734,0.07771603730446122
487474,Francisco Conceição,2024,Attack,Italy - Serie A,Juventus FC,22.050650239561943,1338,26,0.4708520179372197,28000000.0,17.14771506813948,1.0706484411632013,0.17827143119767053,0,2098.0,9558881.17856622,0.3413886135202221,0.15804853528019527
487843,Lorenzo Colombo,2024,Attack,Italy - Serie A,FC Empoli,22.819986310746064,2240,37,0.3214285714285714,5000000.0,15.424948470398377,-0.6252693805072922,0.34617156532316323,0,2346.0,9316395.890584078,1.8632791781168154,0.35183661150285106
487969,Randal Kolo Muani,2024,Attack,Italy - Serie A,Juventus FC,26.07529089664613,1514,26,0.71334214002642,30000000.0,17.216707939626428,-0.16460946950473598,0.22776787124676237,0,1669.0,32778166.65247315,1.0926055550824383,0.19844424354981555
488362,Conor Gallagher,2024,Midfield,Spain - LaLiga,Atlético de Madrid,24.903490759753595,1633,32,0.3306797305572566,40000000.0,17.50439001207821,0.7822954458227498,0.10154980726607586,0,1856.0,17650352.14671156,0.441258803667789,0.1685668691259523
488626,Jesús Areso,2024,Defender,Spain - LaLiga,CA Osasuna,25.50308008213552,3089,36,0.0874069278083522,12000000.0,16.300417207752275,-0.3869201018744115,0.09237083395121574,0,1504.0,17079916.32403492,1.4233263603362434,0.22588124020253295
488755,Jakov Medic,2024,Defender,Germany - Bundesliga,VfL Bochum,26.31895961670089,1604,23,0.0561097256857855,2000000.0,14.50865773852422,-0.8626659099509597,0.565423158592908,1,0.0,4842812.94436597,2.421406472182985,0.6544898094877799
488996,Thórir Jóhann Helgason,2024,Midfield,Italy - Serie A,US Lecce,24.26009582477755,1157,21,0.3111495246326707,3000000.0,14.914122846632385,-0.310817796532072,0.5392662251064487,1,140.0,4200692.916296235,1.4002309720987451,0.603441564512529
490384,Koni De Winter,2024,Defender,Italy - Serie A,Genoa CFC,22.55715263518138,2133,25,0.1265822784810126,22000000.0,16.90655301132259,0.15082306471293982,0.10892433652850567,0,1798.0,18220129.21133019,0.8281876914240995,0.1624602857037916
490423,Ignace Van der Brempt,2024,Defender,Italy - Serie A,Como 1907,22.75427789185489,1258,20,0.1430842607313195,4000000.0,15.201804919084164,0.17120829911014157,0.437951892234401,0,931.0,3475515.1287899283,0.868878782197482,0.45366623194530636
491296,Anass Zaroury,2024,Attack,France - Ligue 1,RC Lens,24.150581793292265,1407,28,0.3198294243070362,8000000.0,15.89495209964411,0.5881456211553018,0.37756259384686086,1,0.0,4548755.851024693,0.5685944813780867,0.43549655273226406
493003,Daniel Muñoz,2024,Defender,England - Premier League,Crystal Palace,28.602327173169066,3232,37,0.2784653465346535,25000000.0,17.034386382832476,0.5694278263528849,0.08193711968690748,0,2404.0,13834861.71659223,0.5533944686636892,0.07645709599383675
493513,Karl Hein,2024,Goalkeeper,Spain - LaLiga,Real Valladolid CF,22.72142368240931,2790,31,0.0,3000000.0,14.914122846632385,-1.0002561172178606,0.3248867016495772,1,180.0,8178975.735145771,2.7263252450485904,0.393481174139688
494586,Mickaël Nadé,2024,Defender,France - Ligue 1,AS Saint-Étienne,25.831622176591377,2278,26,0.1580333625987708,2000000.0,14.50865773852422,-1.0154490737700193,0.34797074070906114,1,0.0,5615405.099963662,2.807702549981831,0.5369708512652003
495621,Antonio Blanco,2024,Midfield,Spain - LaLiga,Deportivo Alavés,24.4435318275154,2739,35,0.0328587075575027,10000000.0,16.11809565095832,-0.07561326257754475,0.1390024858877496,0,3117.0,10686090.48939327,1.068609048939327,0.18933577319595388
495666,William Saliba,2024,Defender,England - Premier League,Arsenal FC,23.77549623545517,3041,35,0.0591910555738244,80000000.0,18.197537192638155,0.46550828024180535,0.03487308630588732,0,2615.0,45421033.7790781,0.5677629222384762,0.05300260538090498
495667,Lucas Da Cunha,2024,Midfield,Italy - Serie A,Como 1907,23.564681724846,2625,36,0.1714285714285714,10000000.0,16.11809565095832,0.1771798485250491,0.15993784573709718,0,2748.0,8389922.88319422,0.838992288319422,0.1995291779480576
495722,Devis Vásquez,2024,Goalkeeper,Italy - Serie A,FC Empoli,26.64202600958248,2880,32,0.0,2000000.0,14.50865773852422,-1.2422608023752906,0.4135381928944919,1,0.0,6989557.538393598,3.494778769196799,0.6364503094917396
496094,Karim Adeyemi,2024,Attack,Germany - Bundesliga,Borussia Dortmund,22.954140999315538,1441,25,0.8119361554476058,45000000.0,17.622173047734595,0.701980984186001,0.1275046543583868,0,1196.0,21276028.28565498,0.4728006285701107,0.13328225060393042
496745,Emil Holm,2024,Defender,Italy - Serie A,Bologna Football Club 1909,24.63791923340177,1135,21,0.158590308370044,8000000.0,15.89495209964411,0.5635371913381215,0.41068310473808217,1,884.0,4658793.836127989,0.5823492295159987,0.545810121731457
496857,Edon Zhegrova,2024,Attack,France - Ligue 1,LOSC Lille,25.75770020533881,985,12,0.4568527918781725,25000000.0,17.034386382832476,1.1760105149098972,0.2438002408883825,1,366.0,7750700.669366412,0.31002802677465646,0.3356438074879526
497291,Nicolás Domínguez,2024,Midfield,England - Premier League,Nottingham Forest,26.51334702258727,1971,34,0.045662100456621,18000000.0,16.70588231586044,0.0472187751058315,0.31971817209963604,0,1177.0,16622953.115792524,0.9234973953218069,0.3024438449649845
500067,Chidera Ejuke,2024,Attack,Spain - LaLiga,Sevilla FC,26.99794661190965,957,25,0.2821316614420063,4000000.0,15.201804919084164,0.6484027461425756,0.5985566330763812,0,922.0,2175378.8868443076,0.5438447217110769,0.543164227430834
500689,Evann Guessand,2024,Attack,France - Ligue 1,OGC Nice,23.50444900752909,2575,33,0.7339805825242719,25000000.0,17.034386382832476,-0.21377799554019639,0.08526576019048843,0,916.0,28943683.45972264,1.1577473383889056,0.15078123481276537
501418,Adrià Pedrosa,2024,Defender,Spain - LaLiga,Sevilla FC,26.639288158795345,2304,31,0.078125,7000000.0,15.761420707019589,0.3570862759108322,0.23293856722448045,0,1084.0,5000388.0419082455,0.7143411488440351,0.26328796703900464
501709,Theo Bair,2024,Attack,France - Ligue 1,AJ Auxerre,25.349760438056126,932,29,0.2896995708154506,1800000.0,14.403297222866392,-0.2921154947773017,0.7511809574549387,1,8.0,2502078.498250493,1.3900436101391627,0.6749714017324604
502670,Khvicha Kvaratskhelia,2024,Attack,Italy - Serie A,SSC Napoli,23.88501026694045,2107,31,0.6407214048410061,90000000.0,18.31532022829454,0.7844901465499712,0.04728334249464127,0,1482.0,37678542.71673195,0.418650474630355,0.08173400028677663
502676,Giorgi Mamardashvili,2024,Goalkeeper,Spain - LaLiga,Valencia CF,24.257357973990416,3060,34,0.0,30000000.0,17.216707939626428,0.011965980402227627,0.06628043077670935,1,868.0,27791031.575497832,0.9263677191832611,0.05397112574878249
502722,Luka Sucic,2024,Midfield,Spain - LaLiga,Real Sociedad,22.31622176591376,1794,29,0.1505016722408027,15000000.0,16.523560759066484,0.6647353466334849,0.18950323826287943,0,1019.0,7754049.433310434,0.5169366288873622,0.1899023061952838
502821,Riccardo Calafiori,2024,Defender,England - Premier League,Arsenal FC,22.622861054072555,985,19,0.2741116751269035,35000000.0,17.37085861945369,0.8021030650787542,0.2167567188544051,0,1708.0,15266412.844444318,0.4361832241269805,0.22163082748792892
503075,Isak Hien,2024,Defender,Italy - Serie A,Atalanta BC,25.968514715947983,2325,30,0.0,30000000.0,17.216707939626428,1.936410648905579,0.07545740848535586,0,1965.0,4433065.591862386,0.14776885306207954,0.06674000120160743
503160,Paul Nebel,2024,Midfield,Germany - Bundesliga,1.FSV Mainz 05,22.22861054072553,2349,31,0.6130268199233716,24000000.0,16.99356438831222,-0.2517129247710781,0.0750464554360878,0,2078.0,28865613.527644783,1.2027338969851993,0.09650588920877866
503482,Min-jae Kim,2024,Defender,Germany - Bundesliga,Bayern Munich,28.128678986995208,2289,27,0.0786369593709043,40000000.0,17.50439001207821,1.1909131094272092,0.07432380367743473,0,1605.0,11978799.172241086,0.29946997930602715,0.07401557453942922
503680,Neco Williams,2024,Defender,England - Premier League,Nottingham Forest,23.720739219712527,2592,35,0.1388888888888889,20000000.0,16.811242831518264,0.11192052480132286,0.14121910910513,0,3206.0,17274543.437389962,0.8637271718694981,0.12441373737007726
503733,Anthony Gordon,2024,Attack,England - Premier League,Newcastle United,23.852156057494867,2446,34,0.4415372035977105,65000000.0,17.98989782785991,0.2294684492019119,0.09186844425101302,0,1814.0,46632574.75868314,0.7174242270566636,0.06492977870059609
503743,Morgan Rogers,2024,Midfield,England - Premier League,Aston Villa,22.43668720054757,3131,37,0.5461513893324816,55000000.0,17.822843743196746,0.14331833874883704,0.039935314610558166,0,3285.0,43261978.84554801,0.7865814335554184,0.0464056018232749
503749,Jacob Ramsey,2024,Midfield,England - Premier League,Aston Villa,23.59753593429158,1628,29,0.3316953316953317,32000000.0,17.281246460764002,0.496340815797669,0.16801361272778714,0,1445.0,18728925.97617508,0.5852789367554713,0.17956708021265416
503866,Albert Grønbaek,2024,Midfield,France - Ligue 1,Stade Rennais FC,23.61122518822724,956,20,0.2824267782426778,12000000.0,16.300417207752275,1.1599396089565097,0.32208150078089776,1,596.0,3868941.506924174,0.32241179224368116,0.4313100232630047
503871,Morten Frendrup,2024,Midfield,Italy - Serie A,Genoa CFC,23.73716632443532,3107,35,0.0579336981010621,20000000.0,16.811242831518264,0.22045070142184597,0.06002225459360736,0,3089.0,15588509.940380454,0.7794254970190228,0.08197815816068667
503977,Taylor Harwood-Bellis,2024,Defender,England - Premier League,Southampton FC,22.92128678986996,2828,34,0.0318246110325318,22000000.0,16.90655301132259,-0.2079238503660894,0.13021042184832876,1,0.0,25537012.117061995,1.1607732780482725,0.09206889013839181
503981,Tino Livramento,2024,Defender,England - Premier League,Newcastle United,22.138261464750173,2843,37,0.0316567006683081,40000000.0,17.50439001207821,0.6894288970769624,0.09433094283454609,0,1328.0,19267617.466449853,0.48169043666124634,0.07119257911553516
503987,Noni Madueke,2024,Attack,England - Premier League,Chelsea FC,22.8145106091718,2047,32,0.4836345872007817,40000000.0,17.50439001207821,0.6215094969741495,0.16257692835867546,0,1217.0,20541484.083521437,0.5135371020880359,0.12291802861787728
503991,Yunus Musah,2024,Midfield,Italy - Serie A,AC Milan,22.091718001368925,1574,29,0.1143583227445997,20000000.0,16.811242831518264,0.9894612986309719,0.1896091506885939,1,651.0,7482799.156945535,0.37413995784727677,0.13682101446921657
504153,Joe Scally,2024,Defender,Germany - Bundesliga,Borussia Mönchengladbach,22.0041067761807,2588,32,0.0,10000000.0,16.11809565095832,-0.5673346420925336,0.13800805094206264,0,2611.0,17049146.61033726,1.704914661033726,0.1799358659369224
504209,Gianluca Busio,2024,Midfield,Italy - Serie A,Venezia FC,22.598220396988363,2527,33,0.0712307083498219,6000000.0,15.60727002719233,-0.7350797916138698,0.22901350743182178,1,0.0,12312660.677733243,2.0521101129555404,0.29135622363208574
504849,Kaoru Mitoma,2024,Attack,England - Premier League,Brighton & Hove Albion,27.61943874058864,2609,36,0.4829436565733998,40000000.0,17.50439001207821,0.9263396681980973,0.12848818233605036,0,1722.0,15401466.941605238,0.38503667354013094,0.10549326028615628
505194,Luke Thomas,2024,Defender,England - Premier League,Leicester City,23.561943874058866,1113,14,0.0,6000000.0,15.60727002719233,-0.21027900952065215,0.5867659193644502,1,0.0,7452405.0632188795,1.24206751053648,0.5716123443116435
505219,James Garner,2024,Midfield,England - Premier League,Everton FC,23.805612594113622,1595,21,0.0564263322884012,18000000.0,16.70588231586044,0.15608230603492323,0.2581804603250063,0,3414.0,14994573.042083992,0.8330318356713329,0.22559846212278306
505653,Fábio Silva,2024,Attack,Spain - LaLiga,UD Las Palmas,22.455852156057496,1878,24,0.6230031948881789,20000000.0,16.811242831518264,0.20683461328766262,0.1304832312919904,1,805.0,15790846.998715246,0.7895423499357623,0.16654781574797756
505674,Sergio Camello,2024,Attack,Spain - LaLiga,Rayo Vallecano,23.89048596851472,1139,23,0.3950834064969271,3000000.0,14.914122846632385,-1.193327150754591,0.6143497838338616,1,818.0,9840749.59653231,3.2802498655107697,0.5423822457669024
506189,Flynn Downes,2024,Midfield,England - Premier League,Southampton FC,25.949349760438057,2155,27,0.0417633410672853,13000000.0,16.38045991542581,-0.1380234126925446,0.30148953633313735,1,0.0,14555817.302909682,1.1196782540699755,0.2749310109974658
506248,Edu Expósito,2024,Midfield,Spain - LaLiga,RCD Espanyol Barcelona,28.418891170431213,1045,19,0.1722488038277512,3000000.0,14.914122846632385,-0.7802616573685022,0.6674700987961404,0,2542.0,6619018.16427121,2.2063393880904036,0.5330979818689812
507344,Becir Omeragic,2024,Defender,France - Ligue 1,Montpellier HSC,22.94866529774127,1803,22,0.0,4500000.0,15.319587954740548,-0.6199031841783036,0.3342332362423749,1,0.0,8378463.791945846,1.8618808426546325,0.42956592065009847
507486,Simon Sohm,2024,Midfield,Italy - Serie A,Parma Calcio 1913,23.72621492128679,3000,37,0.12,5000000.0,15.424948470398377,-0.8108973596902209,0.1846939542630166,0,1429.0,11124498.096459571,2.2248996192919144,0.24223017485773424
509022,Federico Gatti,2024,Defender,Italy - Serie A,Juventus FC,26.5242984257358,2199,30,0.0818553888130968,24000000.0,16.99356438831222,1.2632980327468384,0.09605254364650864,0,1090.0,6851900.785831033,0.28549586607629307,0.13806074353761666
511021,Manu Fuster,2024,Attack,Spain - LaLiga,UD Las Palmas,27.195071868583163,990,28,0.2727272727272727,1500000.0,14.22097566607244,-0.3181813161539413,0.7645229313071289,1,0.0,2145010.8444806645,1.4300072296537762,0.6603453967735554
512352,Lasse Rosenboom,2024,Defender,Germany - Bundesliga,Holstein Kiel,22.951403148528406,1738,26,0.2071346375143843,1500000.0,14.22097566607244,-1.506769906012885,0.5479548810057322,1,0.0,6835281.458298645,4.55685430553243,0.6675741017752622
513031,Antonio Sánchez,2024,Midfield,Spain - LaLiga,RCD Mallorca,27.696098562628336,1387,33,0.0,2500000.0,14.73180128983843,-0.382544511103974,0.6386355579810631,0,1061.0,3771600.4937906126,1.5086401975162451,0.5488264695886494
513245,Jesper Lindstrøm,2024,Attack,England - Premier League,Everton FC,24.84052019164956,1241,25,0.072522159548751,18000000.0,16.70588231586044,0.5240463504965938,0.5006420909083777,1,374.0,10565646.862120127,0.586980381228896,0.4181900236387278
517753,Óscar Valentín,2024,Midfield,Spain - LaLiga,Rayo Vallecano,30.368240930869263,1829,34,0.0,2500000.0,14.73180128983843,-0.24645169160110258,0.4264411716278575,0,2115.0,3302148.0337699167,1.3208592135079666,0.5447006029156835
517842,Aihen Muñoz,2024,Defender,Spain - LaLiga,Real Sociedad,27.378507871321013,1098,21,0.0,4000000.0,15.201804919084164,0.10281389084662917,0.5529285916998267,1,843.0,3715526.6795142693,0.9288816698785674,0.5392968886523792
517894,Matheus Cunha,2024,Attack,England - Premier League,Wolverhampton Wanderers,25.60164271047228,2603,33,0.7260852862082213,60000000.0,17.909855120186375,-0.1621788652857059,0.09441581706191593,0,2503.0,62191769.33955368,1.0365294889925614,0.07228193817143404
518505,Jamie Leweling,2024,Attack,Germany - Bundesliga,VfB Stuttgart,23.8466803559206,1677,27,0.2683363148479427,20000000.0,16.811242831518264,0.5330275664560373,0.2426411838648767,0,2379.0,11583075.759675797,0.5791537879837898,0.17722410784605766
520530,Fali Candé,2024,Defender,Italy - Serie A,Venezia FC,26.937713894592743,1530,17,0.1176470588235294,2500000.0,14.73180128983843,-0.39868153733609457,0.48418736726170863,1,507.0,3831423.890318059,1.5325695561272235,0.3224018336249439
520624,Bruno Guimarães,2024,Midfield,England - Premier League,Newcastle United,27.12662559890486,3287,38,0.3011864922421661,80000000.0,18.197537192638155,0.5293502496773146,0.03222138380152166,0,2460.0,42809098.0098492,0.535113725123115,0.04774085461712178
520840,José Copete,2024,Defender,Spain - LaLiga,RCD Mallorca,25.229295003422312,1523,25,0.0,3000000.0,14.914122846632385,-0.8444203904084224,0.5496097207421428,0,1761.0,7041061.341779887,2.347020447259962,0.48455642303761587
521964,Malick Thiaw,2024,Defender,Italy - Serie A,AC Milan,23.40041067761807,1804,22,0.0,18000000.0,16.70588231586044,1.0565466889273374,0.14479940144111342,0,2964.0,6337591.322887193,0.3520884068270663,0.23582564298550934
522784,Taty Castellanos,2024,Attack,Italy - Serie A,Società Sportiva Lazio S.p.A.,26.24777549623545,2395,29,0.5636743215031316,25000000.0,17.034386382832476,0.0986032985045231,0.11343766780523186,0,2090.0,21590533.79327854,0.8636213517311416,0.10923775325659173
523318,Anastasios Douvikas,2024,Attack,Spain - LaLiga,Celta de Vigo,25.418206707734427,1270,33,0.5669291338582677,10000000.0,16.11809565095832,0.3395988479308376,0.3564387658412746,0,2278.0,7177610.519736714,0.7177610519736713,0.43393837638726923
524000,Dani Vivian,2024,Defender,Spain - LaLiga,Athletic Bilbao,25.49486652977413,2605,32,0.1381957773512476,40000000.0,17.50439001207821,0.8248090510754618,0.0440723249525609,0,2563.0,16955106.002250705,0.4238776500562676,0.06660837458518842
524285,Luca Netz,2024,Defender,Germany - Bundesliga,Borussia Mönchengladbach,21.634496919917865,959,24,0.1876955161626694,6000000.0,15.60727002719233,-0.6805815120053764,0.44341841289292,0,1293.0,11689928.851018948,1.9483214751698248,0.5286431157407248
524925,Modibo Sagnan,2024,Defender,France - Ligue 1,Montpellier HSC,25.71937029431896,2117,27,0.0850259801606046,3000000.0,14.914122846632385,-0.48738919435694683,0.39905409993629065,1,0.0,4986721.5550237,1.6622405183412334,0.3975707581107052
525247,Maximilian Kilman,2024,Defender,England - Premier League,West Ham United,27.61122518822724,3349,38,0.053747387279785,25000000.0,17.034386382832476,-0.2574861919082385,0.0643928786055439,0,1558.0,30151197.896689326,1.206047915867573,0.06553385093191125
525299,Miguel Gutiérrez,2024,Defender,Spain - LaLiga,Girona FC,23.43326488706365,2464,29,0.2191558441558441,20000000.0,16.811242831518264,-0.39099800255373984,0.07941582118489322,0,1484.0,27726026.986765366,1.3863013493382683,0.07824109669767255
525578,Pathé Ciss,2024,Midfield,Spain - LaLiga,Rayo Vallecano,30.798083504449007,2147,33,0.2095947834187238,2000000.0,14.50865773852422,-1.0072154112938323,0.473871352674454,0,1994.0,5570854.5101602385,2.785427255080119,0.408011021963208
525704,Nicolò Rovella,2024,Midfield,Italy - Serie A,Società Sportiva Lazio S.p.A.,23.077344284736483,2727,33,0.099009900990099,30000000.0,17.216707939626428,0.6403470007162637,0.07669211607811183,1,512.0,15376833.007727636,0.5125611002575878,0.06055857196339967
526845,Noah Atubolu,2024,Goalkeeper,Germany - Bundesliga,SC Freiburg,22.60643394934976,2308,26,0.0,18000000.0,16.70588231586044,0.38354416227878696,0.125659289635207,0,3060.0,12080308.477506675,0.6711282487503708,0.0835052794172731
527425,Luke Woolfenden,2024,Defender,England - Premier League,Ipswich Town,26.19849418206708,1187,15,0.0,2000000.0,14.50865773852422,-0.8891629487932509,0.7536930515221532,1,0.0,4968902.588878369,2.4844512944391846,0.6626268500731952
527698,Kike Pérez,2024,Midfield,Spain - LaLiga,Real Valladolid CF,27.87953456536619,2318,35,0.1553062985332182,2800000.0,14.845129975145433,-0.6775746173526613,0.36270101941364125,1,0.0,5607793.416686229,2.0027833631022247,0.38294317771324415
527966,Andrei Rațiu,2024,Defender,Spain - LaLiga,Rayo Vallecano,26.535249828884325,3067,35,0.1467231822627975,12000000.0,16.300417207752275,-0.14730176110008175,0.09414945194182849,0,2804.0,13610189.485340295,1.1341824571116912,0.1398744196771842
528833,Lazar Samardžić,2024,Midfield,Italy - Serie A,Atalanta BC,22.85284052019165,1149,31,0.2349869451697127,17000000.0,16.64872390202049,0.35515953623407936,0.2669906528522414,0,1022.0,11753731.550243665,0.6913959735437449,0.2876905424381856
530742,Fisayo Dele-Bashiru,2024,Midfield,Italy - Serie A,Società Sportiva Lazio S.p.A.,23.90143737166325,943,20,0.3817603393425238,7500000.0,15.83041357850654,0.3930065283318709,0.4043905752027543,0,1182.0,5163289.711342159,0.6884386281789545,0.5433246261879197
532775,Melvin Bard,2024,Defender,France - Ligue 1,OGC Nice,24.1533196440794,1941,24,0.1391035548686244,15000000.0,16.523560759066484,0.27990326279991784,0.12042694675164735,0,2396.0,11207687.438140353,0.7471791625426902,0.14684836872107154
532826,Mason Greenwood,2024,Attack,France - Ligue 1,Olympique Marseille,23.252566735112936,2818,34,0.8623136976579134,40000000.0,17.50439001207821,-0.28286478496136924,0.03695749283547174,0,2471.0,47805984.34834658,1.1951496087086646,0.0535232047282721
532937,Johan Vásquez,2024,Defender,Italy - Serie A,Genoa CFC,26.195756331279945,3041,36,0.0887865833607366,14000000.0,16.454567887579532,0.5671405439005066,0.07287391909719801,0,3217.0,7970050.5935209505,0.5692893281086393,0.14231293581932214
533295,Patrick Wimmer,2024,Attack,Germany - Bundesliga,VfL Wolfsburg,23.59206023271732,1782,29,0.3535353535353535,15000000.0,16.523560759066484,-0.0531794371075609,0.2621783493372526,0,1634.0,15382359.757237881,1.0254906504825254,0.1628104213478881
533568,Nahuel Tenaglia,2024,Defender,Spain - LaLiga,Deportivo Alavés,28.862422997946613,2923,34,0.0923708518645227,3000000.0,14.914122846632385,-0.7161746596482237,0.2634778284422194,0,3240.0,6222211.244051188,2.0740704146837294,0.2718837844995307
533662,Cameron Archer,2024,Attack,England - Premier League,Southampton FC,23.06365503080082,1433,35,0.1256106071179344,12000000.0,16.300417207752275,0.15326920685668632,0.4837580564560685,1,0.0,10221325.88543041,0.8517771571192009,0.3425945662602466
533738,Jonathan David,2024,Attack,France - Ligue 1,LOSC Lille,24.96646132785764,2559,32,0.738569753810082,45000000.0,17.622173047734595,0.04892194942948658,0.053801574303656285,0,1784.0,39195097.21056778,0.8710021602348396,0.09085058957379462
534033,Alexis Mac Allister,2024,Midfield,England - Premier League,Liverpool FC,26.023271731690624,2609,35,0.3449597546952855,100000000.0,18.420680743952367,0.8869466370397767,0.04894525429220066,0,2663.0,37780501.9319534,0.37780501931953403,0.05612919595993122
535469,Valentin Mihăilă,2024,Attack,Italy - Serie A,Parma Calcio 1913,24.914442162902123,1296,21,0.2083333333333333,3000000.0,14.914122846632385,0.20355263203156992,0.5677083827057029,1,0.0,2539663.6558247656,0.8465545519415886,0.5554982386564721
535955,Nuno Tavares,2024,Defender,Italy - Serie A,Società Sportiva Lazio S.p.A.,24.933607118412045,1702,23,0.4230317273795534,25000000.0,17.034386382832476,0.38723463335391717,0.11692856156215066,0,1471.0,16442882.974020049,0.6577153189608019,0.24604840020611857
536508,Han-Noah Massengo,2024,Midfield,France - Ligue 1,AJ Auxerre,23.48802190280629,1046,17,0.0,5000000.0,15.424948470398377,0.5905961051913642,0.4919589827888664,0,2437.0,2868004.72582879,0.573600945165758,0.529749992078275
536835,Amad Diallo,2024,Attack,England - Premier League,Manchester United,22.47775496235456,1903,26,0.7566999474513925,45000000.0,17.622173047734595,-0.0574403152848455,0.13046094832239352,0,2346.0,43265510.37663812,0.9614557861475138,0.1517667966985882
537382,Bryan Gil,2024,Attack,Spain - LaLiga,Girona FC,23.887748117727583,1734,25,0.3114186851211072,15000000.0,16.523560759066484,0.49815588626163176,0.2831738217254199,0,1587.0,9097660.138546363,0.6065106759030908,0.3393920246471837
538918,Sebastiano Esposito,2024,Attack,Italy - Serie A,FC Empoli,22.50239561943874,2344,33,0.3455631399317406,8500000.0,15.955576721460544,-0.317091293743474,0.21207337348891314,0,2702.0,11521998.88177622,1.355529280208967,0.22400038557250035
538964,Thijs Dallinga,2024,Attack,Italy - Serie A,Bologna Football Club 1909,24.413415468856947,1145,31,0.4716157205240175,12000000.0,16.300417207752275,-0.034435288795933605,0.3414353567111555,1,804.0,12225102.134888753,1.0187585112407294,0.31091896297264243
538977,Georginio Rutter,2024,Attack,England - Premier League,Brighton & Hove Albion,22.702258726899384,1666,28,0.432172869147659,32000000.0,17.281246460764002,0.5052573907619031,0.2538491418541851,0,1791.0,18571969.979821946,0.5803740618694359,0.22116734854569547
538998,Timothée Pembélé,2024,Defender,France - Ligue 1,Le Havre AC,22.313483915126625,1108,20,0.0812274368231047,2500000.0,14.73180128983843,-0.5512056326531334,0.5749984065311009,1,374.0,4444757.385291685,1.7779029541166742,0.6007143517029034
539134,Daniel Maldini,2024,Midfield,Italy - Serie A,AC Monza,23.225188227241617,1566,30,0.4022988505747126,10000000.0,16.11809565095832,0.41577710613811103,0.24742072637247664,0,952.0,6669835.15531886,0.666983515531886,0.25474561227699716
540333,Tomas Suslov,2024,Midfield,Italy - Serie A,Hellas Verona,22.570841889117045,2097,31,0.0429184549356223,6000000.0,15.60727002719233,-0.768307100741942,0.3058350508639268,1,445.0,12708162.155101037,2.1180270258501728,0.3694604009773868
540664,Dilane Bakwa,2024,Attack,France - Ligue 1,RC Strasbourg Alsace,22.35181382614648,2513,30,0.5372065260644648,25000000.0,17.034386382832476,-0.1117356671961196,0.07761079842024024,1,657.0,26306048.821644522,1.052241952865781,0.10110216888015186
540941,Mikkel Damsgaard,2024,Midfield,England - Premier League,Brentford FC,24.49828884325804,2930,38,0.3993174061433447,28000000.0,17.14771506813948,0.313438391993913,0.10389637469080294,0,2058.0,19621797.291240286,0.700778474687153,0.06089717298352687
541231,Sepp van den Berg,2024,Defender,England - Premier League,Brentford FC,23.033538672142367,2588,31,0.0347758887171561,22000000.0,16.90655301132259,-0.13229327304199434,0.128737435593113,0,2761.0,23787184.346433654,1.0812356521106206,0.15572471372265118
541555,Enzo Boyomo,2024,Defender,Spain - LaLiga,CA Osasuna,23.236139630390145,3258,37,0.0552486187845303,20000000.0,16.811242831518264,0.08077630883733411,0.05752008725881023,0,2545.0,17790517.91353648,0.889525895676824,0.0982634673023534
543499,Mohammed Kudus,2024,Attack,England - Premier League,West Ham United,24.41615331964408,2603,32,0.2766039185555128,45000000.0,17.622173047734595,0.6395358659757318,0.09953065153266011,0,1546.0,22563352.102461156,0.5014078244991368,0.07130949371533643
543666,Stefano Turati,2024,Goalkeeper,Italy - Serie A,AC Monza,23.32375085557837,2677,30,0.0,6500000.0,15.687312734865866,-0.5086413653927062,0.21374880370063595,1,533.0,10709017.231196852,1.6475411124918236,0.2504478682107354
543727,Botond Balogh,2024,Defender,Italy - Serie A,Parma Calcio 1913,22.573579739904176,2053,29,0.0438382854359473,2400000.0,14.690979295318174,-0.6053789024384235,0.40704484711040745,1,0.0,4502809.171229998,1.876170488012499,0.5342264302669983
543771,Kristjan Asllani,2024,Midfield,Italy - Serie A,Inter Milan,22.81724845995893,983,22,0.3662258392675483,13000000.0,16.38045991542581,0.5722487638416731,0.28500217623077717,0,1136.0,7385775.533086123,0.5681365794681633,0.4085479617633962
545647,Sergio Carreira,2024,Defender,Spain - LaLiga,Celta de Vigo,24.21902806297057,1657,23,0.2172601086300543,4000000.0,15.201804919084164,-0.3945830855867696,0.37586666778175687,0,2693.0,6021777.238824691,1.5054443097061727,0.34859476982272625
546213,Tuta,2024,Defender,Germany - Bundesliga,Eintracht Frankfurt,25.49760438056126,2275,30,0.0791208791208791,15000000.0,16.523560759066484,0.061607238919013874,0.12063349425659473,1,0.0,13795439.280340128,0.9196959520226752,0.13847733361938389
546543,Darwin Núñez,2024,Attack,England - Premier League,Liverpool FC,25.52498288843258,1118,30,0.6440071556350626,45000000.0,17.622173047734595,0.05229519918946668,0.3105499089045603,1,0.0,39072345.41251671,0.8682743425003714,0.2599465272722471
546926,Jay Idzes,2024,Defender,Italy - Serie A,Venezia FC,24.583162217659137,3128,35,0.028772378516624,7500000.0,15.83041357850654,-0.22780644500205716,0.12167111993615382,0,3064.0,9388030.35245328,1.2517373803271041,0.18245536717056268
547985,Fabiano Parisi,2024,Defender,Italy - Serie A,ACF Fiorentina,24.145106091718,1116,26,0.1612903225806451,6000000.0,15.60727002719233,-0.1445832102606297,0.4577634295671967,0,1528.0,6995851.390611792,1.165975231768632,0.4305357418121514
548111,Álex Baena,2024,Attack,Spain - LaLiga,Villarreal CF,23.45242984257358,2608,32,0.5866564417177914,55000000.0,17.822843743196746,0.09346706607311894,0.048075336606576216,0,1572.0,45309479.479640484,0.8238087178116451,0.07011759943740117
550106,Matteo Cancellieri,2024,Attack,Italy - Serie A,Parma Calcio 1913,22.88569472963724,1430,27,0.1888111888111888,4500000.0,15.319587954740548,-0.26360530247465963,0.4845156766750172,0,1731.0,5945505.931294378,1.3212235402876396,0.4323457287579275
550108,Nicola Zalewski,2024,Midfield,Italy - Serie A,Associazione Sportiva Roma,22.94045174537988,963,23,0.2803738317757009,12000000.0,16.300417207752275,0.7725652847998883,0.35495926605497113,0,1905.0,5635784.351596929,0.46964869596641073,0.4574310410148744
550550,Gonçalo Ramos,2024,Attack,France - Ligue 1,Paris Saint-Germain,23.534565366187543,1063,22,1.1006585136406395,40000000.0,17.50439001207821,0.4227994758350144,0.11689289179558311,0,1309.0,24761161.729970988,0.6190290432492747,0.20404763763437514
550580,Shuto Machino,2024,Attack,Germany - Bundesliga,Holstein Kiel,25.256673511293634,1959,32,0.6431852986217458,5000000.0,15.424948470398377,-0.7597523012544061,0.3199480382557941,0,1063.0,10594586.235716779,2.1189172471433557,0.22747061885101696
551505,Mousa Tamari,2024,Attack,France - Ligue 1,Montpellier HSC,27.561943874058866,1686,26,0.2135231316725978,6000000.0,15.60727002719233,0.44423293643702255,0.37759787297646163,0,2228.0,3954950.754355549,0.6591584590592582,0.39405147205876695
552057,Adam Hlozek,2024,Attack,Germany - Bundesliga,TSG 1899 Hoffenheim,22.439425051334705,1875,27,0.528,18000000.0,16.70588231586044,0.13556608905270107,0.16478673723795173,1,37.0,15289008.218958164,0.8493893454976758,0.13396619730169734
552223,Filip Stanković,2024,Goalkeeper,Italy - Serie A,Venezia FC,22.85010266940452,1368,16,0.0,6000000.0,15.60727002719233,0.5047970573864666,0.4421609627336916,1,0.0,3728170.315011792,0.621361719168632,0.4450152521877841
552425,Jon Moncayola,2024,Midfield,Spain - LaLiga,CA Osasuna,26.639288158795345,2113,32,0.0,7000000.0,15.761420707019589,-0.8131780882255066,0.3408439335096726,0,3029.0,15351179.569542443,2.1930256527917775,0.4188164418107405
553875,Pedro Porro,2024,Defender,England - Premier League,Tottenham Hotspur,25.30321697467488,2609,33,0.2759678037562285,38000000.0,17.45309671769066,0.03773253350524919,0.09411725501546453,0,2798.0,33835966.68727969,0.8904201759810444,0.07430748324974937
554903,Mateo Retegui,2024,Attack,Italy - Serie A,Atalanta BC,25.67830253251197,2404,36,1.235440931780366,45000000.0,17.622173047734595,0.15994177251955888,0.03359533155387893,1,0.0,35346979.49036173,0.7854884331191495,0.07774379769004297
555500,Jorge Herrando,2024,Defender,Spain - LaLiga,CA Osasuna,23.84120465434634,1364,18,0.0659824046920821,4000000.0,15.201804919084164,-0.6438619824113063,0.4481040651261762,0,1598.0,7656612.42032027,1.9141531050800673,0.46010618630585876
555820,Martín Payero,2024,Midfield,Italy - Serie A,Udinese Calcio,26.308008213552363,1383,25,0.1301518438177874,5500000.0,15.5202586502027,0.3634163062715734,0.4063183799501748,0,1460.0,3931148.254709181,0.714754228128942,0.44439768218748266
556385,Destiny Udogie,2024,Defender,England - Premier League,Tottenham Hotspur,22.094455852156056,1932,25,0.046583850931677,40000000.0,17.50439001207821,0.24513376532721454,0.13386794007729086,0,1342.0,29245550.9040604,0.7311387726015101,0.17827375928868788
557149,Kang-in Lee,2024,Midfield,France - Ligue 1,Paris Saint-Germain,23.86584531143053,1667,30,0.647870425914817,25000000.0,17.034386382832476,0.21457610502564517,0.1472133594368671,0,1522.0,19355940.763669055,0.7742376305467622,0.22868910551675825
557459,Micky van de Ven,2024,Defender,England - Premier League,Tottenham Hotspur,23.704312114989733,1018,13,0.1768172888015717,50000000.0,17.72753356339242,0.9562432729930901,0.16658596378550858,0,3043.0,18489777.917416975,0.3697955583483395,0.1828538515378246
557613,Quentin Merlin,2024,Defender,France - Ligue 1,Olympique Marseille,22.63107460643395,1598,27,0.2252816020025031,15000000.0,16.523560759066484,0.030902295178943717,0.18170941317212405,0,2532.0,14203487.148397896,0.9468991432265265,0.2263621522904221
559328,Emmanuel Emegha,2024,Attack,France - Ligue 1,RC Strasbourg Alsace,21.911019849418206,2307,27,0.6631989596879064,25000000.0,17.034386382832476,-0.16666183268643686,0.07816892063737838,1,440.0,27695083.15052569,1.1078033260210276,0.10437338192757564
559794,Jack Clarke,2024,Attack,England - Premier League,Ipswich Town,24.10677618069815,1170,32,0.3076923076923077,15000000.0,16.523560759066484,0.9911576056325653,0.45624442567523227,1,0.0,5660647.659089334,0.3773765106059556,0.38876468435558253
559979,Abdel Abqar,2024,Defender,Spain - LaLiga,Deportivo Alavés,25.815195071868583,2467,29,0.0364815565464126,7500000.0,15.83041357850654,0.0651317019076667,0.1694481724041104,0,1441.0,7086889.22171258,0.9449185628950106,0.2590629637507716
560483,Randy Nteka,2024,Midfield,Spain - LaLiga,Rayo Vallecano,27.071868583162217,1137,24,0.237467018469657,1500000.0,14.22097566607244,-0.7449627233758442,0.6799828787358825,1,367.0,3262607.8504845677,2.175071900323045,0.6544839683471152
560593,Hicham Boudaoui,2024,Midfield,France - Ligue 1,OGC Nice,25.27583846680356,2440,29,0.221311475409836,15000000.0,16.523560759066484,-0.033610434528051236,0.13254287577464544,0,1694.0,15099714.35029101,1.006647623352734,0.14149556120624493
561613,Joan García,2024,Goalkeeper,Spain - LaLiga,RCD Espanyol Barcelona,23.66324435318275,3420,38,0.0,25000000.0,17.034386382832476,0.4488034141986508,0.061979117909601394,0,2700.0,15511774.676635867,0.6204709870654347,0.08018307094008079
563137,Robert Navarro,2024,Attack,Spain - LaLiga,RCD Mallorca,22.72416153319644,1286,23,0.0699844479004665,6000000.0,15.60727002719233,-0.030490677800287358,0.4592678200600573,0,1293.0,6267194.537931461,1.0445324229885768,0.5440595397620883
563963,Mohammed Salisu,2024,Defender,France - Ligue 1,AS Monaco,25.711156741957563,1021,15,0.0881488736532811,12000000.0,16.300417207752275,0.5932417573181246,0.37000287824741623,0,1080.0,6701131.634227758,0.5584276361856465,0.43416838034750216
564305,Michel Adopo,2024,Midfield,Italy - Serie A,Cagliari Calcio,24.45448323066393,2417,35,0.1117087298303682,4000000.0,15.201804919084164,-0.5854595303990644,0.30645359693270746,0,3057.0,7238427.575402092,1.809606893850523,0.30780202883293967
564529,Victor Kristiansen,2024,Defender,England - Premier League,Leicester City,22.04517453798768,2489,30,0.0361591000401767,15000000.0,16.523560759066484,-0.24320388239600232,0.17731094066577952,1,0.0,18410951.2736853,1.2273967515790198,0.22666925515412248
564545,Edmond Tapsoba,2024,Defender,Germany - Bundesliga,Bayer 04 Leverkusen,25.913757700205338,2511,29,0.0,35000000.0,17.37085861945369,0.8860358467019034,0.0690133668062866,0,2576.0,14098246.244305756,0.40280703555159303,0.07726049806417884
565093,Bart Verbruggen,2024,Goalkeeper,England - Premier League,Brighton & Hove Albion,22.37371663244353,3240,36,0.0277777777777777,30000000.0,17.216707939626428,0.33436199628335794,0.1009860107626266,0,3420.0,20531142.765733853,0.6843714255244617,0.07274768171667596
565821,Mika Biereth,2024,Attack,France - Ligue 1,AS Monaco,21.897330595482547,1239,16,1.0895883777239708,30000000.0,17.216707939626428,-0.05313691669043763,0.12228841331816641,0,1063.0,29536599.414261486,0.9845533138087162,0.1970864329611995
566574,Kirian Rodríguez,2024,Midfield,Spain - LaLiga,UD Las Palmas,28.826830937713893,1770,21,0.1525423728813559,1000000.0,13.815510557964274,-1.4634244513449897,0.5706112836434581,1,0.0,4427198.863332706,4.4271988633327055,0.688654956724512
566615,Mikael Egill Ellertsson,2024,Midfield,Italy - Serie A,Venezia FC,22.811772758384667,2480,36,0.1451612903225806,3400000.0,15.03928598958639,-0.9875291766607068,0.31269780421362586,0,2768.0,9109956.433350377,2.679398950985405,0.309323872202473
566723,Michael Olise,2024,Attack,Germany - Bundesliga,Bayern Munich,23.055441478439427,2347,34,1.1504047720494248,100000000.0,18.420680743952367,0.25406819665749514,0.04117826066325653,0,2320.0,67849368.06415714,0.6784936806415715,0.08396977563746935
566931,Xavi Simons,2024,Midfield,Germany - Bundesliga,RB Leipzig,21.700205338809035,2157,25,0.7093184979137692,70000000.0,18.064005800013632,0.03213091927953715,0.03164718625143298,0,1847.0,59931818.37186062,0.8561688338837232,0.05333985668750249
567576,Elliot Anderson,2024,Midfield,England - Premier League,Nottingham Forest,22.154688569472963,2743,37,0.2624863288370397,32000000.0,17.281246460764002,0.23205434466109764,0.11123201118643093,0,3335.0,24019424.800390225,0.7506070250121946,0.05255399612831437
568157,Yéremy Pino,2024,Attack,Spain - LaLiga,Villarreal CF,22.20123203285421,1950,34,0.5538461538461538,30000000.0,17.216707939626428,0.15914578594171092,0.11289903930705,0,2252.0,24208937.707928468,0.8069645902642822,0.13922918018659766
568158,Javi López,2024,Defender,Spain - LaLiga,Real Sociedad,22.77344284736482,1935,29,0.0,7500000.0,15.83041357850654,-0.3815538015565898,0.2553792648036409,0,1713.0,10873940.11540068,1.4498586820534238,0.39298172148165156
568177,Cole Palmer,2024,Midfield,England - Premier League,Chelsea FC,22.65845311430527,3200,37,0.6749999999999999,120000000.0,18.60300230074632,0.22980845222288582,0.021164556279375014,0,1965.0,82018708.29973114,0.6834892358310928,0.057160024113984846
568333,Adam Obert,2024,Defender,Italy - Serie A,Cagliari Calcio,22.36002737850788,1076,21,0.1672862453531598,3000000.0,14.914122846632385,-0.4509771075207114,0.5474203656153307,0,2782.0,4813654.146829355,1.6045513822764514,0.4528057215065803
568559,Radu Drăgușin,2024,Defender,England - Premier League,Tottenham Hotspur,22.910335386721425,1251,16,0.0,25000000.0,17.034386382832476,0.511801117130267,0.28517028549542467,1,516.0,14612562.684642106,0.5845025073856842,0.3943237414353747
568617,Răzvan Sava,2024,Goalkeeper,Italy - Serie A,Udinese Calcio,22.5325119780972,1080,12,0.0,2500000.0,14.73180128983843,-0.28021465627590025,0.654271506104451,1,619.0,3412977.5525464504,1.3651910210185803,0.5412759410403334
568693,Pape Matar Sarr,2024,Midfield,England - Premier League,Tottenham Hotspur,22.299794661190965,1914,36,0.2351097178683385,32000000.0,17.281246460764002,0.11562843325186933,0.18220883358682644,0,1389.0,26791086.44377579,0.8372214513679935,0.14371629747902948
568698,Issa Soumaré,2024,Attack,France - Ligue 1,Le Havre AC,24.22724161533197,1904,29,0.4254201680672269,2000000.0,14.50865773852422,-1.1601477159248832,0.5202799603720379,0,2949.0,6457754.2807028955,3.2288771403514476,0.6404417387882702
569140,Lassine Sinayoko,2024,Attack,France - Ligue 1,AJ Auxerre,25.06776180698152,2307,34,0.5461638491547465,4000000.0,15.201804919084164,-0.9841949763657674,0.30933144814185826,0,2781.0,10607735.150572458,2.6519337876431144,0.2600485232673271
569366,Enzo Millot,2024,Midfield,Germany - Bundesliga,VfB Stuttgart,22.46132785763176,1851,29,0.5348460291734198,35000000.0,17.37085861945369,0.25702207915580133,0.07887783837423969,1,0.0,25521680.765455198,0.7291908790130056,0.14437694711284382
569383,Chrislain Matsima,2024,Defender,Germany - Bundesliga,FC Augsburg,22.633812457221083,2551,30,0.0705605644845158,22000000.0,16.90655301132259,0.43709176785887394,0.0903296387390521,0,1490.0,13894138.168138377,0.6315517349153807,0.1278217673872842
569384,Lucien Agoumé,2024,Midfield,Spain - LaLiga,Sevilla FC,22.89390828199863,2117,35,0.1700519603212092,8000000.0,15.89495209964411,0.05703502279283468,0.2487904466410146,0,2693.0,7599788.188007952,0.949973523500994,0.30664953562984143
569387,Valentin Gendrey,2024,Defender,Germany - Bundesliga,TSG 1899 Hoffenheim,24.531143052703623,1596,24,0.169172932330827,7000000.0,15.761420707019589,-0.262589091476618,0.21401258551927757,1,53.0,9085512.533418171,1.2979303619168816,0.35377290054288374
569389,Sofiane Diop,2024,Attack,France - Ligue 1,OGC Nice,24.56399726214921,1052,28,0.94106463878327,10000000.0,16.11809565095832,-0.4009349620495817,0.3408853950631965,0,2145.0,14563375.833713917,1.4563375833713916,0.1759150784392294
569598,Youssouf Fofana,2024,Midfield,Italy - Serie A,AC Milan,25.976728268309376,2510,35,0.250996015936255,30000000.0,17.216707939626428,0.403902098609509,0.0721872124512612,0,2217.0,19228487.892023362,0.6409495964007788,0.11172969308182953
571020,Oihan Sancet,2024,Midfield,Spain - LaLiga,Athletic Bilbao,24.68720054757016,1626,29,0.8856088560885609,60000000.0,17.909855120186375,0.13052917822216203,0.07003976519820736,0,1804.0,47456176.47287779,0.7909362745479632,0.11000742466334477
571607,Fabio Miretti,2024,Midfield,Italy - Serie A,Genoa CFC,21.415468856947296,1695,25,0.3185840707964602,14000000.0,16.454567887579532,0.08479699515673955,0.19621131397965588,1,605.0,12638164.976805411,0.9027260697718151,0.2083973399085974
572265,Lorenzo Lucca,2024,Attack,Italy - Serie A,Udinese Calcio,24.309377138945926,2363,33,0.5332204824375794,22000000.0,16.90655301132259,-0.0751141742361896,0.09684997904762466,1,528.0,22542783.623195328,1.0246719828725148,0.13179137275758043
572326,Christopher Wooh,2024,Defender,France - Ligue 1,Stade Rennais FC,23.28815879534565,1457,20,0.0,6000000.0,15.60727002719233,0.02040347101756801,0.37635299095501806,1,64.0,5966643.632199523,0.9944406053665872,0.4800246990606944
573775,Hugo Duro,2024,Attack,Spain - LaLiga,Valencia CF,25.144421629021217,2172,31,0.580110497237569,14000000.0,16.454567887579532,-0.41904593871907947,0.1566860597315303,0,1982.0,20362939.951941345,1.4544957108529533,0.24521933797890558
574671,Strahinja Pavlović,2024,Defender,Italy - Serie A,AC Milan,23.60848733744011,1864,24,0.1931330472103004,18000000.0,16.70588231586044,1.4128310673916125,0.1257742714376572,0,2870.0,4488361.653633482,0.2493534252018601,0.12387660046676709
575998,Leonardo Balerdi,2024,Defender,France - Ligue 1,Olympique Marseille,25.932922655715263,2276,27,0.0,20000000.0,16.811242831518264,0.8393511050925393,0.12029104658748128,0,1998.0,8642903.32659969,0.43214516632998445,0.12944572479827546
576024,Julián Alvarez,2024,Attack,Spain - LaLiga,Atlético de Madrid,24.919917864476385,2519,37,0.7502977371973005,100000000.0,18.420680743952367,0.8547365098230371,0.036627600232768794,0,1903.0,38929677.8756856,0.38929677875685603,0.07305949961399656
576028,Thiago Almada,2024,Attack,France - Ligue 1,Olympique Lyon,23.685147159479808,949,16,0.5690200210748156,25000000.0,17.034386382832476,1.2905402534928139,0.21923189518269806,0,1312.0,6942114.290646327,0.2776845716258531,0.3223345993118195
576314,Jan Paul van Hecke,2024,Defender,England - Premier League,Brighton & Hove Albion,24.566735112936342,2961,34,0.060790273556231,32000000.0,17.281246460764002,0.5677707094753814,0.07916294360458481,0,3211.0,17507183.772300232,0.5470994928843823,0.07947954092927693
578391,Rayan Aït-Nouri,2024,Defender,England - Premier League,Wolverhampton Wanderers,23.5728952772074,3128,37,0.3164961636828645,35000000.0,17.37085861945369,-0.32187590413529943,0.06670877915742507,0,976.0,43795501.27028359,1.2513000362938167,0.061748754525024756
578392,Maximilian Beier,2024,Attack,Germany - Bundesliga,Borussia Dortmund,22.209445585215605,1590,29,0.7924528301886792,25000000.0,17.034386382832476,-0.22149654533468444,0.12157334066191072,0,2037.0,29153420.37233799,1.1661368148935196,0.11041704085562998
578539,Chris Richards,2024,Defender,England - Premier League,Crystal Palace,24.76386036960985,1925,24,0.0467532467532467,14000000.0,16.454567887579532,-0.2919563520490631,0.2964420256057028,0,2826.0,18062419.41466527,1.2901728153332337,0.2648795753279981
579928,Sebastian Nanasi,2024,Attack,France - Ligue 1,RC Strasbourg Alsace,22.63107460643395,2124,31,0.423728813559322,18000000.0,16.70588231586044,0.5087571598624789,0.1437093616603913,0,1047.0,10720994.588473298,0.5956108104707387,0.16581455882762716
580195,Jamal Musiala,2024,Midfield,Germany - Bundesliga,Bayern Munich,21.848049281314168,1805,25,0.7977839335180055,140000000.0,18.75715298057358,0.6773527632884757,0.038403735712819596,1,679.0,62638353.611942574,0.4474168115138755,0.07046033371632952
580657,Osame Sahraoui,2024,Attack,France - Ligue 1,LOSC Lille,23.55920602327173,1285,30,0.4202334630350194,12000000.0,16.300417207752275,1.0643230612008279,0.308947544706826,1,495.0,4246532.0158518795,0.35387766798765663,0.37425427352689394
581357,Jan Schöppner,2024,Midfield,Germany - Bundesliga,1. Fußballclub Heidenheim 1846,25.557837097878167,2688,33,0.2008928571428571,4000000.0,15.201804919084164,-1.4447746331385534,0.2624895138471408,0,2260.0,16433982.561977973,4.1084956404944935,0.31022259532651925
581678,Jude Bellingham,2024,Midfield,Spain - LaLiga,Real Madrid,21.51129363449692,2493,31,0.6498194945848376,180000000.0,19.00846740885449,0.6279305381987648,0.017888905509639223,0,1918.0,82572427.57408386,0.4587357087449104,0.044852137648338904
583189,Anthony Elanga,2024,Attack,England - Premier League,Nottingham Forest,22.68309377138946,2510,38,0.6095617529880478,42000000.0,17.553180176247643,-0.2681781619219763,0.11799771945566757,0,1313.0,49339609.88118785,1.1747526162187583,0.09170761719295657
583255,Antoine Semenyo,2024,Attack,England - Premier League,AFC Bournemouth,24.985626283367555,3210,37,0.4766355140186916,40000000.0,17.50439001207821,0.15608398466226858,0.06653862818677797,0,3205.0,31783508.81593049,0.7945877203982622,0.05023950644084956
583404,Marcus Pedersen,2024,Defender,Italy - Serie A,Torino FC,24.46269678302533,1357,29,0.0,3000000.0,14.914122846632385,0.09465657658786863,0.5247487228565116,0,2135.0,2826420.775178904,0.9421402583929681,0.47742189697023535
583699,Andrej Ilic,2024,Attack,Germany - Bundesliga,1.FC Union Berlin,24.747433264887064,943,16,0.6680805938494168,4000000.0,15.201804919084164,-0.670274448074244,0.5270964731327538,0,2257.0,7853420.580326825,1.9633551450817064,0.3924086103461111
584769,Dwight McNeil,2024,Attack,England - Premier League,Everton FC,25.111567419575632,1371,21,0.7877461706783371,25000000.0,17.034386382832476,-0.17644944476902746,0.18312419593582654,0,1169.0,27950037.920981396,1.1180015168392559,0.19309688300272393
585700,Juan Cruz,2024,Attack,Spain - LaLiga,CD Leganés,24.68720054757016,2265,34,0.3576158940397351,5000000.0,15.424948470398377,-0.6514816040608964,0.31344784017410376,1,0.0,9553061.235156659,1.9106122470313318,0.3731874916294037
585949,Pierre Kalulu,2024,Defender,Italy - Serie A,Juventus FC,24.57494866529774,2335,29,0.038543897216274,28000000.0,17.14771506813948,1.1211197992186346,0.0719777420753905,0,3282.0,9108038.086301548,0.3252870745107696,0.08220459999776297
585959,Arnaud Kalimuendo,2024,Attack,France - Ligue 1,Stade Rennais FC,22.94866529774127,2591,33,0.7294480895407179,22000000.0,16.90655301132259,-0.9134983598553998,0.09296015948584811,0,1509.0,49279957.249075934,2.239998056776179,0.18470647539824536
585973,Johann Lepenant,2024,Midfield,France - Ligue 1,FC Nantes,22.195756331279945,2054,29,0.1314508276533593,6000000.0,15.60727002719233,-0.671558298013756,0.28111127121099805,0,2175.0,11589845.165296907,1.9316408608828177,0.2903269493513685
585982,Carlos Augusto,2024,Defender,Italy - Serie A,Inter Milan,25.984941820670773,1681,29,0.3747769185008923,26000000.0,17.073607095985757,0.4411311679222494,0.1511523671944371,0,1753.0,16216089.422471799,0.6236957470181461,0.3496875732820425
586853,Vitinha,2024,Attack,Italy - Serie A,Genoa CFC,24.79945242984257,1334,25,0.3373313343328336,8000000.0,15.89495209964411,0.17026456969750292,0.4114702316492034,0,2242.0,6815173.015761512,0.8518966269701891,0.4773188262981434
588426,Saúl Coco,2024,Defender,Italy - Serie A,Torino FC,25.894592744695416,2848,32,0.0632022471910112,10000000.0,16.11809565095832,0.15760909744805396,0.11374950240498813,0,3090.0,8548900.030667786,0.8548900030667785,0.1402064650077136
591916,Aitor Paredes,2024,Defender,Spain - LaLiga,Athletic Bilbao,24.67624914442163,1814,23,0.1488423373759647,22000000.0,16.90655301132259,1.1718249828030864,0.10131562407103345,0,1629.0,6881413.307373542,0.31279151397152466,0.1501568867127203
592534,Nicolai Remberg,2024,Midfield,Germany - Bundesliga,Holstein Kiel,24.53661875427789,2412,32,0.0373134328358208,3000000.0,14.914122846632385,-0.6516312501061963,0.3436900729216367,0,2880.0,5846150.032183458,1.948716677394486,0.35337546975824435
592975,Woyo Coulibaly,2024,Defender,Italy - Serie A,Parma Calcio 1913,25.60438056125941,1192,18,0.1510067114093959,2000000.0,14.50865773852422,-0.06576886997590048,0.5831627760974092,0,1049.0,2220969.324923174,1.110484662461587,0.6224594244043267
592979,Himad Abdelli,2024,Midfield,France - Ligue 1,Angers SCO,25.12525667351129,2849,32,0.2211302211302211,7000000.0,15.761420707019589,-0.14886151685898774,0.13905687536799452,0,1081.0,8146876.15601345,1.1638394508590642,0.17953191400078516
595809,Beto,2024,Attack,England - Premier League,Everton FC,26.91854893908282,1528,30,0.4712041884816754,22000000.0,16.90655301132259,0.6479379053870251,0.36094107584271734,0,1565.0,11368680.554994391,0.5167582070451996,0.3283131383884182
596122,Pep Chavarría,2024,Defender,Spain - LaLiga,Rayo Vallecano,26.729637234770703,2583,34,0.0348432055749128,5000000.0,15.424948470398377,-0.25831876872763937,0.26709861874179,0,2681.0,6548450.192506958,1.3096900385013917,0.2900580467108201
596153,Justin Njinmah,2024,Attack,Germany - Bundesliga,SV Werder Bremen,24.128678986995208,945,26,0.6666666666666666,7000000.0,15.761420707019589,-0.44655977179269657,0.4636158111317164,0,1955.0,10832647.381190741,1.5475210544558202,0.43949180536055354
596446,Leif Davis,2024,Defender,England - Premier League,Ipswich Town,25.00479123887748,2746,33,0.1310997815003641,22000000.0,16.90655301132259,0.4388426400224157,0.12055262974050183,1,0.0,13871058.98435035,0.630502681106834,0.09006367689278275
597432,Leopold Querfeld,2024,Defender,Germany - Bundesliga,1.FC Union Berlin,21.03490759753593,1742,27,0.2066590126291619,13000000.0,16.38045991542581,0.10555816118410055,0.18648048784635637,0,2704.0,11546554.98152633,0.888196537040487,0.16054890929158733
597659,Charlie Cresswell,2024,Defender,France - Ligue 1,FC Toulouse,22.376454483230663,2593,31,0.1388353258773621,10000000.0,16.11809565095832,0.17241464371857296,0.12421370365840351,0,2533.0,8428362.821712246,0.8428362821712246,0.12039833673660127
598577,Florian Wirtz,2024,Midfield,Germany - Bundesliga,Bayer 04 Leverkusen,21.66735112936345,2356,31,0.8786078098471987,140000000.0,18.75715298057358,0.31736636769646487,0.023688420365894164,0,2390.0,87176442.78225113,0.6226888770160796,0.04874372125231398
599419,Max Rosenfelder,2024,Defender,Germany - Bundesliga,SC Freiburg,21.89185489390828,1245,25,0.072289156626506,8000000.0,15.89495209964411,0.6933490072913537,0.3388598289988027,1,489.0,4106341.227595606,0.5132926534494507,0.4680420487800965
600041,Mattia Felici,2024,Attack,Italy - Serie A,Cagliari Calcio,23.709787816564,922,20,0.2928416485900217,2800000.0,14.845129975145433,0.028800184489874425,0.6444259350544096,1,408.0,2817734.6796459816,1.0063338141592792,0.6348078113386464
601883,Matheus Nunes,2024,Defender,England - Premier League,Manchester City,26.349075975359344,1672,26,0.3767942583732057,35000000.0,17.37085861945369,1.2142978660778647,0.12682474665194066,0,2865.0,10313657.100733714,0.2946759171638204,0.16238196104901595
602105,Antony,2024,Attack,Spain - LaLiga,Real Betis Balompié,24.854209445585216,1500,25,0.42,35000000.0,17.37085861945369,2.1059108861204323,0.12559890012584746,0,2460.0,4367400.0491229175,0.12478285854636907,0.14147040141210282
602124,Alessandro Bianco,2024,Midfield,Italy - Serie A,AC Monza,22.25325119780972,2625,35,0.0342857142857142,5000000.0,15.424948470398377,-0.6247981401051472,0.23669368132419935,1,0.0,9312194.138143817,1.8624388276287633,0.2968487749861135
603940,Marvin Park,2024,Defender,Spain - LaLiga,UD Las Palmas,24.49828884325804,1029,23,0.0,1200000.0,13.997832114758229,-0.6034280798286566,0.7112982105560345,1,0.0,2280517.096560259,1.9004309138002158,0.7317893774258415
604320,Frans Krätzig,2024,Defender,Germany - Bundesliga,1. Fußballclub Heidenheim 1846,21.965776865160848,1283,17,0.2104442712392829,3500000.0,15.068273526459642,-0.7912300619816133,0.4575036113961412,1,0.0,7759104.009174534,2.2168868597641525,0.4893941684077662
605184,Jean-Clair Todibo,2024,Defender,England - Premier League,West Ham United,25.00752908966461,1833,27,0.0,25000000.0,17.034386382832476,-0.00970043452838576,0.1962145594937889,0,1819.0,23904546.092161447,0.9561818436864579,0.2333750249267207
606718,Toti,2024,Defender,England - Premier League,Wolverhampton Wanderers,25.960301163586585,2615,31,0.034416826003824,28000000.0,17.14771506813948,0.8271701413777843,0.12166716334230347,0,1427.0,12059698.545662602,0.4307035194879501,0.10825501535953988
607034,Akor Adams,2024,Attack,France - Ligue 1,Montpellier HSC,24.92539356605065,1210,19,0.4462809917355372,5000000.0,15.424948470398377,-0.10164917785023153,0.4076707861036542,0,2060.0,5628951.084894849,1.1257902169789697,0.45105458910793844
607223,Rayan Cherki,2024,Midfield,France - Ligue 1,Olympique Lyon,21.377138945927445,2048,30,0.8349609375,45000000.0,17.622173047734595,-0.15654115637189991,0.05340863207433833,0,1786.0,47429292.107229985,1.0539842690495553,0.09016947700956679
607854,Éderson,2024,Midfield,Italy - Serie A,Atalanta BC,25.489390828199863,2886,37,0.1871101871101871,50000000.0,17.72753356339242,1.1146911412480653,0.04092962264035776,0,2235.0,15917468.642434258,0.31834937284868514,0.05091654102027058
608832,Merlin Röhl,2024,Midfield,Germany - Bundesliga,SC Freiburg,22.494182067077343,967,19,0.093071354705274,12000000.0,16.300417207752275,0.5860357248513166,0.3482729727959922,1,743.0,6747830.342684032,0.5623191952236694,0.3583651509615414
610190,Nediljko Labrovic,2024,Goalkeeper,Germany - Bundesliga,FC Augsburg,25.229295003422312,1350,15,0.0,3000000.0,14.914122846632385,0.28125521281570975,0.5669996008033023,1,0.0,2352665.2863539844,0.7842217621179948,0.5276950600185875
610442,Rasmus Højlund,2024,Attack,England - Premier League,Manchester United,21.908281998631075,2014,32,0.2234359483614697,35000000.0,17.37085861945369,0.01560250109129191,0.2218303468002723,0,2762.0,31990431.220665034,0.9140123205904296,0.11719184951478127
610849,Liam Delap,2024,Attack,England - Premier League,Ipswich Town,21.897330595482547,2616,37,0.481651376146789,40000000.0,17.50439001207821,0.4425173169810994,0.09364564005289273,0,1101.0,24307107.005093005,0.6076776751273251,0.09712521399003565
613393,Gaetano Oristanio,2024,Midfield,Italy - Serie A,Venezia FC,22.261464750171115,2332,37,0.2315608919382504,6000000.0,15.60727002719233,-0.6642475265900143,0.26716427631251116,1,858.0,11509371.513197908,1.9182285855329846,0.28554263270359526
614258,Levi Colwill,2024,Defender,England - Premier League,Chelsea FC,21.848049281314168,3150,35,0.0857142857142857,55000000.0,17.822843743196746,0.6245434072643818,0.050858261447239865,1,225.0,27623915.067827296,0.5022530012332236,0.04555451566867201
616341,Nuno Mendes,2024,Defender,France - Ligue 1,Paris Saint-Germain,22.537987679671456,1676,24,0.2684964200477326,70000000.0,18.064005800013632,1.5973414647107638,0.06285732894120381,0,1250.0,13857288.549071996,0.1979612649867428,0.08051585316383508
616344,Tiago Tomás,2024,Attack,Germany - Bundesliga,VfL Wolfsburg,22.546201232032853,1893,32,0.3803486529318541,12000000.0,16.300417207752275,0.2957928031506598,0.2412392065145558,0,1013.0,8918349.470790457,0.743195789232538,0.1666700688644557
616369,Ander Barrenetxea,2024,Attack,Spain - LaLiga,Real Sociedad,23.014373716632445,1258,30,0.2861685214626391,15000000.0,16.523560759066484,1.1249940769311118,0.2823659532644053,0,1769.0,4972498.633775514,0.33149990891836756,0.37533259234710165
616631,Matteo Ruggeri,2024,Defender,Italy - Serie A,Atalanta BC,22.47775496235456,1749,30,0.1543739279588336,16000000.0,16.588099280204055,0.469171944529013,0.15665699098387365,0,1775.0,9949330.565940106,0.6218331603712567,0.18748909329345506
617074,Ilaix Moriba,2024,Midfield,Spain - LaLiga,Celta de Vigo,21.95208761122519,2133,33,0.0843881856540084,6000000.0,15.60727002719233,-0.5799847016575437,0.3153205952467903,0,2489.0,10620450.962153427,1.7700751603589044,0.4618082206740284
617081,Diego López,2024,Attack,Spain - LaLiga,Valencia CF,22.639288158795345,2760,38,0.4239130434782608,15000000.0,16.523560759066484,-0.32189495717582295,0.09599944311313531,0,1763.0,19829687.82736183,1.3219791884907885,0.13939317850078242
618341,Mario Gila,2024,Defender,Italy - Serie A,Società Sportiva Lazio S.p.A.,24.34223134839151,2743,32,0.0328107911046299,30000000.0,17.216707939626428,0.9657350789202197,0.06410348057974495,0,2482.0,11286143.839560445,0.37620479465201484,0.0658336454954249
618425,Tanguy Coulibaly,2024,Attack,France - Ligue 1,Montpellier HSC,23.86858316221766,1461,25,0.1848049281314168,1500000.0,14.22097566607244,-0.6891157694126733,0.6877002446023829,1,0.0,3089033.1045592953,2.0593554030395302,0.6221947629610844
618472,Castello Lukeba,2024,Defender,Germany - Bundesliga,RB Leipzig,22.04243668720055,1578,23,0.0,40000000.0,17.50439001207821,0.8263907965530763,0.10566604312895471,0,2177.0,16929763.453019895,0.42324408632549737,0.1375754559135017
618809,Manu Sánchez,2024,Defender,Spain - LaLiga,Deportivo Alavés,24.35592060232717,2640,33,0.034090909090909,6000000.0,15.60727002719233,-1.0872532469889098,0.22832149753766967,0,2818.0,17196351.39860106,2.8660585664335096,0.3136522974532464
618813,Carlos Martín,2024,Attack,Spain - LaLiga,Deportivo Alavés,22.69678302532512,1335,26,0.2696629213483146,2800000.0,14.845129975145433,-0.46167293282184074,0.5782388361742614,1,452.0,4548740.0713888975,1.6245500254960348,0.5512013781152136
620322,Malo Gusto,2024,Defender,England - Premier League,Chelsea FC,21.623545516769337,1858,32,0.0484391819160387,35000000.0,17.37085861945369,0.46893259347912286,0.18112616966792716,0,2268.0,20913269.073956333,0.5975219735416095,0.17255937623718282
622380,Cesare Casadei,2024,Midfield,Italy - Serie A,Torino FC,21.976728268309376,1023,15,0.1759530791788856,15000000.0,16.523560759066484,0.7773043007714202,0.2846680414696198,0,1990.0,6958247.757177983,0.46388318381186555,0.28904632772995814
623024,Jesús Vázquez,2024,Defender,Spain - LaLiga,Valencia CF,21.99863107460644,917,19,0.0,3000000.0,14.914122846632385,0.20080807268011247,0.5802042868984333,0,961.0,2546528.026932764,0.8488426756442546,0.5851503347440601
623521,Juanmi Latasa,2024,Attack,Spain - LaLiga,Real Valladolid CF,23.7782340862423,1391,28,0.1941049604601006,2000000.0,14.50865773852422,-0.477087293753073,0.6215058513569904,1,0.0,3326432.9405080248,1.6632164702540124,0.5383988270540997
623570,Iliman Ndiaye,2024,Attack,England - Premier League,Everton FC,24.82409308692676,2440,33,0.3319672131147541,22000000.0,16.90655301132259,0.11889500906171468,0.19675201675936974,0,2789.0,18777636.925283134,0.8535289511492333,0.13543181883952246
624037,Joris Chotard,2024,Midfield,France - Ligue 1,Montpellier HSC,23.27173169062286,1871,26,0.0481026189203634,6000000.0,15.60727002719233,-1.1190193043062808,0.30565913597942795,0,2777.0,17720446.36601145,2.9534077276685746,0.4436795472781687
624690,Manu Koné,2024,Midfield,Italy - Serie A,Associazione Sportiva Roma,23.627652292950035,2578,34,0.1047323506594259,40000000.0,17.50439001207821,0.9112081178207592,0.07021682880215305,0,2459.0,15623837.467164835,0.39059593667912085,0.06866142622222887
624942,Raúl Moro,2024,Attack,Spain - LaLiga,Real Valladolid CF,22.07529089664613,2346,33,0.3452685421994885,7500000.0,15.83041357850654,-0.4913048458060607,0.22244578204950652,1,623.0,12073181.900475362,1.6097575867300482,0.25923425768813557
625014,Julen Agirrezabala,2024,Goalkeeper,Spain - LaLiga,Athletic Bilbao,24.0164271047228,1207,14,0.0,15000000.0,16.523560759066484,1.501007002286813,0.30818375316407065,0,1620.0,3448308.4890013784,0.2298872326000919,0.2672442872325629
625047,Beñat Prados,2024,Midfield,Spain - LaLiga,Athletic Bilbao,23.89596167008898,1721,30,0.052295177222545,18000000.0,16.70588231586044,1.2731215711897388,0.18680309158698835,1,85.0,5140094.099890441,0.2855607833272467,0.20234258039665695
625202,Lautaro Valenti,2024,Defender,Italy - Serie A,Parma Calcio 1913,25.965776865160848,1557,20,0.0578034682080924,1500000.0,14.22097566607244,-0.5293295213951419,0.5874200253564082,0,2251.0,2640835.2252719603,1.7605568168479735,0.4919702480575243
625651,Urko González de Zárate,2024,Midfield,Spain - LaLiga,RCD Espanyol Barcelona,23.786447638603697,1427,18,0.1261387526278906,5000000.0,15.424948470398377,-0.1766207041107708,0.4122619830984124,0,2631.0,6051987.900755309,1.2103975801510618,0.42736482232305156
626724,João Pedro,2024,Attack,England - Premier League,Brighton & Hove Albion,23.266255989048595,1953,27,0.7373271889400922,50000000.0,17.72753356339242,0.024586554436891728,0.1155287161941697,0,2674.0,44212403.46345809,0.8842480692691618,0.15592813984695508
626913,Boulaye Dia,2024,Attack,Italy - Serie A,Società Sportiva Lazio S.p.A.,28.12594113620808,2193,35,0.4924760601915184,15000000.0,16.523560759066484,0.3629924826546316,0.23805323243199414,0,1250.0,10353215.04584608,0.6902143363897387,0.2573804650656109
627442,Benjamin Sesko,2024,Attack,Germany - Bundesliga,RB Leipzig,21.590691307323752,2398,33,0.6755629691409507,70000000.0,18.064005800013632,0.6458576962247875,0.04372095169096016,0,1637.0,33923925.159976006,0.4846275022853715,0.06094273791727976
628366,Lucas Beltrán,2024,Attack,Italy - Serie A,ACF Fiorentina,23.761806981519506,1958,33,0.459652706843718,18000000.0,16.70588231586044,0.3841662824454519,0.16736858919081848,0,1366.0,12073154.414323624,0.6707308007957569,0.17204570461798493
628498,Jofre Carreras,2024,Attack,Spain - LaLiga,RCD Espanyol Barcelona,23.54277891854894,2178,37,0.2892561983471075,3000000.0,14.914122846632385,-0.9789158699807978,0.42963949470052176,0,921.0,8013113.778474536,2.6710379261581787,0.39804284714990945
632896,Alejandro Francés,2024,Defender,Spain - LaLiga,Girona FC,22.420260095824776,1176,18,0.0,2000000.0,14.50865773852422,-0.47939963151108334,0.608547539331098,0,1110.0,3333963.454297542,1.666981727148771,0.6219485605440244
633454,Alexander Bernhardsson,2024,Attack,Germany - Bundesliga,Holstein Kiel,26.31622176591376,1271,19,0.7081038552321007,3000000.0,14.914122846632385,-1.4578031018340347,0.54110851835647,1,0.0,12664101.106580995,4.221367035526998,0.5399779868301897
633530,Jordan Zemura,2024,Defender,Italy - Serie A,Udinese Calcio,25.13347022587269,1411,23,0.1913536498936924,4500000.0,15.319587954740548,0.42713187442129774,0.3954860423503801,0,1128.0,3036124.3048123443,0.6746942899582987,0.34639598233295915
633668,Giovanni Fabbian,2024,Midfield,Italy - Serie A,Bologna Football Club 1909,21.965776865160848,1010,30,0.3564356435643565,12000000.0,16.300417207752275,0.4187849341893952,0.3432977756583511,0,1168.0,7925815.592048687,0.6604846326707239,0.33044084126087314
634131,Aimar Oroz,2024,Midfield,Spain - LaLiga,CA Osasuna,23.096509240246405,2983,37,0.2715387194099899,15000000.0,16.523560759066484,-0.9668512051539058,0.0866539130324496,0,2154.0,36287164.87409894,2.4191443249399294,0.14351751464449747
634431,Beñat Turrientes,2024,Midfield,Spain - LaLiga,Real Sociedad,22.91854893908282,940,21,0.0,10000000.0,16.11809565095832,0.7276621168849751,0.3864565642716069,0,1347.0,4933430.227922459,0.4933430227922459,0.4335377130911764
636093,Carlos Domínguez,2024,Defender,Spain - LaLiga,Celta de Vigo,23.887748117727583,1180,19,0.0,3000000.0,14.914122846632385,-0.628516742260222,0.5558869403457655,1,610.0,5716962.302265815,1.9056541007552719,0.5836689808796167
636688,Alejandro Balde,2024,Defender,Spain - LaLiga,FC Barcelona,21.20739219712525,2293,32,0.1569995638901003,60000000.0,17.909855120186375,1.3736272259280158,0.052732738722517596,0,1875.0,14802855.514864665,0.24671425858107773,0.07860820805884557
636695,Marc Casadó,2024,Midfield,Spain - LaLiga,FC Barcelona,21.300479123887747,1616,23,0.2227722772277227,30000000.0,17.216707939626428,1.104565824777524,0.121689068746318,0,981.0,9884998.227227537,0.32949994090758455,0.14739461963768688
636703,Fermín López,2024,Midfield,Spain - LaLiga,FC Barcelona,21.6454483230664,1245,28,0.7951807228915663,50000000.0,17.72753356339242,0.9091554455867223,0.08013234407272275,0,1798.0,19329814.014132928,0.3865962802826586,0.14765511112078405
639712,Étienne Youté Kinkoué,2024,Defender,France - Ligue 1,Le Havre AC,22.965092402464062,2320,28,0.0,7000000.0,15.761420707019589,-0.3000222185842931,0.21322105764391983,1,416.0,9417033.526317563,1.3452905037596519,0.22187159702886602
639733,Peque Fernández,2024,Attack,Spain - LaLiga,Sevilla FC,22.245037645448324,1134,26,0.1587301587301587,3500000.0,15.068273526459642,0.12314491632985236,0.5878269326572617,0,978.0,3196841.9250234645,0.9133834071495612,0.5462053315144958
640428,Eduardo Camavinga,2024,Midfield,Spain - LaLiga,Real Madrid,22.143737166324435,1098,19,0.2459016393442623,60000000.0,17.909855120186375,1.304489397319378,0.1078484718462307,0,1526.0,15805172.090787258,0.2634195348464543,0.19215854914135358
643574,Kaishu Sano,2024,Midfield,Germany - Bundesliga,1.FSV Mainz 05,24.005475701574262,3044,34,0.0,20000000.0,16.811242831518264,0.7980922997314983,0.06850418683968933,0,3060.0,8991497.081070391,0.44957485405351955,0.08422992509008646
644401,Keane Lewis-Potter,2024,Midfield,England - Premier League,Brentford FC,23.85763175906913,3100,38,0.1451612903225806,23000000.0,16.951004773893423,-0.01785556495698004,0.12029487852202615,0,1970.0,22272934.760894906,0.9683884678649959,0.09088118103173853
644771,Odilon Kossounou,2024,Defender,Italy - Serie A,Atalanta BC,23.991786447638603,1125,18,0.0,25000000.0,17.034386382832476,1.5815692944649098,0.17959395129299865,0,985.0,5240956.892644847,0.20963827570579388,0.24843642378160255
645774,Eren Dinkçi,2024,Attack,Germany - Bundesliga,SC Freiburg,23.05270362765229,1194,23,0.3015075376884422,8000000.0,15.89495209964411,0.01994018167511058,0.35455367750669164,0,1381.0,7875575.229806744,0.984446903725843,0.5035329688861485
646402,Abner,2024,Defender,France - Ligue 1,Olympique Lyon,24.59958932238193,1091,19,0.1649862511457378,7000000.0,15.761420707019589,0.7780954671750795,0.3624726112970025,0,2157.0,3318570.314400483,0.4740814734857833,0.36803827560665453
646733,Jim Allevinah,2024,Attack,France - Ligue 1,Angers SCO,29.84531143052704,1766,28,0.2548131370328426,1500000.0,14.22097566607244,-1.094267512932264,0.6321787861124277,1,127.0,4586191.261695926,3.0574608411306174,0.570793880865031
646740,Gavi,2024,Midfield,Spain - LaLiga,FC Barcelona,20.407939767282684,1083,26,0.1662049861495844,60000000.0,17.909855120186375,1.2704021309470308,0.16115205934955718,1,574.0,16323525.020129615,0.2720587503354936,0.20262083215352528
646750,Cristhian Mosquera,2024,Defender,Spain - LaLiga,Valencia CF,20.51471594798084,3320,37,0.0271084337349397,30000000.0,17.216707939626428,0.17499261854973502,0.03211140539436202,0,989.0,23851366.312678713,0.7950455437559572,0.06101957293475447
648020,Alexsandro,2024,Defender,France - Ligue 1,LOSC Lille,25.399041752224505,2700,30,0.0666666666666666,20000000.0,16.811242831518264,1.034024335590098,0.07095642130411389,1,510.0,7168785.406426087,0.35843927032130435,0.10238310576335427
648195,Enzo Fernández,2024,Midfield,England - Premier League,Chelsea FC,23.956194387405887,2949,36,0.3967446592065107,75000000.0,18.132998671500584,0.6892521412635251,0.041358069421052995,0,3121.0,34743286.99763201,0.4632438266350935,0.048863521085008174
648779,Wilfried Singo,2024,Defender,France - Ligue 1,AS Monaco,24.019164955509925,2093,27,0.1290014333492594,25000000.0,17.034386382832476,0.44015930760948896,0.10174765480766738,1,0.0,15639312.863881353,0.6255725145552541,0.12036408743061655
651269,Armin Gigovic,2024,Midfield,Germany - Bundesliga,Holstein Kiel,22.740588637919235,1905,31,0.3307086614173228,3000000.0,14.914122846632385,-1.177996872145834,0.40271411913818883,1,0.0,9697526.858920315,3.2325089529734385,0.453040098647216
651569,Daniel Mosquera,2024,Attack,Italy - Serie A,Hellas Verona,25.201916495551,1363,35,0.3961848862802641,1500000.0,14.22097566607244,-0.9265888976228798,0.7031030255078555,1,585.0,3895761.725135985,2.59717448342399,0.6451597711457485
651735,Magnus Knudsen,2024,Midfield,Germany - Bundesliga,Holstein Kiel,23.548254620123203,1853,31,0.0485698866702644,2500000.0,14.73180128983843,-0.73180171810028,0.49314437441567505,1,0.0,5295997.74448589,2.118399097794356,0.5681077999825892
652275,Hákon Arnar Haraldsson,2024,Midfield,France - Ligue 1,LOSC Lille,21.730321697467488,1766,25,0.4077010192525481,18000000.0,16.70588231586044,0.44085966413324984,0.13965050825991834,0,2477.0,11438337.891333256,0.6354632161851809,0.13545977752844157
654539,Adrien Truffert,2024,Defender,France - Ligue 1,Stade Rennais FC,23.11567419575633,2756,33,0.1306240928882438,15000000.0,16.523560759066484,-0.7879092318287684,0.11250531901406448,0,3380.0,30708510.6535085,2.0472340435672334,0.1740813995040463
654982,Bilal El Khannouss,2024,Midfield,England - Premier League,Leicester City,20.64613278576317,2197,32,0.2048247610377787,28000000.0,17.14771506813948,0.2660355644679253,0.15111119205424178,0,1635.0,20518257.600061808,0.7327949142879218,0.12241439209234177
655006,Diego Moreira,2024,Midfield,France - Ligue 1,RC Strasbourg Alsace,20.40520191649555,2578,32,0.3141970519782777,18000000.0,16.70588231586044,0.2612204258371018,0.0793173436040841,0,2045.0,13570723.423505355,0.7539290790836308,0.13698438791086665
655012,Lucas Stassin,2024,Attack,France - Ligue 1,AS Saint-Étienne,20.09034907597536,1868,28,0.8190578158458244,18000000.0,16.70588231586044,-0.6183356538504707,0.1353242066196978,1,0.0,31076444.626198445,1.7264691458999135,0.11299115230063661
655488,Gabriel Martinelli,2024,Attack,England - Premier League,Arsenal FC,23.540041067761805,2299,33,0.469769464984776,55000000.0,17.822843743196746,0.40810387216307453,0.1215603528278168,0,1073.0,33816272.09591048,0.614841310834736,0.1102919909691843
656681,Victor Boniface,2024,Attack,Germany - Bundesliga,Bayer 04 Leverkusen,24.024640657084188,1011,19,0.8902077151335313,40000000.0,17.50439001207821,-0.00668643723035145,0.16164712208712934,1,326.0,36992120.735376224,0.9248030183844056,0.21071838026547787
657430,Samú Costa,2024,Midfield,Spain - LaLiga,RCD Mallorca,24.095824777549623,2655,32,0.0677966101694915,15000000.0,16.523560759066484,-0.11776688713914218,0.10720129111615195,0,2707.0,16352510.399703389,1.090167359980226,0.2255327816723867
658115,Abel Bretones,2024,Defender,Spain - LaLiga,CA Osasuna,24.36413415468857,2068,35,0.0870406189555125,4000000.0,15.201804919084164,-0.7765511389140709,0.37181178736838766,0,1619.0,8696632.148572639,2.1741580371431595,0.3792171557048718
658536,Simon Adingra,2024,Attack,England - Premier League,Brighton & Hove Albion,23.000684462696785,1093,29,0.3293687099725526,28000000.0,17.14771506813948,0.8082838568214856,0.31653121780557747,0,1520.0,12278502.523402669,0.43851794726438104,0.206628844568065
659089,Ilya Zabarnyi,2024,Defender,England - Premier League,AFC Bournemouth,22.33538672142368,3114,36,0.0289017341040462,42000000.0,17.553180176247643,0.47274669312067785,0.049995758867219645,0,2387.0,24734289.54887845,0.5889116559256774,0.05277569987603041
659516,Warren Bondo,2024,Midfield,Italy - Serie A,AC Monza,21.297741273100616,1785,24,0.0,10000000.0,16.11809565095832,0.12945496782147892,0.2567144462296824,0,1770.0,8782788.631273655,0.8782788631273655,0.22042999895017956
659518,Félix Lemaréchal,2024,Midfield,France - Ligue 1,RC Strasbourg Alsace,21.404517453798768,1782,27,0.3535353535353535,10000000.0,16.11809565095832,-0.03768814896883832,0.21404861295504612,1,555.0,10306005.006280271,1.0306005006280272,0.19760681006913508
659543,Matthis Abline,2024,Attack,France - Ligue 1,FC Nantes,21.765913757700204,2788,34,0.3550932568149211,18000000.0,16.70588231586044,0.43800818964740174,0.10283994283133954,0,2497.0,11469470.935107673,0.637192829728204,0.1023253341540652
659813,Piero Hincapié,2024,Defender,Germany - Bundesliga,Bayer 04 Leverkusen,22.978781656399725,2670,32,0.1348314606741573,50000000.0,17.72753356339242,1.0481110373375553,0.04550983469679832,0,1882.0,16952565.901208904,0.3390513180241781,0.06841924379984958
660438,Orri Óskarsson,2024,Attack,Spain - LaLiga,Real Sociedad,20.34223134839151,937,23,0.288153681963714,15000000.0,16.523560759066484,1.1483759201635766,0.3179236906916412,1,830.0,4860989.972847415,0.3240659981898277,0.368857389187596
660860,Diego Coppola,2024,Defender,Italy - Serie A,Hellas Verona,21.01300479123888,2926,34,0.0615174299384825,10000000.0,16.11809565095832,-1.0613055366044786,0.12918228770522389,0,1364.0,27139272.56385668,2.713927256385668,0.21417605434622508
660867,Julio Enciso,2024,Midfield,England - Premier League,Ipswich Town,20.94182067077344,1165,25,0.3862660944206008,22000000.0,16.90655301132259,0.5014379567977723,0.2971566985285637,0,1893.0,13070179.64873274,0.5940990749423973,0.27244219403880415
661053,Jarrad Branthwaite,2024,Defender,England - Premier League,Everton FC,22.5160848733744,2510,30,0.0358565737051792,50000000.0,17.72753356339242,0.3987050864194954,0.07474932166950196,1,681.0,31210574.652517725,0.6242114930503545,0.07854194048877479
661145,Jon Aramburu,2024,Defender,Spain - LaLiga,Real Sociedad,22.444900752908968,2462,35,0.0731112916328188,15000000.0,16.523560759066484,0.7664550093100222,0.11002850410773964,0,2779.0,7031322.959755133,0.46875486398367555,0.16915760931615728
661171,Willian Pacho,2024,Defender,France - Ligue 1,Paris Saint-Germain,23.21149897330596,2130,28,0.0422535211267605,65000000.0,17.98989782785991,1.911976252134139,0.04271388750220791,0,1915.0,9566703.364335978,0.14718005175901505,0.06642965365963197
662242,Rassoul Ndiaye,2024,Midfield,France - Ligue 1,Le Havre AC,23.05817932922656,1057,27,0.1702932828760643,2000000.0,14.50865773852422,-0.7715236200250506,0.6831204594139536,0,2577.0,4432566.028350569,2.2162830141752847,0.6305991529380862
666547,Zito Luvumbo,2024,Attack,Italy - Serie A,Cagliari Calcio,22.81724845995893,1613,26,0.2231866088034718,5000000.0,15.424948470398377,-0.6452452830170738,0.43324784465417066,1,830.0,9496226.35945334,1.8992452718906678,0.41637809973872697
667287,Yasin Ayari,2024,Midfield,England - Premier League,Brighton & Hove Albion,21.240246406570844,1968,34,0.1371951219512195,22000000.0,16.90655301132259,0.234625140749527,0.22767779900401533,0,1925.0,16832833.19192304,0.7651287814510473,0.2357349567595022
667517,Jordan James,2024,Midfield,France - Ligue 1,Stade Rennais FC,20.501026694045173,1181,23,0.0762066045723962,8000000.0,15.89495209964411,0.896849504632037,0.3496112818412805,1,0.0,3366871.609830955,0.4208589512288694,0.4447450990346613
667965,Oussama Targhalline,2024,Midfield,France - Ligue 1,Le Havre AC,22.62012320328542,994,14,0.0,4000000.0,15.201804919084164,0.21791052465708516,0.5369383944698498,1,0.0,3320418.0289836167,0.8301045072459042,0.5096054941035342
667967,Yassine Kechta,2024,Midfield,France - Ligue 1,Le Havre AC,22.85010266940452,2111,31,0.127901468498342,5000000.0,15.424948470398377,-0.7620351745248577,0.31300148559619073,0,1330.0,10617702.67866414,2.123540535732828,0.3521904861175225
668547,Máximo Perrone,2024,Midfield,Italy - Serie A,Como 1907,21.984941820670773,1860,26,0.1451612903225806,12000000.0,16.300417207752275,0.11621455184727925,0.20132178673474083,0,2750.0,10589548.8565074,0.88246240470895,0.18033203702300932
668951,Matías Soulé,2024,Attack,Italy - Serie A,Associazione Sportiva Roma,21.71663244353183,1792,27,0.5022321428571428,30000000.0,17.216707939626428,0.3220239523383106,0.09380441900980123,0,2162.0,20771127.712011598,0.6923709237337199,0.12821520220322785
669380,Konstantinos Koulierakis,2024,Defender,Germany - Bundesliga,VfL Wolfsburg,21.09514031485284,2470,30,0.0728744939271255,25000000.0,17.034386382832476,0.6098737545149104,0.07585542904739173,0,2481.0,13313392.153797463,0.5325356861518985,0.10113209289177909
670096,Tanner Tessmann,2024,Midfield,France - Ligue 1,Olympique Lyon,23.27173169062286,1229,25,0.0732302685109845,6000000.0,15.60727002719233,0.5384107654706325,0.44027097650070146,0,1954.0,3607851.401744242,0.6013085669573737,0.5376264287985786
670681,João Neves,2024,Midfield,France - Ligue 1,Paris Saint-Germain,20.26283367556468,1851,29,0.5348460291734198,80000000.0,18.197537192638155,1.54724803459444,0.04296957670415065,0,1286.0,16491768.728084097,0.20614710910105122,0.08735970184398949
670717,Dário Essugo,2024,Midfield,Spain - LaLiga,UD Las Palmas,19.802874743326488,1952,27,0.0461065573770491,20000000.0,16.811242831518264,0.8121406456223128,0.13071581182051717,1,26.0,8871284.420997096,0.4435642210498548,0.15712059032180764
670847,Mohamed-Ali Cho,2024,Attack,France - Ligue 1,OGC Nice,20.95277207392197,1636,27,0.3850855745721271,15000000.0,16.523560759066484,0.3331904866883608,0.24688242420802606,0,1681.0,10652086.807362322,0.7101391204908214,0.18389872112843955
670858,Lewis Hall,2024,Defender,England - Premier League,Newcastle United,20.314852840520192,2193,27,0.2051983584131327,30000000.0,17.216707939626428,0.15005318634295217,0.1262703992276389,0,2180.0,24416471.174609493,0.8138823724869831,0.09216137322211616
670882,Jamie Gittens,2024,Attack,Germany - Bundesliga,Borussia Dortmund,20.399726214921287,1784,32,0.6053811659192825,50000000.0,17.72753356339242,0.5940903475384371,0.09056374050664617,1,490.0,25995242.669126704,0.5199048533825341,0.12332631618781861
671594,Kamory Doumbia,2024,Midfield,France - Ligue 1,Stade Brestois 29,21.869952087611225,1319,30,0.3411675511751327,4000000.0,15.201804919084164,-0.6439602315340971,0.4712065592723608,0,1766.0,7657335.479286519,1.9143338698216297,0.4302506493992782
671915,Enzo Barrenechea,2024,Midfield,Spain - LaLiga,Valencia CF,23.61396303901437,2206,30,0.1223934723481414,10000000.0,16.11809565095832,-0.3132423611414916,0.1705885135893954,1,0.0,13400020.867088804,1.3400020867088804,0.21319829943419452
672803,Bertuğ Yıldırım,2024,Attack,Spain - LaLiga,Getafe CF,22.47501711156742,1087,22,0.0827966881324747,2000000.0,14.50865773852422,-0.4943111380208589,0.7045129645083281,1,2.0,3382927.6832200945,1.6914638416100474,0.6434472776849676
673514,Abdoulaye Ndiaye,2024,Defender,France - Ligue 1,Stade Brestois 29,22.729637234770703,1707,22,0.0527240773286467,4000000.0,15.201804919084164,-0.250070509472883,0.38019527311924217,1,780.0,5236178.249647421,1.3090445624118552,0.41147070189387464
674612,Youssouf Ndayishimiye,2024,Defender,France - Ligue 1,OGC Nice,26.18206707734429,1934,23,0.139607032057911,12000000.0,16.300417207752275,0.9325449665108136,0.16691599359676115,1,72.0,4826621.368272057,0.40221844735600476,0.20371462529253556
674806,Santiago Pierotti,2024,Attack,Italy - Serie A,US Lecce,23.74811772758385,1940,36,0.2783505154639175,4000000.0,15.201804919084164,-0.19606175015047933,0.41143850643509716,0,2616.0,4969124.169620846,1.2422810424052115,0.36527330380246786
676042,Juanlu Sánchez,2024,Defender,Spain - LaLiga,Sevilla FC,21.38261464750171,1724,32,0.4176334106728538,12000000.0,16.300417207752275,-0.001814380469301824,0.18244954712911046,0,1994.0,11851181.76101208,0.9875984800843399,0.14676260258511736
676411,Dailon Livramento,2024,Attack,Italy - Serie A,Hellas Verona,23.66324435318275,932,29,0.2896995708154506,800000.0,13.592367006650065,-1.0168156836133484,0.8364994920073849,1,0.0,2298395.183441796,2.8729939793022448,0.7390666019969298
678406,Sergi Cardona,2024,Defender,Spain - LaLiga,Villarreal CF,25.48665297741273,2955,35,0.2436548223350253,10000000.0,16.11809565095832,-0.2081300598032949,0.0860639523740818,0,1965.0,12125107.538454743,1.2125107538454742,0.12448851488867069
683840,Pedri,2024,Midfield,Spain - LaLiga,FC Barcelona,22.102669404517453,2895,37,0.2797927461139896,140000000.0,18.75715298057358,1.5912944629341612,0.02110508937673887,0,2110.0,26797123.94484487,0.19140802817746336,0.04678159785275485
683895,Emmanuel Agbadou,2024,Defender,England - Premier League,Wolverhampton Wanderers,27.54277891854894,2671,30,0.0336952452265069,20000000.0,16.811242831518264,0.25397676295516103,0.12123681869358345,0,1101.0,15101072.32758601,0.7550536163793005,0.1068286391531868
684315,Nnamdi Collins,2024,Defender,Germany - Bundesliga,Eintracht Frankfurt,20.97741273100616,1484,24,0.1212938005390835,10000000.0,16.11809565095832,0.2133056507604505,0.2599443038001085,0,1498.0,8104035.932059649,0.8104035932059649,0.2404655110998276
687609,Isaac Romero,2024,Attack,Spain - LaLiga,Sevilla FC,24.62422997946612,2171,31,0.2487333026255181,6000000.0,15.60727002719233,-0.046427402878682855,0.3318102109045565,0,1490.0,6364319.490901983,1.0607199151503306,0.30705207802340273
687626,Moisés Caicedo,2024,Midfield,England - Premier League,Chelsea FC,23.16495550992471,3356,38,0.134088200238379,90000000.0,18.31532022829454,1.1984495751549935,0.022406517905025174,0,2802.0,25594407.14966074,0.28438230166289713,0.04910582580357469
689505,Johnny Cardoso,2024,Midfield,Spain - LaLiga,Real Betis Balompié,23.28268309377139,2145,28,0.1678321678321678,25000000.0,17.034386382832476,1.228440873166928,0.1040770116218552,1,892.0,7369697.434159644,0.2947878973663858,0.09844695811256247
690799,Anthony Rouault,2024,Defender,Germany - Bundesliga,VfB Stuttgart,23.59479808350445,2185,29,0.0411899313501144,10000000.0,16.11809565095832,0.043753006131840966,0.2623980905764433,0,1723.0,9534000.392681804,0.9534000392681804,0.3175061643663954
691316,Luis Henrique,2024,Midfield,France - Ligue 1,Olympique Marseille,23.04996577686516,2622,33,0.5148741418764302,25000000.0,17.034386382832476,0.3134647690349963,0.06183288601812495,0,1621.0,17630800.844426017,0.7052320337770407,0.12737401564356307
691482,Jacopo Fazzini,2024,Midfield,Italy - Serie A,FC Empoli,21.79876796714579,1390,20,0.3237410071942446,10000000.0,16.11809565095832,-0.06731081413021389,0.2699851995953746,1,574.0,10601726.839282595,1.0601726839282595,0.2646131779608107
691786,Morgan Guilavogui,2024,Attack,Germany - Bundesliga,FC St. Pauli,26.8145106091718,1817,25,0.3962575674188222,4000000.0,15.201804919084164,-0.5827068203368215,0.41523766681033236,1,481.0,7219279.165672764,1.8048197914181912,0.3438158104972302
691841,Yanis Zouaoui,2024,Defender,France - Ligue 1,Le Havre AC,26.680355920602327,973,17,0.184994861253854,800000.0,13.592367006650065,-1.1585364514527043,0.7893185312424713,0,2350.0,2642388.27163883,3.302985339548538,0.7260447788239848
691892,Nathaniel Brown,2024,Defender,Germany - Bundesliga,Eintracht Frankfurt,21.54688569472964,1952,26,0.4610655737704918,22000000.0,16.90655301132259,-0.009972165108349085,0.10157907369676882,0,2658.0,21202713.591667276,0.9637597087121489,0.15953929138706413
692737,Aljoscha Kemlein,2024,Midfield,Germany - Bundesliga,1.FC Union Berlin,20.41615331964408,924,15,0.0974025974025974,7000000.0,15.761420707019589,0.457491019127104,0.4071706019421536,0,1968.0,4536059.464180508,0.6480084948829297,0.4257098476294969
693095,Jacob Greaves,2024,Defender,England - Premier League,Ipswich Town,24.303901437371664,2205,25,0.0408163265306122,18000000.0,16.70588231586044,0.2274320249068622,0.20672924726238628,1,0.0,14013221.248404609,0.7785122915780338,0.16789660668452483
694509,Moussa Diarra,2024,Defender,Spain - LaLiga,Deportivo Alavés,24.142368240930868,1863,26,0.0,1800000.0,14.403297222866392,-1.178460227064706,0.544984052045367,1,219.0,5937263.643931182,3.29847980218399,0.636736039767183
694928,Samuel Lino,2024,Attack,Spain - LaLiga,Atlético de Madrid,25.026694045174537,1560,31,0.4038461538461538,22000000.0,16.90655301132259,0.35389146281095085,0.21055434903637324,1,0.0,15035304.093129214,0.6834229133240551,0.25941417870977745
696164,Tim Oermann,2024,Defender,Germany - Bundesliga,VfL Bochum,21.240246406570844,2217,29,0.081190798376184,5000000.0,15.424948470398377,-0.814684760590068,0.2620041436964395,1,16.0,11164755.723259516,2.2329511446519033,0.3024690985666816
698259,Thomas Kristensen,2024,Defender,Italy - Serie A,Udinese Calcio,22.95687885010267,1753,24,0.0513405590416429,6000000.0,15.60727002719233,-0.16053978599169616,0.28895680674872953,0,2475.0,7104156.356110045,1.184026059351674,0.31361929938164107
701057,Rico Lewis,2024,Defender,England - Premier League,Manchester City,20.112251882272417,1893,28,0.1426307448494453,40000000.0,17.50439001207821,0.734820114131133,0.14481278944313017,1,402.0,18459773.662099194,0.46149434155247987,0.11791849099116285
701819,Daniele Ghilardi,2024,Defender,Italy - Serie A,Hellas Verona,21.987679671457904,2030,24,0.0,5000000.0,15.424948470398377,-0.26432283517662514,0.28715581779973903,0,1086.0,6586469.60367065,1.31729392073413,0.3188842051318195
702441,Sinaly Diomandé,2024,Defender,France - Ligue 1,AJ Auxerre,23.731690622861056,1945,23,0.2313624678663239,5000000.0,15.424948470398377,-0.4131619993499873,0.25496914095890727,0,2134.0,7601201.169595966,1.5202402339191932,0.2567662549403486
705395,Gerard Martín,2024,Defender,Spain - LaLiga,FC Barcelona,22.847364818617383,1028,28,0.3501945525291828,12000000.0,16.300417207752275,0.9671272287429535,0.28729294118035625,0,2122.0,4667284.381895593,0.3889403651579661,0.392017646712878
706024,Marko Ivezic,2024,Defender,Germany - Bundesliga,Holstein Kiel,23.082819986310746,1655,23,0.0,2000000.0,14.50865773852422,-0.8934544319343618,0.5345054560396623,1,0.0,4989624.417568711,2.494812208784355,0.5341007165789542
707242,Badredine Bouanani,2024,Attack,France - Ligue 1,OGC Nice,20.06570841889117,1094,26,0.4936014625228519,7000000.0,15.761420707019589,0.17875871011887323,0.3937315458747471,1,551.0,5942454.9131245855,0.8489221304463693,0.44401760821947617
707274,César Tárrega,2024,Defender,Spain - LaLiga,Valencia CF,22.847364818617383,3027,34,0.0891972249752229,10000000.0,16.11809565095832,-0.394252536637103,0.10212464314731375,0,2596.0,14471347.689197011,1.4471347689197012,0.13716423071308254
707844,Mandela Keita,2024,Midfield,Italy - Serie A,Parma Calcio 1913,22.647501711156742,1828,30,0.0984682713347921,12000000.0,16.300417207752275,1.0590962965190425,0.2051637626322667,0,2994.0,4268181.364166824,0.35568178034723535,0.20745895166819017
708072,Nicolò Savona,2024,Defender,Italy - Serie A,Juventus FC,21.790554414784395,1727,28,0.1563404748118123,12000000.0,16.300417207752275,0.4271274894479875,0.2075524827709363,0,1026.0,7862557.05733117,0.6552130881109308,0.18354090268052733
708265,Bradley Barcola,2024,Attack,France - Ligue 1,Paris Saint-Germain,22.33264887063655,2193,34,1.0259917920656634,70000000.0,18.064005800013632,0.1870511702927009,0.049513948319994096,0,1750.0,51943743.89286737,0.7420534841838196,0.060135089702203035
709187,Nico Williams,2024,Attack,Spain - LaLiga,Athletic Bilbao,22.47501711156742,1998,29,0.4504504504504504,70000000.0,18.064005800013632,0.46896030274868905,0.07872510224619896,0,1689.0,39997349.746125296,0.5713907106589328,0.11078083818577485
709372,Carlos Romero,2024,Defender,Spain - LaLiga,RCD Espanyol Barcelona,23.17590691307324,2555,34,0.1056751467710371,5000000.0,15.424948470398377,-0.5354608118492639,0.21665368241860677,0,3195.0,8548266.576200308,1.7096533152400617,0.2165233802609756
709726,Hugo Ekitiké,2024,Attack,Germany - Bundesliga,Eintracht Frankfurt,22.535249828884325,2582,33,0.801704105344694,75000000.0,18.132998671500584,0.5474967073550381,0.04345291083076688,0,1811.0,39644090.575874716,0.5285878743449962,0.0850685193204848
709957,Álex Valle,2024,Defender,Italy - Serie A,Como 1907,20.68720054757016,1034,15,0.0,6000000.0,15.60727002719233,0.7431917141332893,0.394432891475924,0,2025.0,2952843.4570712494,0.49214057617854157,0.4882921185655365
710671,Adama Boiro,2024,Defender,Spain - LaLiga,Athletic Bilbao,22.529774127310063,1104,18,0.0,2500000.0,14.73180128983843,-0.16033060276130673,0.5801122962043449,1,810.0,3035160.0437628836,1.2140640175051534,0.5687833542920049
711337,Evanilson,2024,Attack,England - Premier League,AFC Bournemouth,25.240246406570844,2336,31,0.5779109589041096,35000000.0,17.37085861945369,0.06425010984215351,0.13665100044716552,0,2762.0,30569325.211396188,0.8734092917541768,0.08670441761342654
711544,Jake O'Brien,2024,Defender,England - Premier League,Everton FC,23.633127994524298,1569,20,0.1147227533460803,18000000.0,16.70588231586044,-0.07718907857186075,0.26513079622984925,0,3124.0,18696532.3587259,1.038696242151439,0.22892426606769015
711625,José Ángel Carmona,2024,Defender,Spain - LaLiga,Sevilla FC,22.924024640657084,2954,35,0.0,12000000.0,16.300417207752275,0.047552641463768364,0.11885088153639807,0,2564.0,11306519.543909853,0.9422099619924877,0.11151344464612392
711969,Lorenz Assignon,2024,Defender,France - Ligue 1,Stade Rennais FC,24.52840520191649,2363,32,0.2666102412187897,9000000.0,16.012735135300492,-0.17856283545710694,0.15217525309270566,0,1093.0,10661524.662227381,1.184613851358598,0.17899395012255478
711976,Andy Diouf,2024,Midfield,France - Ligue 1,RC Lens,21.6290212183436,2234,34,0.1208594449418084,15000000.0,16.523560759066484,0.4056511755818972,0.15651761338307915,1,569.0,9939654.931106947,0.6626436620737964,0.21481659014787974
711980,Guéla Doué,2024,Defender,France - Ligue 1,RC Strasbourg Alsace,22.209445585215605,2716,32,0.0994108983799705,18000000.0,16.70588231586044,0.6389983693840056,0.09132536328326149,0,2064.0,9466197.016521033,0.5258998342511685,0.11486430934782862
711999,Lesley Ugochukwu,2024,Midfield,England - Premier League,Southampton FC,20.76933607118412,1663,26,0.1082381238725195,18000000.0,16.70588231586044,-0.1683645758731771,0.3008783922194827,0,2351.0,20375088.874142356,1.1319493818967976,0.2221483160279364
712107,Luiz Júnior,2024,Goalkeeper,Spain - LaLiga,Villarreal CF,23.964407939767284,1457,17,0.0,10000000.0,16.11809565095832,0.997213461033907,0.33739989331161696,0,2520.0,3795721.2693089847,0.3795721269308985,0.3066111854986167
713644,Bryan Zaragoza,2024,Attack,Spain - LaLiga,CA Osasuna,23.312799452429843,1852,27,0.3401727861771058,12000000.0,16.300417207752275,-0.26697238156091396,0.2386364788805258,0,1270.0,15246663.287805298,1.2705552739837749,0.2660954322756735
717411,Yegor Yarmolyuk,2024,Midfield,England - Premier League,Brentford FC,20.83778234086242,1443,31,0.0,15000000.0,16.523560759066484,0.3724961979765302,0.3899560593111154,0,2667.0,10259645.28468644,0.6839763523124294,0.24532396326431644
717585,Mory Gbane,2024,Midfield,France - Ligue 1,Stade Reims,24.019164955509925,1125,13,0.08,4000000.0,15.201804919084164,0.42640215077642196,0.48402123385238094,1,0.0,2706759.5999506824,0.6766898999876706,0.3716558088293759
720518,Roberto Fernández,2024,Attack,Spain - LaLiga,RCD Espanyol Barcelona,22.49965776865161,1509,19,0.4174950298210735,6000000.0,15.60727002719233,-0.37606046046722996,0.36089612776332247,0,2387.0,8738200.129696684,1.4563666882827806,0.35018782928313286
724129,Matias Fernandez-Pardo,2024,Attack,France - Ligue 1,LOSC Lille,19.90965092402464,1065,22,0.5915492957746479,15000000.0,16.523560759066484,0.7480005606427578,0.24522341003500614,0,2382.0,7157352.7675282275,0.4771568511685485,0.23833838777234123
724520,Abde Ezzalzouli,2024,Attack,Spain - LaLiga,Real Betis Balompié,23.041752224503764,1995,32,0.225563909774436,12000000.0,16.300417207752275,0.9460718594511484,0.24100172228069494,0,2255.0,4763672.139784669,0.39697267831538907,0.23253598563240102
729814,Georges Mikautadze,2024,Attack,France - Ligue 1,Olympique Lyon,24.16974674880219,1434,34,1.0669456066945606,22000000.0,16.90655301132259,-0.3539024232310213,0.15691079838333688,0,2297.0,29278371.264055625,1.3308350574570738,0.17393767085519987
730581,Loïc Badé,2024,Defender,Spain - LaLiga,Sevilla FC,24.725530458590008,2687,32,0.0669892072943803,25000000.0,17.034386382832476,0.6671015660651491,0.07312787057119435,0,1652.0,12608309.654040718,0.5043323861616288,0.18086563760331575
730861,Milos Kerkez,2024,Defender,England - Premier League,AFC Bournemouth,21.15263518138261,3342,38,0.215439856373429,45000000.0,17.622173047734595,0.2815759311042889,0.04269050345856508,0,2261.0,31555528.469402958,0.7012339659867324,0.0494972960581072
730893,Tyrick Mitchell,2024,Defender,England - Premier League,Crystal Palace,25.336071184120467,3103,37,0.1450209474701901,25000000.0,17.034386382832476,-0.32249778998310474,0.06939709227669973,0,3255.0,32039093.18207338,1.2815637272829352,0.05675477296529992
733576,Alberto Moleiro,2024,Attack,Spain - LaLiga,UD Las Palmas,21.256673511293634,2728,35,0.2309384164222874,25000000.0,17.034386382832476,0.5811720727967433,0.08123718630488855,0,2491.0,13681415.76381596,0.5472566305526384,0.07696922156928651
735568,Natan,2024,Defender,Spain - LaLiga,Real Betis Balompié,23.90143737166325,2171,31,0.0829111008751727,9000000.0,16.012735135300492,0.7816410817719563,0.19787944297929022,0,2810.0,4225922.190532483,0.46954691005916477,0.25226773292017574
735570,João Gomes,2024,Midfield,England - Premier League,Wolverhampton Wanderers,23.88501026694045,2989,36,0.120441619270659,40000000.0,17.50439001207821,0.7163107751054829,0.06622116708890716,0,2835.0,18785102.83970428,0.469627570992607,0.056367223217749854
735571,Rodrigo Muniz,2024,Attack,England - Premier League,Fulham FC,23.66324435318275,950,31,0.8526315789473684,20000000.0,16.811242831518264,-0.17134733015956138,0.3527478034817187,0,997.0,22562354.63175656,1.128117731587828,0.2859764745972916
741238,Omari Hutchinson,2024,Midfield,England - Premier League,Ipswich Town,21.17453798767967,2593,31,0.1735441573467026,22000000.0,16.90655301132259,-0.15532940104830417,0.13599984555841288,0,1684.0,24307328.74865838,1.104878579484472,0.158356647486451
741257,Álex Jiménez,2024,Defender,Italy - Serie A,AC Milan,19.652292950034223,1270,22,0.0708661417322834,15000000.0,16.523560759066484,1.389610850660714,0.2044121108219535,0,2372.0,3844397.8288943092,0.25629318859295397,0.21129995605495414
742201,Giuliano Simeone,2024,Attack,Spain - LaLiga,Atlético de Madrid,22.03969883641341,1941,33,0.3709428129829984,35000000.0,17.37085861945369,0.5517673831912471,0.12311892975425803,0,2110.0,19342819.039800122,0.5526519725657177,0.16917309281019324
743386,Malick Fofana,2024,Attack,France - Ligue 1,Olympique Lyon,19.756331279945243,1586,29,0.510718789407314,30000000.0,17.216707939626428,0.8638023026660466,0.13131420251976997,1,754.0,12436980.459662521,0.41456601532208404,0.11022156128705268
743496,Kévin Danois,2024,Midfield,France - Ligue 1,AJ Auxerre,20.511978097193705,1459,22,0.0,8000000.0,15.89495209964411,0.6082461964280976,0.31585787920812985,0,2839.0,4460766.8765007155,0.5575958595625894,0.2904827882823918
743591,Savinho,2024,Attack,England - Premier League,Manchester City,20.72826830937714,1772,29,0.5586907449209932,50000000.0,17.72753356339242,0.11051927380739301,0.11429788947901437,1,821.0,40822303.04058065,0.8164460608116131,0.129299940433283
743600,Andrey Santos,2024,Midfield,France - Ligue 1,RC Strasbourg Alsace,20.6652977412731,2857,32,0.4410220511025551,35000000.0,17.37085861945369,0.9860665251886207,0.03284461058730885,0,1255.0,12820033.73715597,0.3662866782044563,0.07387062564250822
744149,Adam Wharton,2024,Midfield,England - Premier League,Crystal Palace,20.903490759753595,1327,20,0.1356443104747551,45000000.0,17.622173047734595,1.3256603465936023,0.18698005856635952,0,2563.0,11786792.839701453,0.2619287297711434,0.175648546742849
745181,Soungoutou Magassa,2024,Midfield,France - Ligue 1,AS Monaco,21.234770704996578,1022,21,0.0880626223091976,12000000.0,16.300417207752275,0.9025861831401181,0.313807990365613,0,979.0,4968952.402083353,0.4140793668402794,0.34688578297526945
745200,Maghnes Akliouche,2024,Attack,France - Ligue 1,AS Monaco,22.85010266940452,2408,32,0.5606312292358804,45000000.0,17.622173047734595,0.5529342985785803,0.06473277443192688,0,2410.0,24475766.85535294,0.5439059301189542,0.09002923203962032
746695,Kamaldeen Sulemana,2024,Attack,England - Premier League,Southampton FC,22.87748117727584,1406,26,0.1280227596017069,13000000.0,16.38045991542581,0.177120233802321,0.5045945181209944,0,1002.0,10784775.6081405,0.8295981237031154,0.3633524435271895
746712,Pietro Comuzzo,2024,Defender,Italy - Serie A,ACF Fiorentina,19.863107460643395,2197,33,0.0409649522075557,25000000.0,17.034386382832476,0.7947934350791113,0.09672062571159262,0,1696.0,11164326.788556142,0.4465730715422457,0.18021762483766518
746910,Mohamed Amoura,2024,Attack,Germany - Bundesliga,VfL Wolfsburg,24.648870636550303,2486,31,0.7964601769911505,32000000.0,17.281246460764002,-0.2786666950508492,0.06804758969235561,0,1928.0,38711928.73099693,1.209747772843654,0.07163785535165348
748382,Amin Sarr,2024,Attack,Italy - Serie A,Hellas Verona,23.811088295687885,1921,32,0.2342529932326913,5000000.0,15.424948470398377,-0.054791983347398876,0.37899347755414803,0,1086.0,5379406.092930608,1.0758812185861217,0.4315588302596427
749552,Alieu Fadera,2024,Attack,Italy - Serie A,Como 1907,23.16221765913758,1649,28,0.2728926622195269,4500000.0,15.319587954740548,-0.021612117872049197,0.42623416540135917,0,976.0,4703269.324672172,1.0451709610382605,0.3928397892759725
763079,Abdukodir Khusanov,2024,Defender,France - Ligue 1,RC Lens,20.84052019164956,1479,19,0.0,35000000.0,17.37085861945369,1.9461405954949833,0.11299427271871683,0,1429.0,5100183.6222989885,0.1457195320656854,0.10833937758477308
763182,Josué Casimir,2024,Attack,France - Ligue 1,Le Havre AC,23.27173169062286,2006,27,0.448654037886341,4000000.0,15.201804919084164,-1.4152894577802249,0.35485438321322876,0,1521.0,15981679.30625323,3.9954198265633076,0.3203051303977847
764859,Williot Swedberg,2024,Attack,Spain - LaLiga,Celta de Vigo,20.91718001368925,1347,32,0.6013363028953229,5000000.0,15.424948470398377,-0.9372917528152755,0.4379345567247609,0,1268.0,12547941.223318018,2.5095882446636035,0.2973660543953663
766583,Kike Salas,2024,Defender,Spain - LaLiga,Sevilla FC,22.694045174537987,2237,31,0.2011622708985248,8000000.0,15.89495209964411,-0.2844063782848796,0.19046610133772118,0,2203.0,10540682.508195307,1.3175853135244133,0.21848163056796274
768380,Arouna Sangante,2024,Defender,France - Ligue 1,Le Havre AC,22.72416153319644,1251,16,0.2158273381294964,8000000.0,15.89495209964411,-0.1156809548812805,0.2556710644083528,0,2335.0,8969838.142243851,1.1212297677804814,0.30392884343634374
775605,Pablo Barrios,2024,Midfield,Spain - LaLiga,Atlético de Madrid,21.54962354551677,2337,31,0.1925545571245186,55000000.0,17.822843743196746,0.5734857362814718,0.060109141021406805,0,1666.0,28976021.122951448,0.5268367476900263,0.06733179508663459
776798,Abdallah Sima,2024,Attack,France - Ligue 1,Stade Brestois 29,23.54277891854894,1237,27,0.6548100242522231,9000000.0,16.012735135300492,0.20367585455332593,0.2918324902563954,1,711.0,7391803.103636932,0.821311455959659,0.3586794004530288
776890,Nicolas Jackson,2024,Attack,England - Premier League,Chelsea FC,23.534565366187543,2240,30,0.6026785714285714,50000000.0,17.72753356339242,-0.24920744074987367,0.13098547854208178,0,1004.0,56959806.22594379,1.1391961245188758,0.10607858389371524
780630,Willy Kambwala,2024,Defender,Spain - LaLiga,Villarreal CF,20.35318275154004,1114,19,0.0,4000000.0,15.201804919084164,-0.08824687173512125,0.4829395838167139,1,86.0,4475296.778104187,1.1188241945260466,0.5100214614606782
783094,Benjamin Bouchouari,2024,Midfield,France - Ligue 1,AS Saint-Étienne,23.134839151266256,1775,25,0.0507042253521126,5000000.0,15.424948470398377,-0.20249310994784908,0.37346865159446424,1,0.0,6205081.364955167,1.2410162729910335,0.3302756200307046
783396,Ramón Terrats,2024,Midfield,Spain - LaLiga,Getafe CF,24.205338809034902,1353,26,0.3325942350332594,4000000.0,15.201804919084164,-0.24753069953257034,0.44933410750338415,0,1023.0,5223310.733789737,1.3058276834474343,0.40191567294776365
785353,Pablo Ibáñez,2024,Midfield,Spain - LaLiga,CA Osasuna,26.28336755646817,1289,28,0.1396431342125678,2000000.0,14.50865773852422,-0.9613250134827509,0.6690711075013235,0,2248.0,5328819.756442301,2.6644098782211505,0.6198288293431281
786436,Ismaël Doukouré,2024,Defender,France - Ligue 1,RC Strasbourg Alsace,21.44284736481862,2647,31,0.0680015111446921,18000000.0,16.70588231586044,0.3538282734715845,0.0846350260607016,0,2077.0,12426905.483392466,0.6903836379662481,0.1498884296127217
787151,Lukas Ullrich,2024,Defender,Germany - Bundesliga,Borussia Mönchengladbach,20.79671457905544,1918,26,0.140771637122002,8000000.0,15.89495209964411,-0.43914632070877735,0.2286480186918704,0,1306.0,12216329.382208437,1.5270411727760547,0.24197565567378657
787912,El Chadaille Bitshiabu,2024,Defender,Germany - Bundesliga,RB Leipzig,19.630390143737166,1127,21,0.0,18000000.0,16.70588231586044,1.1903032776827147,0.2249721139399231,1,654.0,5569269.554218171,0.30940386412323173,0.31170556599509547
789082,Vanderson,2024,Defender,France - Ligue 1,AS Monaco,23.53182751540041,2073,29,0.1736613603473227,20000000.0,16.811242831518264,0.3180329157039292,0.14382440704761712,1,613.0,14210922.599847224,0.7105461299923612,0.16169123128391844
789252,Bence Dárdai,2024,Midfield,Germany - Bundesliga,VfL Wolfsburg,18.937713894592743,1312,21,0.274390243902439,12000000.0,16.300417207752275,-0.2209385034876381,0.25191902896181184,1,34.0,14595530.568536866,1.2162942140447388,0.3507486498787675
792380,Aleksandar Pavlovic,2024,Midfield,Germany - Bundesliga,Bayern Munich,20.6652977412731,1458,21,0.0617283950617284,55000000.0,17.822843743196746,1.6088236869953474,0.10398043497430719,0,1461.0,10895259.97276678,0.19809563586848689,0.11761175435467844
794758,Warren Kamanzi,2024,Defender,France - Ligue 1,FC Toulouse,24.139630390143736,1019,24,0.1766437684003925,2000000.0,14.50865773852422,-0.4176633136175014,0.6403544030553817,1,856.0,3138521.4180167923,1.569260709008396,0.5937215346353938
798043,Tom Rothe,2024,Defender,Germany - Bundesliga,1.FC Union Berlin,20.175222450376456,1672,26,0.3767942583732057,10000000.0,16.11809565095832,-0.3521120230078325,0.20033368557059233,0,1024.0,13903988.701754028,1.3903988701754029,0.15310025271167504
798929,Gvidas Gineitis,2024,Midfield,Italy - Serie A,Torino FC,20.71457905544148,1423,30,0.2529866479269149,6000000.0,15.60727002719233,-0.19699249417240505,0.3699460064049821,0,1763.0,7357776.323196618,1.226296053866103,0.3781900771721708
800176,André,2024,Midfield,England - Premier League,Wolverhampton Wanderers,23.463381245722108,2485,33,0.0,28000000.0,17.14771506813948,0.8193947105883987,0.1447202306412305,0,2766.0,12149313.054540569,0.4339040376621632,0.0867264132973404
801734,Mathys Tel,2024,Attack,England - Premier League,Tottenham Hotspur,19.68240930869268,1166,21,0.385934819897084,35000000.0,17.37085861945369,0.4394794896517118,0.29423469587367407,0,1342.0,21501237.535208102,0.6143210724345172,0.2874019015899437
804219,Léo Scienza,2024,Midfield,Germany - Bundesliga,1. Fußballclub Heidenheim 1846,26.302532511978097,1154,25,0.4679376083188908,3000000.0,14.914122846632385,-0.09545474455020653,0.5125812442187224,1,180.0,3404852.9206892094,1.1349509735630698,0.5892349915071969
805714,Renato Veiga,2024,Defender,Italy - Serie A,Juventus FC,21.429158110882955,1270,20,0.0708661417322834,25000000.0,17.034386382832476,1.8731461824838274,0.15861996304708198,0,2478.0,3948031.9481256153,0.1579212779250246,0.19794830185389556
805886,Gaby Jean,2024,Defender,Italy - Serie A,US Lecce,24.867898699520875,1388,19,0.0,2000000.0,14.50865773852422,-0.25481014069108765,0.5797719342064763,1,191.0,2675211.494028961,1.3376057470144804,0.5369160536526163
806793,Clément Akpa,2024,Defender,France - Ligue 1,AJ Auxerre,23.1047227926078,2495,31,0.0360721442885771,5000000.0,15.424948470398377,-0.032600882162063805,0.21621067005813607,0,1941.0,5265036.455181446,1.053007291036289,0.2129834156097609
807128,Saïdou Sow,2024,Defender,France - Ligue 1,RC Strasbourg Alsace,22.49691991786448,1819,21,0.0989554700384826,6000000.0,15.60727002719233,-0.128747127823031,0.30054546120665715,1,0.0,6889963.618168862,1.1483272696948104,0.311896955943912
807688,Yassin Belkhdim,2024,Midfield,France - Ligue 1,Angers SCO,22.88021902806297,1519,29,0.1184990125082291,1000000.0,13.815510557964274,-1.5470006546195663,0.7161232330256381,0,2149.0,4801576.252963985,4.801576252963986,0.7563397073870121
807689,Frank Magri,2024,Attack,France - Ligue 1,FC Toulouse,25.32785763175907,1514,31,0.35667107001321,3000000.0,14.914122846632385,-0.24205678889969962,0.5344943815967859,0,1264.0,3928610.205282949,1.3095367350943163,0.42570122664448196
810092,Warren Zaïre-Emery,2024,Midfield,France - Ligue 1,Paris Saint-Germain,18.819986310746064,2052,29,0.131578947368421,55000000.0,17.822843743196746,0.8101040547159086,0.0716395070155549,0,2454.0,23210887.576101024,0.42201613774729135,0.12356126690973332
810895,Eliesse Ben Seghir,2024,Attack,France - Ligue 1,AS Monaco,19.874058863791923,1750,33,0.4628571428571429,28000000.0,17.14771506813948,0.767947119868341,0.13842340993877816,1,289.0,12758920.50650157,0.4556757323750561,0.13168670910411612
811779,Alejandro Garnacho,2024,Attack,England - Premier League,Manchester United,20.503764544832308,2196,36,0.3278688524590164,45000000.0,17.622173047734595,0.31981507110284224,0.11830198493114397,0,1268.0,30448138.07183469,0.6766252904852154,0.10954075195727149
813137,Niccolò Pisilli,2024,Midfield,Italy - Serie A,Associazione Sportiva Roma,20.27378507871321,1218,28,0.2216748768472906,13000000.0,16.38045991542581,0.5372593651681665,0.2788890211818814,0,1285.0,7638483.337966008,0.5875756413820006,0.3554186083843789
814446,Luca Marianucci,2024,Defender,Italy - Serie A,FC Empoli,20.4435318275154,1065,18,0.0,7500000.0,15.83041357850654,0.8983838949374996,0.35942380825449205,1,691.0,3156112.3725411333,0.4208149830054844,0.4900504060606448
820374,Kobbie Mainoo,2024,Midfield,England - Premier League,Manchester United,19.704312114989733,1656,25,0.0,50000000.0,17.72753356339242,1.0863035401248595,0.14774960957883715,0,1654.0,16350999.739559745,0.3270199947911949,0.13792399705235037
822331,Omar El Hilali,2024,Defender,Spain - LaLiga,RCD Espanyol Barcelona,21.305954825462013,3159,36,0.0569800569800569,15000000.0,16.523560759066484,0.0705403493092902,0.06522061040741658,0,2828.0,13678896.377821418,0.9119264251880945,0.10033675181764813
822959,Tom Bischof,2024,Midfield,Germany - Bundesliga,TSG 1899 Hoffenheim,19.512662559890487,2569,31,0.2452316076294278,30000000.0,17.216707939626428,0.3701790418851916,0.057348729391661794,0,1294.0,19849758.36089841,0.6616586120299469,0.10274543996324267
823231,Dango Ouattara,2024,Attack,England - Premier League,AFC Bournemouth,22.888432580424368,2011,32,0.4922923918448533,28000000.0,17.14771506813948,0.06890346276132475,0.2430968759070706,0,2282.0,24696670.064123873,0.8820239308615668,0.18222915578814444
826224,Arnau Martínez,2024,Defender,Spain - LaLiga,Girona FC,21.689253935660503,2627,32,0.1370384468976018,10000000.0,16.11809565095832,-0.7394256415148477,0.17571450349402631,0,2678.0,20056486.48513457,2.005648648513457,0.21877815346848573
827734,Ange-Yoan Bonny,2024,Attack,Italy - Serie A,Parma Calcio 1913,21.188227241615333,2546,37,0.3534956794972506,20000000.0,16.811242831518264,0.3089449287814747,0.10366508340855987,0,1130.0,14334010.303146662,0.7167005151573331,0.13846641914293437
829874,Lilian Raolisoa,2024,Defender,France - Ligue 1,Angers SCO,24.54483230663929,1314,29,0.2054794520547945,800000.0,13.592367006650065,-1.3381426343228733,0.7490426858555188,0,1969.0,3151419.006041069,3.9392737575513364,0.7490456929034212
834744,Antoniu Roca,2024,Attack,Spain - LaLiga,RCD Espanyol Barcelona,22.32443531827516,1021,26,0.0881488736532811,1800000.0,14.403297222866392,-0.6166012067542672,0.7460676117158157,1,280.0,3439372.166823582,1.9107623149019899,0.6398948807960301
834752,Unai Gómez,2024,Midfield,Spain - LaLiga,Athletic Bilbao,21.607118412046542,1278,32,0.2816901408450704,6000000.0,15.60727002719233,-0.18379950742421114,0.41295803814068643,0,933.0,7264978.442801005,1.2108297404668342,0.5561943054114867
834764,Javi Guerra,2024,Midfield,Spain - LaLiga,Valencia CF,21.639972621492127,2593,36,0.2082529888160432,25000000.0,17.034386382832476,0.1813561610185337,0.07123799867370453,0,2070.0,19971771.680465896,0.7988708672186359,0.15896521676941103
836441,Gaspar,2024,Defender,Italy - Serie A,US Lecce,27.263518138261464,2145,24,0.0419580419580419,3500000.0,15.068273526459642,0.2625305143444292,0.3151890859524103,0,1830.0,2788608.4232114465,0.796745263774699,0.2735546033882774
842338,Enzo Tchato,2024,Defender,France - Ligue 1,Montpellier HSC,22.10814510609172,1902,27,0.0,2500000.0,14.73180128983843,-0.7748532260271701,0.45148765121293416,1,0.0,5521385.093944597,2.208554037577839,0.40832336682390497
845654,Kenan Yıldız,2024,Attack,Italy - Serie A,Juventus FC,19.66324435318275,2409,35,0.448318804483188,50000000.0,17.72753356339242,0.8061016099264531,0.061358553354678776,0,2844.0,21300874.439719234,0.42601748879438467,0.16874089693390223
847279,Oumar Diakité,2024,Attack,France - Ligue 1,Stade Reims,21.03490759753593,1642,26,0.2740560292326431,6000000.0,15.60727002719233,-0.5513734602005873,0.3735369341213866,1,0.0,10334197.091406684,1.722366181901114,0.3127176965676611
848509,Jackson Tchatchoua,2024,Defender,Italy - Serie A,Hellas Verona,23.299110198494184,3170,36,0.1419558359621451,8000000.0,15.89495209964411,-0.49991385813798317,0.11233748264593692,0,1837.0,12943436.409174772,1.6179295511468466,0.16210294328213343
849410,Valentín Barco,2024,Midfield,France - Ligue 1,RC Strasbourg Alsace,20.4435318275154,1452,21,0.1239669421487603,12000000.0,16.300417207752275,0.8559964902181179,0.23260371904467286,0,2171.0,5198498.09904664,0.43320817492055336,0.19988755381567816
849520,Santiago Castro,2024,Attack,Italy - Serie A,Bologna Football Club 1909,20.28747433264887,2302,36,0.5082536924413553,35000000.0,17.37085861945369,0.3546093899819738,0.07849304331789003,0,2365.0,23287556.410666354,0.6653587545904672,0.12293305484033733
852727,Diego García,2024,Attack,Spain - LaLiga,CD Leganés,24.70636550308008,1190,28,0.226890756302521,1500000.0,14.22097566607244,-1.017137595408498,0.7503827904048146,1,0.0,4254882.449073239,2.8365882993821594,0.6455020995211044
855015,Farès Chaïbi,2024,Midfield,Germany - Bundesliga,Eintracht Frankfurt,22.094455852156056,1008,26,0.3571428571428571,9000000.0,16.012735135300492,-0.4662045882478756,0.36827948999950294,0,1797.0,14019733.666320743,1.5577481851467492,0.27435922571539134
855308,Arthur Atta,2024,Midfield,Italy - Serie A,Udinese Calcio,21.965776865160848,1245,27,0.0,8000000.0,15.89495209964411,0.7253032639664627,0.41035292979031873,0,2563.0,3980511.192486571,0.4975638990608214,0.45147741092932775
857818,Yáser Asprilla,2024,Attack,Spain - LaLiga,Girona FC,21.11978097193703,1402,27,0.2567760342368045,15000000.0,16.523560759066484,0.6908213157512968,0.26856024778378024,1,605.0,7562054.466917257,0.5041369644611504,0.2645035157863786
860992,Nicolás Valentini,2024,Defender,Italy - Serie A,Hellas Verona,23.73990417522245,1132,14,0.0,6000000.0,15.60727002719233,0.9504661619402115,0.38941243840306505,0,1406.0,2408785.0455968706,0.4014641742661451,0.4848530620825319
861410,Arda Güler,2024,Midfield,Spain - LaLiga,Real Madrid,19.84941820670773,1249,28,0.5764611689351481,45000000.0,17.622173047734595,0.955005730817371,0.10421726063247369,0,2027.0,16757210.482448729,0.3723824551655273,0.22567629219727778
864799,Stefan Bajcetic,2024,Midfield,Spain - LaLiga,UD Las Palmas,20.194387405886378,975,14,0.0923076923076923,9000000.0,16.012735135300492,1.1722740063321435,0.319448817503777,1,0.0,2885242.2041160245,0.32058246712400273,0.35248381443786164
866246,Lucas Bergvall,2024,Midfield,England - Premier League,Tottenham Hotspur,18.91307323750856,1205,27,0.0746887966804979,38000000.0,17.45309671769066,1.1875756719554973,0.2392791344544121,0,967.0,11443773.493499765,0.3011519340394675,0.25722662496049886
866655,Tyler Dibling,2024,Attack,England - Premier League,Southampton FC,18.87200547570157,1874,33,0.144076840981857,25000000.0,17.034386382832476,0.04653391914024252,0.25405945906762206,1,350.0,22674256.217775095,0.9069702487110038,0.2451363469274406
867688,Jack Hinshelwood,2024,Midfield,England - Premier League,Brighton & Hove Albion,19.72621492128679,1848,26,0.3896103896103896,24000000.0,16.99356438831222,0.004225936193088975,0.17326379208224998,0,1751.0,22705953.745333858,0.9460814060555774,0.18018890247046576
872171,Lucas Beraldo,2024,Defender,France - Ligue 1,Paris Saint-Germain,21.10609171800137,2011,25,0.0447538538040775,25000000.0,17.034386382832476,1.0535110483097152,0.1151822417426847,0,1571.0,8717659.793701624,0.348706391748065,0.12525276483756764
875332,Arthur Chaves,2024,Defender,Germany - Bundesliga,TSG 1899 Hoffenheim,23.923340177960306,2187,26,0.0411522633744856,5000000.0,15.424948470398377,-0.17898189901474826,0.2620095239044957,0,1067.0,6065804.876971012,1.2131609753942023,0.30095619747332203
876631,Habib Diarra,2024,Midfield,France - Ligue 1,RC Strasbourg Alsace,20.996577686516083,2357,30,0.34365719134493,20000000.0,16.811242831518264,-0.25277406765250143,0.0907892169264451,0,1409.0,24356084.79014337,1.2178042395071684,0.12285314208067595
880245,Mateus Fernandes,2024,Midfield,England - Premier League,Southampton FC,20.47912388774812,2922,36,0.1848049281314168,15000000.0,16.523560759066484,-0.8187200524231071,0.14237663152861543,0,3026.0,31605184.22402654,2.107012281601769,0.17975537141635659
888493,Alejo Veliz,2024,Attack,Spain - LaLiga,RCD Espanyol Barcelona,21.286789869952088,1123,27,0.0801424755120213,2500000.0,14.73180128983843,-0.5881417348572349,0.6792127611589198,1,0.0,4607176.123382487,1.842870449352995,0.6317275963779236
890290,Dean Huijsen,2024,Defender,England - Premier League,AFC Bournemouth,19.7180013689254,2422,32,0.1857968620974401,60000000.0,17.909855120186375,0.8117551112333288,0.0658125011741381,0,2037.0,25147719.414278086,0.41912865690463474,0.11422347345217052
890721,Myles Lewis-Skelly,2024,Defender,England - Premier League,Arsenal FC,18.26694045174538,1371,23,0.0656455142231947,45000000.0,17.622173047734595,1.483683656716745,0.15516740980554242,1,698.0,10137107.416273363,0.2252690536949636,0.14532666778888284
892221,Hugo Sotelo,2024,Midfield,Spain - LaLiga,Celta de Vigo,21.037645448323065,1256,24,0.0,4000000.0,15.201804919084164,-0.16378513233088787,0.5046363924864562,0,1342.0,4815944.065093064,1.2039860162732658,0.49864283710595403
892929,Hugo Álvarez,2024,Attack,Spain - LaLiga,Celta de Vigo,21.50308008213552,1570,26,0.4012738853503185,7500000.0,15.83041357850654,-0.23647407110994845,0.3270312257535558,0,1337.0,9466230.562481267,1.2621640749975023,0.27726544481778154
893675,Amir Richardson,2024,Midfield,Italy - Serie A,ACF Fiorentina,22.937713894592743,1091,27,0.1649862511457378,8500000.0,15.955576721460544,0.711130208854418,0.3793464396643202,1,40.0,4281179.254545378,0.5036681475935738,0.49903643717469415
894914,Antonio Nusa,2024,Attack,Germany - Bundesliga,RB Leipzig,19.709787816564,1556,25,0.4048843187660668,28000000.0,17.14771506813948,0.7331746155990979,0.14335511758300043,0,2040.0,13187809.459371932,0.470993194977569,0.1538313342078891
895334,Yarek Gasiorowski,2024,Defender,Spain - LaLiga,Valencia CF,19.969883641341543,946,15,0.0,7500000.0,15.83041357850654,0.9741696448377799,0.3600629328375116,1,0.0,2930248.4221882713,0.3906997896251028,0.4649655026689488
900909,Paul Wanner,2024,Midfield,Germany - Bundesliga,1. Fußballclub Heidenheim 1846,19.025325119780973,1779,29,0.2529510961214165,18000000.0,16.70588231586044,-0.1449937575851652,0.1592507723353238,1,0.0,19931262.61276513,1.1072923673758406,0.20881276629148318
901019,Neil El Aynaoui,2024,Midfield,France - Ligue 1,RC Lens,23.50171115674196,1587,24,0.5103969754253308,15000000.0,16.523560759066484,0.37649627658863993,0.16399423054612502,0,991.0,10220510.274557272,0.6813673516371515,0.19401160468871495
904662,Louis Mouton,2024,Midfield,France - Ligue 1,AS Saint-Étienne,22.581793292265573,1043,24,0.0862895493767977,700000.0,13.458835614025542,-1.4795867209010942,0.8240676588876211,0,1905.0,3175925.689394573,4.537036699135105,0.760217621719132
905997,Pablo Durán,2024,Attack,Spain - LaLiga,Celta de Vigo,23.60574948665298,1394,27,0.5164992826398852,3500000.0,15.068273526459642,-0.842139431631181,0.5081784842995308,0,1425.0,8147898.601762818,2.327971029075091,0.443024162580245
906160,Saba Goglichidze,2024,Defender,Italy - Serie A,FC Empoli,20.52019164955509,2547,33,0.0353356890459364,8000000.0,15.89495209964411,-0.1712045912796012,0.15627040879783521,1,422.0,9459611.21912584,1.1824514023907302,0.34558334255170264
907813,Pablo Marín,2024,Midfield,Spain - LaLiga,Real Sociedad,21.50034223134839,1236,23,0.2184466019417476,8000000.0,15.89495209964411,0.3240698566681668,0.34141929724290354,0,1494.0,5875196.5518964855,0.7343995689870607,0.42257524506212807
910905,Mamadou Sarr,2024,Defender,France - Ligue 1,RC Strasbourg Alsace,19.342915811088297,2368,27,0.0380067567567567,20000000.0,16.811242831518264,0.7355346629222863,0.08434848094647363,0,1406.0,9546465.113669276,0.4773232556834638,0.13693898153439835
912902,Guillaume Restes,2024,Goalkeeper,France - Ligue 1,FC Toulouse,19.811088295687885,2545,29,0.0353634577603143,20000000.0,16.811242831518264,0.3268573692998329,0.09034191223300732,0,2940.0,14092395.30198836,0.7046197650994179,0.09915117669672105
914562,Désiré Doué,2024,Attack,France - Ligue 1,Paris Saint-Germain,19.581108829568787,1732,31,0.7274826789838338,90000000.0,18.31532022829454,0.9303582657209455,0.057059405627304986,0,1356.0,32889832.044564318,0.36544257827293686,0.105843283215596
916920,Shavy Babicka,2024,Attack,France - Ligue 1,FC Toulouse,24.58590006844627,1177,30,0.4587935429056924,2500000.0,14.73180128983843,-0.27214001575716074,0.6182036401166898,1,0.0,3386145.143341467,1.3544580573365868,0.6020619880920554
917375,Antoine Hainaut,2024,Defender,Italy - Serie A,Parma Calcio 1913,22.869267624914443,1198,25,0.1502504173622704,1000000.0,13.815510557964274,-1.295244682738978,0.7295168608450001,1,0.0,3758414.4319366855,3.7584144319366857,0.740467334815227
918969,Lamine Camara,2024,Midfield,France - Ligue 1,AS Monaco,21.00205338809035,2065,29,0.3922518159806296,22000000.0,16.90655301132259,-0.12199285524967651,0.09687431687507883,0,1851.0,23558149.60743039,1.0708249821559268,0.1432418967084375
922693,Archie Gray,2024,Midfield,England - Premier League,Tottenham Hotspur,18.80903490759753,1744,28,0.0,38000000.0,17.45309671769066,0.5773879858000348,0.18565809830842964,0,1480.0,20403169.64256404,0.53692551690958,0.19916177118611725
923759,Valentin Atangana,2024,Midfield,France - Ligue 1,Stade Reims,19.353867214236825,2867,34,0.031391698639693,10000000.0,16.11809565095832,0.03242741043464603,0.10669759840350848,1,0.0,9637866.332867034,0.9637866332867033,0.11212002183342573
923831,Leny Yoro,2024,Defender,England - Premier League,Manchester United,19.134839151266256,1164,21,0.0,55000000.0,17.822843743196746,1.1675513012663714,0.14801901467937648,0,1739.0,16570022.498152412,0.3012731363300439,0.20558258993043155
923832,Nathan Zézé,2024,Defender,France - Ligue 1,FC Nantes,19.540041067761805,1513,18,0.0,15000000.0,16.523560759066484,0.6471823461789219,0.19843806968610297,1,0.0,7885919.635001633,0.5257279756667755,0.1800082653885781
926694,Arthur Vermeeren,2024,Midfield,Germany - Bundesliga,RB Leipzig,19.89869952087611,1576,28,0.1142131979695431,22000000.0,16.90655301132259,0.8972102398750579,0.16294264838990527,1,823.0,8958757.098011972,0.4072162317278169,0.15037526918741875
926952,Patrick Dorgu,2024,Attack,Italy - Serie A,US Lecce,20.18343600273785,2685,33,0.1340782122905028,25000000.0,17.034386382832476,0.25178589318424693,0.09510214842444611,0,1445.0,18688224.846400622,0.7475289938560249,0.11970559369130532
931160,Djaoui Cissé,2024,Midfield,France - Ligue 1,Stade Rennais FC,20.919917864476385,1130,14,0.079646017699115,8000000.0,15.89495209964411,0.8105197310512402,0.33541925167699244,0,982.0,3663114.4466233863,0.4578893058279233,0.3807862430589115
931838,Hugo Larsson,2024,Midfield,Germany - Bundesliga,Eintracht Frankfurt,20.51471594798084,2403,33,0.149812734082397,40000000.0,17.50439001207821,0.7013042050140466,0.06248186294088622,0,1820.0,19052983.27541098,0.4763245818852745,0.10222487307655155
935245,Raúl Asencio,2024,Defender,Spain - LaLiga,Real Madrid,21.883641341546884,1673,23,0.0537955768081291,40000000.0,17.50439001207821,1.895364093648051,0.09293028272371825,0,1708.0,6095727.790634437,0.15239319476586094,0.11487331261818576
937941,Thierno Barry,2024,Attack,Spain - LaLiga,Villarreal CF,22.19849418206708,2325,35,0.5806451612903226,20000000.0,16.811242831518264,-0.004221168413889753,0.11047469580203445,0,1915.0,19276758.696077727,0.9638379348038864,0.10274615646377917
937958,Lamine Yamal,2024,Attack,Spain - LaLiga,FC Barcelona,17.472963723477072,2864,35,0.7541899441340782,200000000.0,19.11382792451231,0.9729486446626883,0.009036317681563173,0,2270.0,66261913.61122214,0.3313095680561107,0.06948243300821584
938729,Mikel Jauregizar,2024,Midfield,Spain - LaLiga,Athletic Bilbao,21.136208076659823,2243,34,0.1604993312527864,30000000.0,17.216707939626428,0.8243584828814932,0.08857690964885667,0,2843.0,12912501.215067726,0.43041670716892416,0.10413277554108559
939964,Jean-Mattéo Bahoya,2024,Attack,Germany - Bundesliga,Eintracht Frankfurt,19.65503080082136,919,24,0.4896626768226333,17000000.0,16.64872390202049,1.0633883526121042,0.26004735755454206,0,1330.0,5957824.648600253,0.3504602734470737,0.28528533000873985
943837,Vitor Roque,2024,Attack,Spain - LaLiga,Real Betis Balompié,19.84120465434634,1237,22,0.4365400161681487,20000000.0,16.811242831518264,1.053904570274057,0.19550011232802308,1,0.0,7032897.234212566,0.3516448617106283,0.28025541883287497
948273,Mario Martín,2024,Midfield,Spain - LaLiga,Real Valladolid CF,20.826830937713893,1750,30,0.0514285714285714,1500000.0,14.22097566607244,-1.320489381827349,0.5836512606743265,0,2135.0,5710472.932261313,3.8069819548408756,0.44610866233147967
948294,Nico Paz,2024,Midfield,Italy - Serie A,Como 1907,20.314852840520192,2695,35,0.5009276437847867,35000000.0,17.37085861945369,0.09757574009471925,0.044944902976242755,0,2886.0,29631709.151162516,0.8466202614617861,0.0907536650607967
951579,Saël Kumbedi,2024,Defender,France - Ligue 1,Olympique Lyon,19.770020533880903,956,14,0.0,7000000.0,15.761420707019589,0.6625360306324133,0.39980586010090574,0,1873.0,3715141.155869343,0.5307344508384776,0.4733664258771973
953901,Santiago Mouriño,2024,Defender,Spain - LaLiga,Deportivo Alavés,22.882956878850106,1848,25,0.0487012987012987,3000000.0,14.914122846632385,-0.5087238149189055,0.4036222595034818,0,2384.0,5090940.947997142,1.6969803159990473,0.3947397407511757
955070,Ernest Nuamah,2024,Attack,France - Ligue 1,Olympique Lyon,21.169062286105408,1054,23,0.3415559772296015,15000000.0,16.523560759066484,0.6773713246647883,0.279252505058443,1,32.0,7660458.740299683,0.5106972493533122,0.32197895276578553
955281,Nhoa Sangui,2024,Defender,France - Ligue 1,Stade Reims,18.84462696783025,1148,26,0.156794425087108,2500000.0,14.73180128983843,-0.41951077902699074,0.5270550325987133,0,1734.0,3910017.439518927,1.5640069758075708,0.4940756019504476
961022,Benja Domínguez,2024,Attack,Italy - Serie A,Bologna Football Club 1909,21.286789869952088,1287,24,0.3496503496503496,15000000.0,16.523560759066484,0.5692208989832643,0.277993124809694,1,542.0,8498654.017338704,0.566576934489247,0.3422307154762449
962110,Pau Cubarsí,2024,Defender,Spain - LaLiga,FC Barcelona,17.94387405886379,2621,35,0.1030141167493323,80000000.0,18.197537192638155,1.5454783849258966,0.02591505905755018,0,2706.0,16519405.429200301,0.20649256786500375,0.08972652464654608
962555,Abakar Sylla,2024,Defender,France - Ligue 1,RC Strasbourg Alsace,22.02053388090349,945,21,0.0952380952380952,10000000.0,16.11809565095832,0.5698760311640796,0.3388654689203435,1,65.0,5747890.903909909,0.5747890903909909,0.37383824765364876
973085,Carlos Baleba,2024,Midfield,England - Premier League,Brighton & Hove Albion,20.996577686516083,2673,34,0.1346801346801346,40000000.0,17.50439001207821,0.5516659460824782,0.09322666661022237,0,1662.0,21937435.559773814,0.5484358889943454,0.1144228662398634
982855,Reda Belahyane,2024,Midfield,Italy - Serie A,Hellas Verona,20.58590006844627,1851,28,0.0972447325769854,10000000.0,16.11809565095832,0.41889842082254747,0.21838026946442354,1,605.0,6649797.92019995,0.664979792019995,0.23644929528667047
983989,Facundo Buonanotte,2024,Midfield,England - Premier League,Leicester City,20.024640657084188,1514,31,0.416116248348745,20000000.0,16.811242831518264,-0.058939999529149745,0.2486090878530812,1,81.0,20297220.37313564,1.0148610186567821,0.2083142240351368
1004301,Jérémy Jacquet,2024,Defender,France - Ligue 1,Stade Rennais FC,19.471594798083505,929,11,0.0968783638320775,10000000.0,16.11809565095832,1.2621848326670726,0.2761353398115,0,1673.0,2929291.4492266946,0.29292914492266947,0.31031043064139646
1005240,Christian Mawissa,2024,Defender,France - Ligue 1,AS Monaco,19.707049965776864,1502,22,0.0,15000000.0,16.523560759066484,0.7150044592125568,0.2134560319859749,0,1191.0,7388227.886790215,0.4925485257860143,0.18327890409186506
1005649,Murillo,2024,Defender,England - Premier League,Nottingham Forest,22.49691991786448,3191,36,0.05640864932623,55000000.0,17.822843743196746,0.6943317267547531,0.04226838010226797,0,2133.0,25875334.737754624,0.47046063159553864,0.06785871297335037
1006411,Jaydee Canvot,2024,Defender,France - Ligue 1,FC Toulouse,18.428473648186174,1105,18,0.0,4000000.0,15.201804919084164,0.1267311864210332,0.44396813913287203,0,1514.0,3629805.6285155336,0.9074514071288834,0.4962506480638048
1011200,Junior Mwanga,2024,Midfield,France - Ligue 1,Le Havre AC,21.6454483230664,1245,19,0.216867469879518,6000000.0,15.60727002719233,-0.09754542974702307,0.3716765222440212,0,1642.0,6685906.605464274,1.114317767577379,0.4657784673527765
1012534,Yankuba Minteh,2024,Attack,England - Premier League,Brighton & Hove Albion,20.44626967830253,1844,32,0.4880694143167028,30000000.0,17.216707939626428,0.19006776201631204,0.19295915362233695,0,2401.0,23516013.21311999,0.7838671071039996,0.1571016209327103
1016015,Ngal'ayel Mukau,2024,Midfield,France - Ligue 1,LOSC Lille,20.1615331964408,1193,22,0.0754400670578373,15000000.0,16.523560759066484,1.429071389019072,0.24253782803444526,0,1540.0,3699242.4560636515,0.24661616373757678,0.22168635772340498
1018938,Jon Martín,2024,Defender,Spain - LaLiga,Real Sociedad,18.694045174537987,900,13,0.1,8000000.0,15.89495209964411,0.7582920481950093,0.3225309248431232,0,2250.0,3854569.2220087224,0.4818211527510903,0.41170924520433316
1028162,Antoine Joujou,2024,Attack,France - Ligue 1,Le Havre AC,21.80971937029432,933,26,0.1929260450160771,2000000.0,14.50865773852422,-0.44941881789253824,0.7267326314098714,1,0.0,3237607.5835169647,1.6188037917584823,0.6485640885936542
1033005,Coba da Costa,2024,Attack,Spain - LaLiga,Getafe CF,22.43668720054757,1008,19,0.1785714285714285,3000000.0,14.914122846632385,-0.1619698839018242,0.6260358501496537,1,339.0,3633417.962361735,1.211139320787245,0.5695608988948759
1061282,Assane Diao,2024,Attack,Italy - Serie A,Como 1907,19.318275154004105,1531,25,0.7054212932723709,30000000.0,17.216707939626428,0.21186455640670498,0.11633331987452651,0,1084.0,23039289.371472914,0.7679763123824305,0.13813785592619257
1061336,Pau Navarro,2024,Defender,Spain - LaLiga,Villarreal CF,19.68788501026694,917,17,0.0,3000000.0,14.914122846632385,-0.13423427391686493,0.5586027841072223,0,1924.0,3536340.2615742492,1.1787800871914165,0.6018116792644881
1068110,Rabby Nzingoula,2024,Midfield,France - Ligue 1,Montpellier HSC,19.10198494182067,1695,27,0.0530973451327433,2500000.0,14.73180128983843,-1.0740428000080628,0.4819859299672035,1,49.0,7368978.511852597,2.9475914047410385,0.4264809267104696
1071956,Emmanuel Biumla,2024,Defender,France - Ligue 1,Angers SCO,19.652292950034223,1334,17,0.0674662668665667,4000000.0,15.201804919084164,-0.3407227105137567,0.4112072981551185,1,383.0,5716343.412956711,1.4290858532391777,0.4106578567864816
1076815,Javi Rodríguez,2024,Defender,Spain - LaLiga,Celta de Vigo,21.516769336071185,2513,36,0.1790688420214882,15000000.0,16.523560759066484,0.24696721289751933,0.10324834710199154,0,2561.0,11565187.419783955,0.7710124946522637,0.13104500152956716
1086619,Giovanni Leoni,2024,Defender,Italy - Serie A,Parma Calcio 1913,18.031485284052017,1205,17,0.0746887966804979,18000000.0,16.70588231586044,1.4634893782151086,0.16668459654416906,1,0.0,4272635.052889256,0.2373686140494031,0.21875350902949903
1089202,Moïse Bombito,2024,Defender,France - Ligue 1,OGC Nice,24.7583846680356,2195,27,0.0,10000000.0,16.11809565095832,0.9151646033197287,0.1773731914533175,1,146.0,4111653.9050729326,0.4111653905072933,0.19832630154300743
1097139,Ayyoub Bouaddi,2024,Midfield,France - Ligue 1,LOSC Lille,17.251197809719372,1149,24,0.0783289817232375,28000000.0,17.14771506813948,1.7623918123487283,0.15531399787430827,0,2328.0,4909036.415990864,0.17532272914253086,0.16770609324772165
1121298,Juma Bah,2024,Defender,Spain - LaLiga,Real Valladolid CF,18.72689938398357,1549,22,0.0,6000000.0,15.60727002719233,0.280492677062274,0.29002755549791676,0,1954.0,4637859.322130041,0.7729765536883402,0.4077795199210664
1124005,Christantus Uche,2024,Attack,Spain - LaLiga,Getafe CF,21.623545516769337,2504,33,0.3594249201277955,15000000.0,16.523560759066484,-0.08781092107844257,0.12640683348359066,1,429.0,15895317.198360765,1.059687813224051,0.15977523647058234
1178474,Amadou Koné,2024,Midfield,France - Ligue 1,Stade Reims,19.63586584531143,1301,24,0.0,4000000.0,15.201804919084164,0.17425327185248118,0.4601007343761691,1,0.0,3465190.250334624,0.8662975625836561,0.39415496241333764
1190411,Jesús Rodríguez,2024,Attack,Spain - LaLiga,Real Betis Balompié,19.1129363449692,1120,21,0.2410714285714285,30000000.0,17.216707939626428,1.932533473704606,0.170845660188974,0,1735.0,4449804.522750025,0.1483268174250008,0.18370036805900986
