player_id,positive_drivers,negative_drivers
12282,league minutes (+0.160); 3-season average minutes (+0.122); league context (+0.105); minutes last season (+0.094); disciplinary record (+0.065),age (-1.938); goal contributions per 90 (-0.182); height (-0.152); minutes consistency (-0.085); goals per 90 (-0.063)
14086,league context (+0.352); seasons of top-5 history (+0.282); minutes last season (+0.063); position: Defender (+0.031); gap since last season (+0.025),age (-2.266); minutes per appearance (-0.070); 3-season average output (-0.048); position: Midfield (-0.044); change in assists/90 (-0.037)
15452,seasons of top-5 history (+0.372); height (+0.129); league context (+0.081); 3-season average minutes (+0.079); minutes last season (+0.056),age (-2.061); goal contributions per 90 (-0.203); league minutes (-0.172); 3-season average output (-0.074); goals per 90 (-0.049)
16136,seasons of top-5 history (+0.391); 3-season average minutes (+0.094); height (+0.077); minutes last season (+0.062); club squad rotation (+0.034),age (-2.215); goal contributions per 90 (-0.188); league context (-0.179); 3-season average output (-0.047); goals per 90 (-0.045)
16306,league context (+0.391); seasons of top-5 history (+0.216); 3-season average minutes (+0.077); position: Midfield (+0.071); minutes last season (+0.030),age (-1.179); goal contributions per 90 (-0.203); league minutes (-0.182); minutes per appearance (-0.060); height (-0.055)
17259,seasons of top-5 history (+0.336); height (+0.207); disciplinary record (+0.074); minutes last season (+0.057); club squad rotation (+0.043),age (-2.083); goal contributions per 90 (-0.145); league context (-0.114); minutes consistency (-0.072); goals per 90 (-0.057)
23951,seasons of top-5 history (+0.479); 3-season average minutes (+0.105); club squad rotation (+0.098); minutes last season (+0.073); disciplinary record (+0.071),age (-2.144); goal contributions per 90 (-0.182); league minutes (-0.097); league context (-0.081); goals per 90 (-0.054)
27992,seasons of top-5 history (+0.372); league context (+0.158); position: Midfield (+0.110); 3-season average output (+0.110); assists per 90 (+0.109),age (-2.208); minutes per appearance (-0.099); position: Defender (-0.020); disciplinary record (-0.009); contributions/90 last season (-0.005)
29692,seasons of top-5 history (+0.282); league context (+0.273); 3-season average minutes (+0.109); height (+0.103); minutes last season (+0.096),age (-2.150); gap since last season (-0.238); goal contributions per 90 (-0.195); league minutes (-0.175); goals per 90 (-0.082)
32113,seasons of top-5 history (+0.253); league minutes (+0.170); 3-season average minutes (+0.069); position: Defender (+0.028); gap since last season (+0.020),age (-1.159); goal contributions per 90 (-0.223); club squad rotation (-0.083); 3-season average output (-0.074); disciplinary record (-0.066)
33571,seasons of top-5 history (+0.384); 3-season average minutes (+0.093); minutes last season (+0.048); position: Defender (+0.039); height (+0.036),age (-2.015); gap since last season (-0.250); league minutes (-0.181); goal contributions per 90 (-0.138); minutes per appearance (-0.087)
38253,goal contributions per 90 (+0.975); 3-season average output (+0.371); seasons of top-5 history (+0.290); goals per 90 (+0.212); contributions/90 last season (+0.180),age (-2.063); position: Midfield (-0.031); assists per 90 (-0.030); position: Defender (-0.028); goals/90 last season (-0.020)
39728,seasons of top-5 history (+0.351); height (+0.134); position: Defender (+0.037); goals/90 last season (+0.036); 3-season average minutes (+0.033),age (-1.804); league minutes (-0.375); goal contributions per 90 (-0.167); league context (-0.122); minutes per appearance (-0.061)
40633,seasons of top-5 history (+0.361); 3-season average minutes (+0.112); minutes last season (+0.081); position: Midfield (+0.067); goals per 90 (+0.023),age (-1.938); goal contributions per 90 (-0.149); league minutes (-0.127); league context (-0.075); minutes per appearance (-0.074)
42205,seasons of top-5 history (+0.277); league minutes (+0.189); disciplinary record (+0.106); 3-season average minutes (+0.095); minutes last season (+0.093),age (-2.203); goal contributions per 90 (-0.175); height (-0.117); goals per 90 (-0.071); 3-season average output (-0.049)
43824,league minutes (+0.240); height (+0.146); disciplinary record (+0.109); minutes last season (+0.104); minutes per appearance (+0.098),age (-1.396); league context (-0.201); goal contributions per 90 (-0.148); goals per 90 (-0.053); 3-season average minutes (-0.040)
44058,seasons of top-5 history (+0.339); height (+0.210); minutes last season (+0.157); league context (+0.150); 3-season average minutes (+0.148),age (-1.667); league minutes (-0.206); goal contributions per 90 (-0.172); goals per 90 (-0.071); 3-season average output (-0.056)
45403,seasons of top-5 history (+0.136); 3-season average output (+0.072); club squad rotation (+0.037); goals per 90 (+0.030); change in goals/90 (+0.025),age (-1.689); league context (-0.154); league minutes (-0.131); minutes per appearance (-0.098); minutes last season (-0.062)
45672,seasons of top-5 history (+0.216); league minutes (+0.115); height (+0.115); disciplinary record (+0.113); 3-season average minutes (+0.104),age (-1.692); league context (-0.167); goal contributions per 90 (-0.144); goals per 90 (-0.073); 3-season average output (-0.035)
46413,goal contributions per 90 (+0.668); league minutes (+0.178); league context (+0.155); seasons of top-5 history (+0.109); contributions/90 last season (+0.081),age (-1.382); position: Midfield (-0.049); position: Defender (-0.041); change in minutes (-0.015); assists per 90 (-0.014)
46580,goal contributions per 90 (+0.430); seasons of top-5 history (+0.158); minutes per appearance (+0.152); contributions/90 last season (+0.139); 3-season average output (+0.130),age (-1.622); league context (-0.290); club squad rotation (-0.072); height (-0.061); position: Midfield (-0.032)
48015,seasons of top-5 history (+0.178); height (+0.159); league minutes (+0.138); minutes last season (+0.121); disciplinary record (+0.108),age (-1.740); league context (-0.173); goal contributions per 90 (-0.141); goals per 90 (-0.068); 3-season average output (-0.034)
51471,league context (+0.405); seasons of top-5 history (+0.249); position: Midfield (+0.136); league minutes (+0.113); goal contributions per 90 (+0.080),age (-0.423); height (-0.076); 3-season average minutes (-0.042); minutes last season (-0.029); change in minutes (-0.022)
53622,league context (+0.351); seasons of top-5 history (+0.209); minutes last season (+0.111); league minutes (+0.106); 3-season average output (+0.103),age (-1.595); minutes per appearance (-0.077); height (-0.064); minutes consistency (-0.020); position: Defender (-0.019)
54906,seasons of top-5 history (+0.292); minutes last season (+0.087); club squad rotation (+0.067); league context (+0.058); position: Defender (+0.053),age (-1.928); minutes per appearance (-0.106); height (-0.083); goal contributions per 90 (-0.040); league minutes (-0.037)
55089,seasons of top-5 history (+0.294); 3-season average minutes (+0.112); league minutes (+0.109); minutes last season (+0.106); disciplinary record (+0.093),age (-1.662); league context (-0.226); goal contributions per 90 (-0.140); club squad rotation (-0.105); goals per 90 (-0.079)
55508,3-season average minutes (+0.082); position: Midfield (+0.077); 3-season average output (+0.047); change in goals/90 (+0.031); seasons of top-5 history (+0.029),age (-1.498); gap since last season (-0.249); league minutes (-0.168); league context (-0.150); minutes per appearance (-0.130)
55735,seasons of top-5 history (+0.278); league minutes (+0.100); minutes last season (+0.092); 3-season average minutes (+0.089); league context (+0.083),age (-2.199); height (-0.058); goals per 90 (-0.035); goal contributions per 90 (-0.023); position: Defender (-0.017)
55769,seasons of top-5 history (+0.361); 3-season average output (+0.104); output consistency (+0.056); position: Defender (+0.041); gap since last season (+0.014),age (-1.804); league minutes (-0.199); goal contributions per 90 (-0.158); height (-0.067); 3-season average minutes (-0.066)
57071,seasons of top-5 history (+0.288); height (+0.194); league minutes (+0.126); disciplinary record (+0.121); minutes per appearance (+0.102),age (-1.587); goal contributions per 90 (-0.144); league context (-0.130); minutes consistency (-0.126); goals per 90 (-0.059)
58358,3-season average output (+0.311); seasons of top-5 history (+0.290); contributions/90 last season (+0.164); assists/90 last season (+0.128); assists per 90 (+0.060),age (-1.674); league context (-0.278); minutes per appearance (-0.228); league minutes (-0.135); position: Midfield (-0.049)
58995,disciplinary record (+0.139); 3-season average minutes (+0.117); minutes last season (+0.117); club squad rotation (+0.108); height (+0.059),age (-1.239); league context (-0.185); goal contributions per 90 (-0.147); goals per 90 (-0.072); minutes per appearance (-0.056)
59323,goal contributions per 90 (+1.040); 3-season average output (+0.247); goals per 90 (+0.162); contributions/90 last season (+0.152); league context (+0.122),age (-2.134); minutes per appearance (-0.243); league minutes (-0.188); gap since last season (-0.173); minutes consistency (-0.067)
59377,league minutes (+0.293); seasons of top-5 history (+0.263); 3-season average minutes (+0.138); height (+0.137); disciplinary record (+0.136),age (-1.576); gap since last season (-0.224); goal contributions per 90 (-0.150); club squad rotation (-0.071); goals per 90 (-0.065)
59561,seasons of top-5 history (+0.389); league context (+0.149); 3-season average minutes (+0.128); league minutes (+0.099); minutes last season (+0.086),age (-2.114); height (-0.084); minutes per appearance (-0.080); club squad rotation (-0.042); goal contributions per 90 (-0.040)
60543,minutes per appearance (+0.075); height (+0.064); club squad rotation (+0.027); minutes consistency (+0.022); gap since last season (+0.022),age (-1.179); goal contributions per 90 (-0.212); league context (-0.203); league minutes (-0.175); minutes last season (-0.064)
60561,seasons of top-5 history (+0.265); 3-season average minutes (+0.137); minutes last season (+0.085); minutes per appearance (+0.073); club squad rotation (+0.068),age (-1.428); league context (-0.213); goal contributions per 90 (-0.208); league minutes (-0.133); goals per 90 (-0.069)
61812,seasons of top-5 history (+0.375); league context (+0.158); 3-season average output (+0.124); league minutes (+0.068); position: Defender (+0.051),age (-1.754); goal contributions per 90 (-0.148); height (-0.117); minutes consistency (-0.061); minutes per appearance (-0.058)
61841,league context (+0.364); seasons of top-5 history (+0.239); minutes last season (+0.077); 3-season average minutes (+0.060); club squad rotation (+0.030),age (-1.451); goal contributions per 90 (-0.230); league minutes (-0.169); 3-season average output (-0.074); height (-0.062)
62351,seasons of top-5 history (+0.104); position: Defender (+0.028); 3-season average minutes (+0.027); club squad rotation (+0.024); minutes per appearance (+0.017),age (-1.742); goal contributions per 90 (-0.224); gap since last season (-0.163); league context (-0.161); league minutes (-0.096)
64399,seasons of top-5 history (+0.389); league minutes (+0.222); height (+0.183); league context (+0.166); disciplinary record (+0.108),age (-2.394); goal contributions per 90 (-0.146); goals per 90 (-0.053); 3-season average output (-0.051); position: Midfield (-0.029)
65278,goal contributions per 90 (+0.887); seasons of top-5 history (+0.275); goals per 90 (+0.157); 3-season average output (+0.079); height (+0.045),age (-1.909); minutes per appearance (-0.227); gap since last season (-0.204); league minutes (-0.196); position: Midfield (-0.046)
66100,seasons of top-5 history (+0.230); position: Midfield (+0.085); 3-season average minutes (+0.080); league context (+0.056); club squad rotation (+0.022),age (-1.262); league minutes (-0.213); goal contributions per 90 (-0.197); minutes consistency (-0.106); height (-0.083)
67063,goal contributions per 90 (+0.376); league context (+0.350); seasons of top-5 history (+0.210); league minutes (+0.101); 3-season average output (+0.078),age (-1.696); position: Midfield (-0.054); position: Defender (-0.052); minutes per appearance (-0.048); height (-0.035)
67556,height (+0.184); minutes last season (+0.082); 3-season average output (+0.039); goals per 90 (+0.025); 3-season average minutes (+0.025),age (-1.809); minutes per appearance (-0.122); league minutes (-0.112); club squad rotation (-0.107); minutes consistency (-0.076)
69633,league context (+0.448); seasons of top-5 history (+0.207); position: Midfield (+0.093); 3-season average output (+0.049); gap since last season (+0.026),age (-0.981); league minutes (-0.249); minutes per appearance (-0.093); 3-season average minutes (-0.058); height (-0.054)
71271,height (+0.100); minutes per appearance (+0.066); 3-season average minutes (+0.041); disciplinary record (+0.022); league context (+0.021),age (-2.072); gap since last season (-0.293); goal contributions per 90 (-0.190); club squad rotation (-0.170); goals per 90 (-0.055)
72047,goal contributions per 90 (+0.803); seasons of top-5 history (+0.368); 3-season average output (+0.189); league context (+0.143); assists per 90 (+0.092),age (-2.051); minutes per appearance (-0.079); height (-0.042); position: Defender (-0.038); position: Midfield (-0.038)
72476,league context (+0.333); league minutes (+0.321); height (+0.164); 3-season average minutes (+0.136); minutes last season (+0.126),age (-1.131); goal contributions per 90 (-0.167); goals per 90 (-0.051); 3-season average output (-0.047); position: Midfield (-0.031)
73517,league minutes (+0.158); height (+0.143); minutes per appearance (+0.080); minutes last season (+0.076); disciplinary record (+0.057),age (-1.404); club squad rotation (-0.260); goal contributions per 90 (-0.167); minutes consistency (-0.084); goals per 90 (-0.057)
74229,league context (+0.171); 3-season average minutes (+0.109); club squad rotation (+0.106); seasons of top-5 history (+0.103); position: Midfield (+0.092),age (-1.242); goal contributions per 90 (-0.138); height (-0.093); minutes per appearance (-0.083); assists per 90 (-0.053)
74294,seasons of top-5 history (+0.234); league minutes (+0.145); position: Midfield (+0.085); height (+0.035); gap since last season (+0.023),age (-1.245); club squad rotation (-0.189); goal contributions per 90 (-0.182); minutes consistency (-0.106); assists per 90 (-0.037)
74683,seasons of top-5 history (+0.406); height (+0.234); minutes last season (+0.067); disciplinary record (+0.066); position: Midfield (+0.066),age (-1.959); league context (-0.185); goal contributions per 90 (-0.149); goals per 90 (-0.039); contributions/90 last season (-0.027)
74842,seasons of top-5 history (+0.118); 3-season average minutes (+0.086); position: Midfield (+0.080); minutes last season (+0.068); disciplinary record (+0.049),age (-1.102); league context (-0.269); league minutes (-0.162); minutes per appearance (-0.067); height (-0.044)
74960,league context (+0.318); seasons of top-5 history (+0.235); height (+0.126); disciplinary record (+0.093); minutes per appearance (+0.078),age (-1.868); league minutes (-0.349); goal contributions per 90 (-0.187); goals per 90 (-0.064); appearances (-0.053)
75921,seasons of top-5 history (+0.297); height (+0.131); club squad rotation (+0.060); 3-season average output (+0.052); position: Defender (+0.045),age (-2.018); league context (-0.151); goal contributions per 90 (-0.062); minutes per appearance (-0.052); position: Midfield (-0.030)
76467,seasons of top-5 history (+0.271); league minutes (+0.125); league context (+0.077); position: Defender (+0.025); output consistency (+0.024),age (-1.373); goal contributions per 90 (-0.262); height (-0.079); 3-season average output (-0.075); position: Midfield (-0.061)
80293,seasons of top-5 history (+0.139); position: Defender (+0.027); goals/90 last season (+0.021); gap since last season (+0.017); minutes consistency (+0.014),age (-1.257); league context (-0.330); goal contributions per 90 (-0.222); club squad rotation (-0.132); league minutes (-0.099)
80894,seasons of top-5 history (+0.217); 3-season average minutes (+0.150); league minutes (+0.136); disciplinary record (+0.132); minutes last season (+0.109),age (-1.407); goal contributions per 90 (-0.183); league context (-0.087); goals per 90 (-0.084); 3-season average output (-0.045)
81512,seasons of top-5 history (+0.125); disciplinary record (+0.112); position: Defender (+0.052); goals per 90 (+0.048); height (+0.018),age (-1.345); gap since last season (-0.303); league minutes (-0.202); club squad rotation (-0.090); goal contributions per 90 (-0.072)
82350,seasons of top-5 history (+0.139); height (+0.103); minutes last season (+0.071); 3-season average minutes (+0.067); minutes per appearance (+0.035),age (-1.350); league minutes (-0.210); gap since last season (-0.180); goal contributions per 90 (-0.166); league context (-0.119)
82873,seasons of top-5 history (+0.167); 3-season average minutes (+0.116); goal contributions per 90 (+0.115); assists per 90 (+0.110); league minutes (+0.108),age (-1.500); league context (-0.266); height (-0.070); goals per 90 (-0.062); minutes consistency (-0.060)
84301,seasons of top-5 history (+0.178); league minutes (+0.123); 3-season average minutes (+0.106); minutes last season (+0.085); minutes per appearance (+0.075),age (-1.592); league context (-0.387); club squad rotation (-0.121); height (-0.106); goal contributions per 90 (-0.098)
84435,seasons of top-5 history (+0.196); height (+0.128); 3-season average minutes (+0.091); minutes last season (+0.088); position: Defender (+0.033),age (-1.324); league minutes (-0.226); league context (-0.206); goal contributions per 90 (-0.170); 3-season average output (-0.054)
84938,seasons of top-5 history (+0.188); 3-season average minutes (+0.112); minutes per appearance (+0.037); height (+0.032); foot: left (+0.010),age (-0.900); gap since last season (-0.336); league minutes (-0.282); league context (-0.218); goal contributions per 90 (-0.193)
85288,goal contributions per 90 (+0.922); assists per 90 (+0.195); seasons of top-5 history (+0.190); position: Midfield (+0.110); minutes last season (+0.053),age (-1.221); club squad rotation (-0.142); league minutes (-0.112); minutes consistency (-0.095); 3-season average minutes (-0.038)
85295,3-season average minutes (+0.171); seasons of top-5 history (+0.124); league context (+0.098); minutes last season (+0.090); gap since last season (+0.025),age (-1.071); league minutes (-0.264); goal contributions per 90 (-0.250); minutes per appearance (-0.085); 3-season average output (-0.075)
85393,3-season average output (+0.093); position: Midfield (+0.092); change in goals/90 (+0.038); contributions/90 last season (+0.037); output consistency (+0.027),age (-1.816); league minutes (-0.162); minutes per appearance (-0.130); league context (-0.067); 3-season average minutes (-0.061)
85906,seasons of top-5 history (+0.149); disciplinary record (+0.061); height (+0.047); minutes per appearance (+0.040); position: Defender (+0.036),age (-0.773); gap since last season (-0.222); goal contributions per 90 (-0.179); league context (-0.158); goals per 90 (-0.058)
85941,league context (+0.316); 3-season average minutes (+0.154); minutes last season (+0.107); minutes per appearance (+0.078); change in minutes (+0.050),age (-0.966); gap since last season (-0.470); league minutes (-0.245); goal contributions per 90 (-0.233); goals per 90 (-0.082)
86202,seasons of top-5 history (+0.258); 3-season average minutes (+0.170); height (+0.163); league context (+0.150); league minutes (+0.135),age (-0.794); goal contributions per 90 (-0.199); goals per 90 (-0.069); position: Midfield (-0.038); 3-season average output (-0.031)
86784,seasons of top-5 history (+0.304); 3-season average minutes (+0.129); disciplinary record (+0.107); minutes last season (+0.083); minutes consistency (+0.034),age (-0.900); league minutes (-0.235); goal contributions per 90 (-0.211); club squad rotation (-0.180); height (-0.115)
88755,goal contributions per 90 (+0.441); league context (+0.351); 3-season average output (+0.335); contributions/90 last season (+0.224); seasons of top-5 history (+0.182),age (-1.428); minutes per appearance (-0.063); minutes last season (-0.046); height (-0.045); league minutes (-0.040)
91059,goal contributions per 90 (+0.380); seasons of top-5 history (+0.161); assists per 90 (+0.068); minutes last season (+0.065); 3-season average minutes (+0.058),age (-1.138); gap since last season (-0.266); league context (-0.244); minutes per appearance (-0.101); club squad rotation (-0.072)
91845,goal contributions per 90 (+0.604); 3-season average output (+0.330); league context (+0.317); contributions/90 last season (+0.168); assists per 90 (+0.150),age (-1.080); club squad rotation (-0.048); minutes per appearance (-0.046); height (-0.044); position: Midfield (-0.031)
93604,seasons of top-5 history (+0.188); position: Defender (+0.049); goals per 90 (+0.033); 3-season average minutes (+0.029); gap since last season (+0.024),age (-1.079); league context (-0.254); height (-0.076); minutes per appearance (-0.069); disciplinary record (-0.048)
93707,seasons of top-5 history (+0.158); league minutes (+0.155); 3-season average minutes (+0.079); position: Defender (+0.064); minutes per appearance (+0.046),age (-0.924); league context (-0.316); minutes consistency (-0.080); height (-0.052); minutes last season (-0.044)
93720,goal contributions per 90 (+0.736); 3-season average output (+0.279); seasons of top-5 history (+0.201); contributions/90 last season (+0.161); 3-season average minutes (+0.073),age (-1.427); league context (-0.147); minutes per appearance (-0.055); position: Defender (-0.030); position: Midfield (-0.027)
93740,seasons of top-5 history (+0.195); league minutes (+0.129); minutes per appearance (+0.100); 3-season average minutes (+0.084); goals per 90 (+0.054),age (-1.056); league context (-0.234); minutes consistency (-0.073); disciplinary record (-0.049); 3-season average output (-0.040)
93844,seasons of top-5 history (+0.166); position: Midfield (+0.117); height (+0.083); club squad rotation (+0.047); gap since last season (+0.027),league context (-0.386); age (-0.356); league minutes (-0.296); minutes per appearance (-0.291); 3-season average minutes (-0.042)
93936,seasons of top-5 history (+0.382); league context (+0.125); league minutes (+0.124); goal contributions per 90 (+0.106); 3-season average output (+0.061),age (-1.744); 3-season average minutes (-0.058); position: Defender (-0.057); minutes last season (-0.048); minutes per appearance (-0.038)
94005,seasons of top-5 history (+0.298); minutes per appearance (+0.085); minutes last season (+0.081); 3-season average minutes (+0.044); change in goals/90 (+0.036),age (-0.708); club squad rotation (-0.211); goal contributions per 90 (-0.145); goals per 90 (-0.090); league context (-0.065)
94192,height (+0.148); minutes per appearance (+0.050); gap since last season (+0.030); minutes consistency (+0.016); appearances (+0.015),age (-0.631); league context (-0.228); goal contributions per 90 (-0.200); goals per 90 (-0.073); minutes last season (-0.070)
94308,league minutes (+0.304); league context (+0.203); seasons of top-5 history (+0.200); height (+0.149); disciplinary record (+0.131),age (-1.043); goal contributions per 90 (-0.168); minutes consistency (-0.122); 3-season average output (-0.050); goals per 90 (-0.044)
94529,goal contributions per 90 (+0.450); seasons of top-5 history (+0.221); 3-season average output (+0.106); assists per 90 (+0.085); gap since last season (+0.028),age (-0.875); league minutes (-0.229); minutes per appearance (-0.213); position: Midfield (-0.059); position: Defender (-0.054)
95424,league context (+0.369); seasons of top-5 history (+0.310); minutes last season (+0.084); 3-season average minutes (+0.044); club squad rotation (+0.033),age (-1.702); goal contributions per 90 (-0.194); league minutes (-0.144); height (-0.100); 3-season average output (-0.046)
95641,seasons of top-5 history (+0.176); league context (+0.103); position: Midfield (+0.096); club squad rotation (+0.030); goals/90 last season (+0.008),age (-1.086); gap since last season (-0.212); league minutes (-0.174); minutes per appearance (-0.110); height (-0.066)
95810,league context (+0.302); seasons of top-5 history (+0.140); 3-season average minutes (+0.091); minutes last season (+0.089); assists/90 last season (+0.088),age (-1.502); league minutes (-0.166); minutes consistency (-0.149); minutes per appearance (-0.061); goals per 90 (-0.053)
96341,goal contributions per 90 (+0.528); league minutes (+0.190); 3-season average output (+0.135); seasons of top-5 history (+0.128); league context (+0.082),age (-0.814); minutes consistency (-0.058); position: Midfield (-0.047); position: Defender (-0.046); assists/90 last season (-0.016)
96718,seasons of top-5 history (+0.410); league context (+0.147); minutes last season (+0.077); assists per 90 (+0.076); 3-season average output (+0.071),age (-1.913); league minutes (-0.108); height (-0.097); minutes per appearance (-0.066); goals per 90 (-0.047)
99331,league context (+0.291); height (+0.259); seasons of top-5 history (+0.189); minutes last season (+0.074); 3-season average minutes (+0.036),age (-1.054); gap since last season (-0.440); league minutes (-0.220); goal contributions per 90 (-0.210); 3-season average output (-0.073)
99922,seasons of top-5 history (+0.311); minutes per appearance (+0.125); league minutes (+0.099); goals per 90 (+0.036); 3-season average minutes (+0.032),age (-1.540); gap since last season (-0.330); club squad rotation (-0.136); goal contributions per 90 (-0.084); 3-season average output (-0.037)
100986,seasons of top-5 history (+0.162); 3-season average output (+0.079); height (+0.066); position: Defender (+0.047); output consistency (+0.026),age (-1.190); gap since last season (-0.331); league context (-0.261); goal contributions per 90 (-0.140); club squad rotation (-0.088)
102423,league minutes (+0.208); league context (+0.182); seasons of top-5 history (+0.177); 3-season average minutes (+0.169); height (+0.126),age (-1.583); gap since last season (-0.274); goal contributions per 90 (-0.048); 3-season average output (-0.048); position: Midfield (-0.036)
103565,seasons of top-5 history (+0.419); club squad rotation (+0.135); 3-season average output (+0.072); output consistency (+0.024); gap since last season (+0.019),age (-1.264); league minutes (-0.202); minutes per appearance (-0.138); minutes last season (-0.067); league context (-0.066)
105470,league context (+0.315); league minutes (+0.208); height (+0.170); seasons of top-5 history (+0.125); disciplinary record (+0.123),age (-0.908); goal contributions per 90 (-0.171); goals per 90 (-0.068); 3-season average output (-0.044); position: Midfield (-0.031)
106405,seasons of top-5 history (+0.207); league minutes (+0.191); 3-season average minutes (+0.111); minutes per appearance (+0.093); height (+0.074),age (-1.498); league context (-0.237); goal contributions per 90 (-0.082); disciplinary record (-0.061); goals per 90 (-0.045)
106872,goal contributions per 90 (+0.160); assists/90 last season (+0.113); position: Midfield (+0.091); 3-season average minutes (+0.079); minutes last season (+0.077),age (-0.732); league context (-0.358); league minutes (-0.116); minutes per appearance (-0.103); minutes consistency (-0.054)
106987,seasons of top-5 history (+0.223); position: Midfield (+0.112); 3-season average output (+0.089); change in contributions/90 (+0.038); minutes last season (+0.035),age (-0.490); league context (-0.192); league minutes (-0.187); goal contributions per 90 (-0.179); height (-0.069)
107775,league minutes (+0.182); minutes last season (+0.092); height (+0.075); disciplinary record (+0.074); minutes per appearance (+0.070),age (-0.961); league context (-0.189); goal contributions per 90 (-0.167); minutes consistency (-0.135); goals per 90 (-0.065)
108354,league context (+0.403); seasons of top-5 history (+0.233); 3-season average minutes (+0.124); minutes last season (+0.075); 3-season average output (+0.055),age (-1.335); league minutes (-0.118); minutes per appearance (-0.109); height (-0.060); position: Defender (-0.058)
108390,height (+0.335); seasons of top-5 history (+0.263); league minutes (+0.213); league context (+0.201); 3-season average minutes (+0.145),age (-1.023); gap since last season (-0.305); goal contributions per 90 (-0.162); goals per 90 (-0.072); 3-season average output (-0.059)
108725,goal contributions per 90 (+0.548); league context (+0.259); league minutes (+0.179); contributions/90 last season (+0.126); seasons of top-5 history (+0.112),age (-1.330); minutes consistency (-0.075); position: Midfield (-0.043); position: Defender (-0.040); assists per 90 (-0.021)
111038,seasons of top-5 history (+0.115); league minutes (+0.085); minutes last season (+0.056); position: Defender (+0.025); 3-season average minutes (+0.017),age (-1.046); gap since last season (-0.330); goal contributions per 90 (-0.223); league context (-0.143); height (-0.083)
111195,league context (+0.405); seasons of top-5 history (+0.100); 3-season average minutes (+0.062); gap since last season (+0.024); position: Defender (+0.019),age (-1.185); goal contributions per 90 (-0.256); league minutes (-0.109); height (-0.070); goals per 90 (-0.056)
111196,seasons of top-5 history (+0.163); height (+0.129); club squad rotation (+0.082); league context (+0.068); position: Defender (+0.061),age (-1.160); minutes per appearance (-0.100); league minutes (-0.091); 3-season average output (-0.052); position: Midfield (-0.035)
111266,3-season average minutes (+0.098); minutes last season (+0.066); position: Midfield (+0.053); appearances (+0.020); gap since last season (+0.013),age (-2.313); league context (-0.189); league minutes (-0.183); goal contributions per 90 (-0.156); minutes per appearance (-0.105)
111455,league minutes (+0.229); seasons of top-5 history (+0.136); minutes per appearance (+0.117); 3-season average minutes (+0.094); minutes last season (+0.076),age (-1.054); league context (-0.367); height (-0.080); appearances (-0.024); contributions/90 last season (-0.020)
111811,league minutes (+0.126); disciplinary record (+0.063); club squad rotation (+0.044); position: Defender (+0.026); minutes consistency (+0.025),age (-1.660); league context (-0.248); goal contributions per 90 (-0.199); height (-0.106); minutes last season (-0.056)
111873,league minutes (+0.345); league context (+0.339); height (+0.235); 3-season average minutes (+0.133); minutes last season (+0.109),age (-0.980); goal contributions per 90 (-0.170); 3-season average output (-0.060); goals per 90 (-0.052); disciplinary record (-0.039)
112515,seasons of top-5 history (+0.340); league minutes (+0.171); league context (+0.130); minutes per appearance (+0.130); 3-season average output (+0.068),age (-1.455); gap since last season (-0.189); goal contributions per 90 (-0.145); 3-season average minutes (-0.054); minutes last season (-0.046)
113707,seasons of top-5 history (+0.268); position: Midfield (+0.120); 3-season average minutes (+0.092); 3-season average output (+0.090); assists per 90 (+0.085),age (-1.712); league context (-0.286); league minutes (-0.221); minutes per appearance (-0.133); club squad rotation (-0.115)
116088,goal contributions per 90 (+0.387); seasons of top-5 history (+0.062); assists/90 last season (+0.052); goals per 90 (+0.046); assists per 90 (+0.043),age (-1.015); league context (-0.257); club squad rotation (-0.120); minutes consistency (-0.095); league minutes (-0.066)
117478,disciplinary record (+0.070); appearances (+0.045); position: Defender (+0.027); gap since last season (+0.024); minutes consistency (+0.024),league minutes (-0.257); goal contributions per 90 (-0.236); age (-0.171); league context (-0.153); height (-0.094)
117674,seasons of top-5 history (+0.202); league minutes (+0.165); 3-season average minutes (+0.139); minutes per appearance (+0.108); minutes last season (+0.097),age (-0.535); league context (-0.375); height (-0.035); club squad rotation (-0.019); foot: left (-0.018)
118284,seasons of top-5 history (+0.337); position: Midfield (+0.110); club squad rotation (+0.091); 3-season average minutes (+0.090); minutes last season (+0.034),age (-1.084); goal contributions per 90 (-0.170); league context (-0.090); league minutes (-0.070); goals per 90 (-0.050)
118534,league context (+0.290); seasons of top-5 history (+0.192); 3-season average minutes (+0.137); position: Defender (+0.064); goals per 90 (+0.045),age (-0.948); league minutes (-0.273); gap since last season (-0.255); minutes consistency (-0.077); minutes last season (-0.040)
118689,seasons of top-5 history (+0.198); league context (+0.068); position: Defender (+0.059); disciplinary record (+0.057); club squad rotation (+0.052),age (-0.842); league minutes (-0.201); minutes per appearance (-0.095); goal contributions per 90 (-0.093); minutes consistency (-0.056)
118847,seasons of top-5 history (+0.230); league minutes (+0.141); minutes last season (+0.105); position: Defender (+0.033); minutes per appearance (+0.030),age (-0.533); league context (-0.242); goal contributions per 90 (-0.173); disciplinary record (-0.088); height (-0.074)
118850,height (+0.202); minutes per appearance (+0.121); 3-season average minutes (+0.066); goals/90 last season (+0.046); gap since last season (+0.025),age (-1.054); goal contributions per 90 (-0.202); league context (-0.159); 3-season average output (-0.056); league minutes (-0.054)
119037,height (+0.158); league minutes (+0.155); 3-season average minutes (+0.034); gap since last season (+0.028); 3-season average output (+0.021),age (-0.856); league context (-0.329); position: Defender (-0.079); minutes per appearance (-0.067); position: Midfield (-0.057)
119211,league minutes (+0.209); seasons of top-5 history (+0.135); minutes per appearance (+0.119); minutes last season (+0.088); club squad rotation (+0.084),age (-0.598); league context (-0.361); minutes consistency (-0.079); height (-0.061); disciplinary record (-0.021)
119277,seasons of top-5 history (+0.197); position: Midfield (+0.077); 3-season average output (+0.033); output consistency (+0.027); gap since last season (+0.025),age (-0.480); league context (-0.293); league minutes (-0.159); minutes per appearance (-0.131); goal contributions per 90 (-0.093)
119296,seasons of top-5 history (+0.222); league minutes (+0.070); position: Defender (+0.069); 3-season average output (+0.066); minutes last season (+0.051),age (-0.550); league context (-0.287); minutes per appearance (-0.104); goal contributions per 90 (-0.052); appearances (-0.048)
120095,seasons of top-5 history (+0.236); position: Midfield (+0.075); assists per 90 (+0.064); 3-season average minutes (+0.035); goals/90 last season (+0.021),age (-0.871); gap since last season (-0.399); league minutes (-0.230); club squad rotation (-0.172); minutes per appearance (-0.078)
120629,league context (+0.359); height (+0.243); seasons of top-5 history (+0.166); league minutes (+0.143); 3-season average minutes (+0.109),age (-0.776); goal contributions per 90 (-0.175); goals per 90 (-0.073); 3-season average output (-0.041); position: Midfield (-0.030)
121477,league context (+0.393); seasons of top-5 history (+0.333); 3-season average minutes (+0.104); minutes last season (+0.079); height (+0.056),age (-1.556); league minutes (-0.232); goal contributions per 90 (-0.158); minutes per appearance (-0.067); goals per 90 (-0.049)
121483,league minutes (+0.436); league context (+0.229); disciplinary record (+0.151); 3-season average minutes (+0.142); seasons of top-5 history (+0.120),age (-0.806); goal contributions per 90 (-0.140); goals per 90 (-0.040); 3-season average output (-0.035); minutes consistency (-0.034)
121985,seasons of top-5 history (+0.192); minutes last season (+0.099); position: Defender (+0.025); gap since last season (+0.024); league context (+0.016),age (-1.452); league minutes (-0.265); goal contributions per 90 (-0.170); minutes consistency (-0.076); 3-season average output (-0.064)
122840,league minutes (+0.121); assists/90 last season (+0.045); position: Defender (+0.030); gap since last season (+0.022); minutes consistency (+0.021),age (-1.438); goal contributions per 90 (-0.252); league context (-0.195); height (-0.107); 3-season average minutes (-0.052)
123551,league context (+0.414); league minutes (+0.210); position: Midfield (+0.076); minutes per appearance (+0.050); gap since last season (+0.028),age (-1.196); goal contributions per 90 (-0.238); club squad rotation (-0.087); height (-0.081); assists per 90 (-0.054)
124028,minutes last season (+0.084); 3-season average minutes (+0.051); position: Defender (+0.035); disciplinary record (+0.017); gap since last season (+0.016),age (-1.754); league context (-0.290); league minutes (-0.279); goal contributions per 90 (-0.158); height (-0.075)
124410,league minutes (+0.232); seasons of top-5 history (+0.214); minutes per appearance (+0.106); position: Midfield (+0.072); 3-season average minutes (+0.064),age (-0.482); league context (-0.220); goal contributions per 90 (-0.158); minutes consistency (-0.087); 3-season average output (-0.042)
124502,seasons of top-5 history (+0.209); league minutes (+0.159); height (+0.129); 3-season average minutes (+0.100); minutes per appearance (+0.053),age (-0.525); league context (-0.290); goal contributions per 90 (-0.108); position: Midfield (-0.046); minutes consistency (-0.037)
124555,seasons of top-5 history (+0.265); 3-season average minutes (+0.146); minutes last season (+0.086); disciplinary record (+0.078); 3-season average output (+0.069),age (-1.002); goal contributions per 90 (-0.208); league minutes (-0.188); club squad rotation (-0.138); league context (-0.079)
124884,league minutes (+0.204); height (+0.190); 3-season average minutes (+0.133); minutes last season (+0.091); minutes per appearance (+0.074),age (-1.348); league context (-0.289); goal contributions per 90 (-0.166); goals per 90 (-0.052); 3-season average output (-0.037)
125020,seasons of top-5 history (+0.342); 3-season average minutes (+0.126); minutes last season (+0.084); height (+0.054); position: Defender (+0.029),age (-1.676); gap since last season (-0.263); league minutes (-0.199); goal contributions per 90 (-0.136); minutes per appearance (-0.091)
125103,goal contributions per 90 (+0.486); contributions/90 last season (+0.177); 3-season average minutes (+0.141); league minutes (+0.132); 3-season average output (+0.112),age (-0.503); league context (-0.340); appearances (-0.061); position: Defender (-0.046); position: Midfield (-0.037)
125714,league minutes (+0.396); league context (+0.337); height (+0.203); minutes last season (+0.141); 3-season average minutes (+0.138),age (-0.729); goal contributions per 90 (-0.139); goals per 90 (-0.050); 3-season average output (-0.044); assists per 90 (-0.024)
125781,goal contributions per 90 (+0.334); 3-season average output (+0.202); league context (+0.170); league minutes (+0.120); contributions/90 last season (+0.119),age (-1.622); minutes per appearance (-0.109); position: Midfield (-0.044); position: Defender (-0.031); height (-0.027)
126414,goal contributions per 90 (+0.240); league context (+0.166); seasons of top-5 history (+0.131); position: Midfield (+0.127); 3-season average minutes (+0.120),age (-0.393); minutes per appearance (-0.090); height (-0.040); position: Defender (-0.016); change in assists/90 (-0.010)
126557,seasons of top-5 history (+0.320); club squad rotation (+0.126); 3-season average minutes (+0.097); league minutes (+0.070); minutes per appearance (+0.068),age (-0.966); goal contributions per 90 (-0.215); league context (-0.120); height (-0.104); goals per 90 (-0.075)
126664,league context (+0.425); seasons of top-5 history (+0.256); league minutes (+0.154); minutes last season (+0.075); 3-season average minutes (+0.042),age (-0.711); height (-0.145); goals per 90 (-0.061); minutes consistency (-0.038); position: Midfield (-0.034)
126665,league context (+0.293); seasons of top-5 history (+0.246); league minutes (+0.185); position: Midfield (+0.092); minutes per appearance (+0.060),age (-1.926); goal contributions per 90 (-0.171); goals per 90 (-0.047); height (-0.024); change in minutes (-0.018)
126719,seasons of top-5 history (+0.288); league context (+0.111); height (+0.097); position: Defender (+0.055); assists per 90 (+0.036),age (-0.785); league minutes (-0.419); gap since last season (-0.263); minutes per appearance (-0.136); 3-season average minutes (-0.064)
126737,3-season average output (+0.266); seasons of top-5 history (+0.263); league context (+0.082); output consistency (+0.065); height (+0.053),age (-0.593); league minutes (-0.329); gap since last season (-0.230); goal contributions per 90 (-0.142); minutes per appearance (-0.122)
126751,position: Midfield (+0.137); assists per 90 (+0.099); league context (+0.074); minutes last season (+0.069); 3-season average minutes (+0.045),age (-0.572); league minutes (-0.141); club squad rotation (-0.131); minutes per appearance (-0.070); 3-season average output (-0.051)
127108,league context (+0.244); league minutes (+0.230); seasons of top-5 history (+0.183); height (+0.159); 3-season average minutes (+0.150),age (-1.580); goal contributions per 90 (-0.083); 3-season average output (-0.030); position: Midfield (-0.028); disciplinary record (-0.027)
127181,seasons of top-5 history (+0.374); league minutes (+0.139); disciplinary record (+0.124); 3-season average minutes (+0.108); club squad rotation (+0.098),age (-1.328); goal contributions per 90 (-0.167); league context (-0.117); goals per 90 (-0.063); 3-season average output (-0.049)
127187,league context (+0.337); league minutes (+0.216); seasons of top-5 history (+0.177); position: Midfield (+0.100); minutes last season (+0.088),age (-0.850); height (-0.075); minutes consistency (-0.038); assists per 90 (-0.022); position: Defender (-0.019)
127189,seasons of top-5 history (+0.279); height (+0.051); disciplinary record (+0.046); position: Midfield (+0.044); gap since last season (+0.027),age (-0.760); league context (-0.202); goal contributions per 90 (-0.193); goals per 90 (-0.055); 3-season average minutes (-0.051)
127202,league minutes (+0.333); league context (+0.331); 3-season average minutes (+0.136); minutes last season (+0.133); height (+0.106),age (-1.127); goal contributions per 90 (-0.173); goals per 90 (-0.049); 3-season average output (-0.043); position: Midfield (-0.021)
127573,league minutes (+0.188); club squad rotation (+0.110); height (+0.101); position: Defender (+0.062); minutes per appearance (+0.053),age (-0.463); league context (-0.327); position: Midfield (-0.056); appearances (-0.037); change in contributions/90 (-0.028)
128223,3-season average output (+0.370); goal contributions per 90 (+0.341); contributions/90 last season (+0.239); seasons of top-5 history (+0.166); 3-season average minutes (+0.048),age (-0.715); league minutes (-0.209); club squad rotation (-0.124); minutes per appearance (-0.063); league context (-0.041)
128901,league context (+0.318); seasons of top-5 history (+0.169); 3-season average minutes (+0.169); minutes last season (+0.042); goals per 90 (+0.037),age (-0.949); gap since last season (-0.267); goal contributions per 90 (-0.244); league minutes (-0.106); minutes consistency (-0.102)
128969,seasons of top-5 history (+0.197); 3-season average minutes (+0.106); club squad rotation (+0.090); disciplinary record (+0.089); minutes per appearance (+0.068),age (-0.975); gap since last season (-0.317); goal contributions per 90 (-0.226); league minutes (-0.200); minutes consistency (-0.077)
129444,seasons of top-5 history (+0.409); league context (+0.142); league minutes (+0.109); minutes per appearance (+0.103); 3-season average output (+0.074),age (-1.834); goal contributions per 90 (-0.182); height (-0.052); assists per 90 (-0.032); position: Midfield (-0.017)
130164,league minutes (+0.343); league context (+0.335); seasons of top-5 history (+0.193); 3-season average minutes (+0.159); minutes last season (+0.139),age (-0.398); goal contributions per 90 (-0.194); goals per 90 (-0.062); disciplinary record (-0.054); height (-0.033)
131075,seasons of top-5 history (+0.278); height (+0.190); disciplinary record (+0.080); 3-season average minutes (+0.079); minutes last season (+0.064),age (-2.099); goal contributions per 90 (-0.167); goals per 90 (-0.054); league minutes (-0.053); assists per 90 (-0.024)
131225,height (+0.105); 3-season average minutes (+0.089); position: Defender (+0.073); minutes last season (+0.069); goal contributions per 90 (+0.048),age (-0.965); league context (-0.238); position: Midfield (-0.041); seasons of top-5 history (-0.032); minutes consistency (-0.031)
132098,goal contributions per 90 (+1.112); 3-season average output (+0.370); contributions/90 last season (+0.320); goals per 90 (+0.280); league minutes (+0.116),age (-0.519); league context (-0.255); appearances (-0.040); position: Defender (-0.028); position: Midfield (-0.023)
133179,seasons of top-5 history (+0.238); league minutes (+0.211); 3-season average minutes (+0.144); minutes per appearance (+0.115); minutes last season (+0.088),age (-1.572); club squad rotation (-0.119); goal contributions per 90 (-0.036); league context (-0.025); position: Defender (-0.012)
133731,league minutes (+0.310); height (+0.190); minutes last season (+0.112); minutes per appearance (+0.110); goals/90 last season (+0.047),age (-0.339); league context (-0.253); goal contributions per 90 (-0.164); goals per 90 (-0.046); 3-season average minutes (-0.042)
134270,league minutes (+0.323); height (+0.321); league context (+0.305); 3-season average minutes (+0.117); minutes per appearance (+0.107),age (-1.108); goal contributions per 90 (-0.159); disciplinary record (-0.065); assists per 90 (-0.041); goals per 90 (-0.031)
135343,league context (+0.318); league minutes (+0.236); minutes per appearance (+0.140); 3-season average minutes (+0.131); seasons of top-5 history (+0.114),age (-1.170); goal contributions per 90 (-0.080); disciplinary record (-0.042); minutes consistency (-0.042); assists per 90 (-0.025)
136111,league minutes (+0.223); minutes last season (+0.122); height (+0.082); minutes per appearance (+0.082); disciplinary record (+0.058),age (-0.700); gap since last season (-0.456); goal contributions per 90 (-0.207); club squad rotation (-0.194); goals per 90 (-0.089)
136514,goal contributions per 90 (+0.112); position: Defender (+0.077); assists per 90 (+0.076); 3-season average minutes (+0.052); change in goals/90 (+0.029),age (-0.655); league minutes (-0.250); gap since last season (-0.209); minutes per appearance (-0.096); minutes consistency (-0.092)
138055,seasons of top-5 history (+0.159); 3-season average minutes (+0.092); minutes last season (+0.069); position: Midfield (+0.067); club squad rotation (+0.050),age (-0.526); gap since last season (-0.256); goal contributions per 90 (-0.252); league context (-0.248); height (-0.098)
139208,league context (+0.282); height (+0.258); league minutes (+0.242); 3-season average minutes (+0.134); minutes per appearance (+0.127),age (-1.567); goal contributions per 90 (-0.108); assists per 90 (-0.042); assists/90 last season (-0.020); position: Midfield (-0.005)
139279,seasons of top-5 history (+0.369); height (+0.137); club squad rotation (+0.062); 3-season average minutes (+0.047); league minutes (+0.036),age (-1.972); league context (-0.211); goal contributions per 90 (-0.159); 3-season average output (-0.064); goals per 90 (-0.040)
139304,minutes per appearance (+0.064); height (+0.045); gap since last season (+0.026); position: Defender (+0.024); minutes consistency (+0.020),age (-0.619); league minutes (-0.432); goal contributions per 90 (-0.236); league context (-0.208); appearances (-0.081)
139435,league context (+0.141); position: Midfield (+0.137); goal contributions per 90 (+0.131); assists per 90 (+0.119); seasons of top-5 history (+0.111),age (-2.342); height (-0.098); minutes per appearance (-0.096); position: Defender (-0.019); change in assists/90 (-0.014)
142021,seasons of top-5 history (+0.286); league minutes (+0.219); league context (+0.200); 3-season average minutes (+0.183); position: Midfield (+0.092),age (-0.410); height (-0.086); minutes consistency (-0.042); goal contributions per 90 (-0.026); minutes per appearance (-0.024)
142031,seasons of top-5 history (+0.275); position: Midfield (+0.106); league context (+0.090); 3-season average minutes (+0.087); gap since last season (+0.028),age (-0.903); goal contributions per 90 (-0.206); height (-0.102); 3-season average output (-0.073); minutes per appearance (-0.071)
143798,seasons of top-5 history (+0.220); position: Midfield (+0.091); minutes last season (+0.060); 3-season average output (+0.053); change in assists/90 (+0.053),age (-1.145); league context (-0.226); league minutes (-0.147); club squad rotation (-0.118); goal contributions per 90 (-0.098)
144028,goal contributions per 90 (+0.511); league context (+0.338); contributions/90 last season (+0.164); league minutes (+0.125); 3-season average minutes (+0.099),age (-0.173); minutes per appearance (-0.080); position: Midfield (-0.067); position: Defender (-0.054); minutes consistency (-0.053)
146227,league minutes (+0.084); minutes per appearance (+0.082); disciplinary record (+0.077); height (+0.038); league context (+0.019),age (-1.922); gap since last season (-0.272); goal contributions per 90 (-0.183); club squad rotation (-0.168); goals per 90 (-0.054)
148153,league context (+0.382); seasons of top-5 history (+0.200); height (+0.167); 3-season average minutes (+0.146); league minutes (+0.126),age (-1.224); goal contributions per 90 (-0.170); goals per 90 (-0.068); club squad rotation (-0.067); 3-season average output (-0.049)
148252,league minutes (+0.284); seasons of top-5 history (+0.223); 3-season average minutes (+0.094); minutes per appearance (+0.085); position: Midfield (+0.071),age (-1.175); goal contributions per 90 (-0.154); height (-0.116); 3-season average output (-0.056); goals per 90 (-0.055)
148367,league context (+0.412); league minutes (+0.226); 3-season average minutes (+0.111); minutes last season (+0.088); minutes per appearance (+0.083),age (-0.440); minutes consistency (-0.090); club squad rotation (-0.029); goal contributions per 90 (-0.021); contributions/90 last season (-0.016)
148455,goal contributions per 90 (+1.058); 3-season average output (+0.335); league context (+0.273); goals per 90 (+0.240); minutes per appearance (+0.192),age (-0.943); height (-0.033); change in assists/90 (-0.022); change in contributions/90 (-0.020); position: Defender (-0.017)
148928,seasons of top-5 history (+0.297); assists per 90 (+0.130); goal contributions per 90 (+0.121); position: Midfield (+0.118); assists/90 last season (+0.099),age (-0.294); club squad rotation (-0.154); league minutes (-0.121); disciplinary record (-0.056); minutes per appearance (-0.047)
149928,league minutes (+0.159); minutes per appearance (+0.125); minutes last season (+0.119); height (+0.069); position: Defender (+0.051),age (-0.581); league context (-0.288); gap since last season (-0.273); 3-season average minutes (-0.039); position: Midfield (-0.038)
153084,seasons of top-5 history (+0.232); assists/90 last season (+0.148); position: Midfield (+0.148); minutes last season (+0.128); height (+0.087),league context (-0.240); league minutes (-0.207); age (-0.198); minutes per appearance (-0.117); position: Defender (-0.020)
154147,league minutes (+0.355); height (+0.125); minutes per appearance (+0.088); disciplinary record (+0.055); gap since last season (+0.032),age (-0.352); league context (-0.196); goal contributions per 90 (-0.166); goals per 90 (-0.063); minutes last season (-0.052)
156990,age (+0.186); 3-season average minutes (+0.148); minutes last season (+0.143); club squad rotation (+0.125); seasons of top-5 history (+0.122),goal contributions per 90 (-0.210); league context (-0.135); goals per 90 (-0.109); disciplinary record (-0.037); 3-season average output (-0.035)
157672,league context (+0.391); minutes last season (+0.146); 3-season average minutes (+0.098); seasons of top-5 history (+0.073); change in minutes (+0.068),age (-1.013); league minutes (-0.292); goal contributions per 90 (-0.263); minutes per appearance (-0.063); position: Midfield (-0.053)
158863,seasons of top-5 history (+0.323); league context (+0.160); league minutes (+0.156); minutes per appearance (+0.123); gap since last season (+0.024),age (-1.422); height (-0.105); goals per 90 (-0.061); 3-season average output (-0.049); minutes consistency (-0.043)
159088,seasons of top-5 history (+0.129); position: Midfield (+0.103); club squad rotation (+0.082); 3-season average minutes (+0.052); appearances (+0.050),age (-0.419); league context (-0.204); league minutes (-0.143); goal contributions per 90 (-0.059); position: Defender (-0.022)
159471,goal contributions per 90 (+1.023); contributions/90 last season (+0.313); seasons of top-5 history (+0.185); 3-season average output (+0.167); assists per 90 (+0.069),league context (-0.271); minutes per appearance (-0.246); league minutes (-0.208); gap since last season (-0.198); age (-0.173)
160241,seasons of top-5 history (+0.279); height (+0.125); league minutes (+0.101); position: Defender (+0.034); output consistency (+0.025),league context (-0.234); goal contributions per 90 (-0.210); age (-0.188); club squad rotation (-0.116); minutes last season (-0.077)
160938,seasons of top-5 history (+0.279); league minutes (+0.173); 3-season average minutes (+0.108); minutes per appearance (+0.071); goals/90 last season (+0.040),gap since last season (-0.397); age (-0.276); goal contributions per 90 (-0.217); goals per 90 (-0.098); club squad rotation (-0.093)
160963,league minutes (+0.300); seasons of top-5 history (+0.210); height (+0.181); minutes per appearance (+0.099); 3-season average minutes (+0.098),age (-0.312); league context (-0.295); goal contributions per 90 (-0.151); goals per 90 (-0.075); position: Midfield (-0.046)
161056,seasons of top-5 history (+0.214); league minutes (+0.194); 3-season average minutes (+0.138); minutes per appearance (+0.134); minutes last season (+0.104),league context (-0.332); age (-0.250); height (-0.058); appearances (-0.025); position: Defender (-0.017)
161869,seasons of top-5 history (+0.191); disciplinary record (+0.096); league minutes (+0.077); position: Defender (+0.035); minutes per appearance (+0.018),age (-0.970); league context (-0.286); gap since last season (-0.274); club squad rotation (-0.090); goal contributions per 90 (-0.084)
162434,seasons of top-5 history (+0.191); height (+0.110); league minutes (+0.102); position: Defender (+0.048); minutes per appearance (+0.044),goal contributions per 90 (-0.196); age (-0.181); league context (-0.149); minutes last season (-0.092); position: Midfield (-0.060)
163744,league context (+0.311); seasons of top-5 history (+0.274); position: Defender (+0.039); goals per 90 (+0.038); 3-season average minutes (+0.032),age (-0.551); gap since last season (-0.269); goal contributions per 90 (-0.251); league minutes (-0.211); club squad rotation (-0.102)
164771,seasons of top-5 history (+0.331); 3-season average minutes (+0.107); position: Midfield (+0.086); minutes last season (+0.076); output consistency (+0.041),age (-0.828); league context (-0.169); league minutes (-0.149); goal contributions per 90 (-0.095); height (-0.067)
165513,seasons of top-5 history (+0.253); league minutes (+0.205); height (+0.124); minutes last season (+0.096); 3-season average minutes (+0.080),age (-0.779); club squad rotation (-0.181); goal contributions per 90 (-0.118); league context (-0.066); 3-season average output (-0.053)
165793,minutes last season (+0.160); contributions/90 last season (+0.117); height (+0.117); league minutes (+0.110); assists/90 last season (+0.084),league context (-0.278); age (-0.115); position: Midfield (-0.070); position: Defender (-0.070); minutes consistency (-0.054)
165895,league minutes (+0.200); seasons of top-5 history (+0.163); league context (+0.140); minutes last season (+0.086); 3-season average output (+0.079),age (-0.527); position: Midfield (-0.069); position: Defender (-0.066); minutes consistency (-0.047); change in minutes (-0.027)
166237,seasons of top-5 history (+0.265); position: Midfield (+0.099); minutes last season (+0.068); goals per 90 (+0.037); gap since last season (+0.031),age (-0.383); league minutes (-0.209); minutes consistency (-0.112); minutes per appearance (-0.091); height (-0.060)
166601,seasons of top-5 history (+0.283); height (+0.108); 3-season average minutes (+0.071); goals/90 last season (+0.044); 3-season average output (+0.041),league minutes (-0.334); goal contributions per 90 (-0.245); league context (-0.201); age (-0.200); goals per 90 (-0.063)
166683,goal contributions per 90 (+0.115); goals per 90 (+0.042); gap since last season (+0.027); minutes consistency (+0.025); change in contributions/90 (+0.011),age (-0.319); club squad rotation (-0.209); league minutes (-0.157); minutes per appearance (-0.108); league context (-0.089)
167329,goal contributions per 90 (+0.723); 3-season average output (+0.171); seasons of top-5 history (+0.117); goals per 90 (+0.054); assists per 90 (+0.049),age (-1.033); league context (-0.307); minutes per appearance (-0.088); height (-0.047); position: Defender (-0.044)
167491,league minutes (+0.084); minutes last season (+0.080); 3-season average minutes (+0.074); minutes consistency (+0.030); gap since last season (+0.029),age (-0.730); club squad rotation (-0.198); goal contributions per 90 (-0.156); goals per 90 (-0.079); height (-0.065)
167799,seasons of top-5 history (+0.339); league minutes (+0.139); 3-season average minutes (+0.136); position: Midfield (+0.102); minutes per appearance (+0.092),league context (-0.290); age (-0.154); minutes consistency (-0.105); goal contributions per 90 (-0.061); height (-0.049)
169497,league context (+0.053); seasons of top-5 history (+0.046); club squad rotation (+0.039); 3-season average minutes (+0.032); minutes consistency (+0.026),age (-1.086); goal contributions per 90 (-0.262); league minutes (-0.208); height (-0.113); minutes per appearance (-0.068)
169880,league minutes (+0.281); seasons of top-5 history (+0.204); league context (+0.169); 3-season average minutes (+0.132); minutes per appearance (+0.116),age (-0.619); height (-0.077); disciplinary record (-0.017); position: Midfield (-0.016); goals/90 last season (-0.015)
170472,seasons of top-5 history (+0.290); league minutes (+0.136); league context (+0.086); 3-season average minutes (+0.036); position: Defender (+0.027),age (-0.813); goal contributions per 90 (-0.239); club squad rotation (-0.122); height (-0.086); 3-season average output (-0.067)
170481,position: Midfield (+0.083); seasons of top-5 history (+0.034); disciplinary record (+0.025); change in contributions/90 (+0.016); goals/90 last season (+0.013),age (-0.874); league minutes (-0.296); goal contributions per 90 (-0.214); gap since last season (-0.162); club squad rotation (-0.127)
170911,league minutes (+0.273); minutes per appearance (+0.086); height (+0.062); club squad rotation (+0.032); gap since last season (+0.030),age (-0.767); league context (-0.298); goal contributions per 90 (-0.186); minutes last season (-0.058); goals per 90 (-0.048)
170929,position: Defender (+0.028); seasons of top-5 history (+0.020); 3-season average output (+0.017); club squad rotation (+0.016); output consistency (+0.005),age (-0.962); goal contributions per 90 (-0.257); league context (-0.198); gap since last season (-0.188); league minutes (-0.099)
170934,league context (+0.395); seasons of top-5 history (+0.273); position: Midfield (+0.107); minutes last season (+0.086); 3-season average minutes (+0.085),age (-0.613); league minutes (-0.225); club squad rotation (-0.096); height (-0.044); 3-season average output (-0.042)
170986,seasons of top-5 history (+0.235); position: Defender (+0.110); height (+0.108); 3-season average output (+0.105); goal contributions per 90 (+0.093),age (-0.481); league context (-0.227); league minutes (-0.120); minutes last season (-0.040); minutes per appearance (-0.028)
171679,league context (+0.405); seasons of top-5 history (+0.121); league minutes (+0.079); position: Defender (+0.046); 3-season average output (+0.028),age (-1.105); goal contributions per 90 (-0.087); height (-0.059); minutes per appearance (-0.052); minutes last season (-0.049)
173504,league context (+0.307); league minutes (+0.272); seasons of top-5 history (+0.137); 3-season average minutes (+0.127); minutes last season (+0.110),age (-1.039); goal contributions per 90 (-0.204); 3-season average output (-0.055); disciplinary record (-0.054); goals per 90 (-0.047)
173859,seasons of top-5 history (+0.268); position: Midfield (+0.122); league minutes (+0.102); goal contributions per 90 (+0.064); 3-season average output (+0.052),age (-1.076); club squad rotation (-0.123); minutes per appearance (-0.066); height (-0.065); league context (-0.063)
174196,seasons of top-5 history (+0.225); league minutes (+0.150); minutes per appearance (+0.127); minutes last season (+0.074); club squad rotation (+0.061),age (-1.306); league context (-0.245); height (-0.088); minutes consistency (-0.082); goal contributions per 90 (-0.023)
175639,goal contributions per 90 (+0.399); 3-season average output (+0.132); seasons of top-5 history (+0.122); position: Defender (+0.109); assists per 90 (+0.102),age (-1.006); league context (-0.193); height (-0.071); position: Midfield (-0.032); minutes consistency (-0.025)
175722,seasons of top-5 history (+0.214); 3-season average minutes (+0.124); height (+0.088); disciplinary record (+0.064); position: Defender (+0.056),age (-0.462); league context (-0.218); league minutes (-0.170); minutes consistency (-0.070); 3-season average output (-0.049)
177779,seasons of top-5 history (+0.257); position: Midfield (+0.073); disciplinary record (+0.050); club squad rotation (+0.040); 3-season average minutes (+0.029),age (-0.501); league context (-0.240); goal contributions per 90 (-0.160); league minutes (-0.087); minutes per appearance (-0.070)
177907,league context (+0.396); seasons of top-5 history (+0.227); height (+0.215); 3-season average minutes (+0.103); position: Defender (+0.034),age (-0.898); goal contributions per 90 (-0.212); league minutes (-0.101); minutes per appearance (-0.091); minutes consistency (-0.064)
181136,seasons of top-5 history (+0.195); league context (+0.123); position: Midfield (+0.121); goal contributions per 90 (+0.070); 3-season average minutes (+0.068),age (-0.359); league minutes (-0.325); minutes per appearance (-0.198); height (-0.036); contributions/90 last season (-0.021)
181382,seasons of top-5 history (+0.227); minutes per appearance (+0.103); league minutes (+0.099); minutes last season (+0.083); goal contributions per 90 (+0.073),age (-0.516); league context (-0.296); contributions/90 last season (-0.026); assists per 90 (-0.022); disciplinary record (-0.017)
181579,league context (+0.423); seasons of top-5 history (+0.185); 3-season average minutes (+0.158); position: Midfield (+0.139); minutes last season (+0.106),age (-0.268); league minutes (-0.235); minutes per appearance (-0.048); change in goals/90 (-0.040); goal contributions per 90 (-0.037)
181767,seasons of top-5 history (+0.313); 3-season average minutes (+0.085); position: Defender (+0.039); club squad rotation (+0.035); goals per 90 (+0.030),age (-0.467); league context (-0.234); goal contributions per 90 (-0.189); height (-0.083); minutes consistency (-0.079)
181768,goal contributions per 90 (+0.139); position: Midfield (+0.091); 3-season average minutes (+0.078); minutes last season (+0.075); assists per 90 (+0.058),age (-0.553); gap since last season (-0.408); league minutes (-0.198); club squad rotation (-0.144); minutes per appearance (-0.119)
181778,league context (+0.366); seasons of top-5 history (+0.131); minutes last season (+0.128); league minutes (+0.090); 3-season average minutes (+0.059),age (-0.511); minutes consistency (-0.114); goal contributions per 90 (-0.107); height (-0.071); assists per 90 (-0.062)
182875,seasons of top-5 history (+0.224); league minutes (+0.163); 3-season average minutes (+0.117); minutes last season (+0.089); minutes per appearance (+0.088),league context (-0.345); goal contributions per 90 (-0.212); age (-0.187); goals per 90 (-0.077); 3-season average output (-0.042)
182904,seasons of top-5 history (+0.239); league context (+0.208); minutes per appearance (+0.205); club squad rotation (+0.187); position: Defender (+0.051),age (-0.204); goal contributions per 90 (-0.118); minutes consistency (-0.105); minutes last season (-0.073); assists per 90 (-0.036)
182906,league minutes (+0.519); seasons of top-5 history (+0.319); 3-season average minutes (+0.140); height (+0.129); minutes last season (+0.126),goal contributions per 90 (-0.174); age (-0.138); club squad rotation (-0.133); goals per 90 (-0.083); 3-season average output (-0.038)
182913,goal contributions per 90 (+0.295); seasons of top-5 history (+0.280); height (+0.160); league minutes (+0.153); minutes per appearance (+0.142),league context (-0.302); age (-0.091); foot: left (-0.035); assists/90 last season (-0.028); position: Defender (-0.019)
182916,seasons of top-5 history (+0.327); contributions/90 last season (+0.172); club squad rotation (+0.124); 3-season average output (+0.062); height (+0.041),league minutes (-0.275); minutes per appearance (-0.182); minutes last season (-0.097); league context (-0.080); age (-0.077)
184892,goal contributions per 90 (+0.312); seasons of top-5 history (+0.265); 3-season average output (+0.191); 3-season average minutes (+0.082); disciplinary record (+0.059),age (-0.831); club squad rotation (-0.133); height (-0.056); position: Defender (-0.038); position: Midfield (-0.037)
185077,goal contributions per 90 (+0.473); 3-season average output (+0.143); league minutes (+0.130); seasons of top-5 history (+0.111); 3-season average minutes (+0.070),age (-1.022); league context (-0.341); height (-0.062); minutes per appearance (-0.043); position: Midfield (-0.036)
186368,seasons of top-5 history (+0.230); position: Midfield (+0.139); league minutes (+0.130); assists per 90 (+0.107); minutes last season (+0.085),club squad rotation (-0.158); goals per 90 (-0.084); height (-0.070); league context (-0.059); goal contributions per 90 (-0.058)
187097,disciplinary record (+0.065); height (+0.047); goal contributions per 90 (+0.041); gap since last season (+0.028); goals per 90 (+0.027),league minutes (-0.290); age (-0.289); league context (-0.250); minutes per appearance (-0.094); minutes last season (-0.065)
187492,goal contributions per 90 (+0.562); 3-season average output (+0.229); contributions/90 last season (+0.171); 3-season average minutes (+0.171); seasons of top-5 history (+0.162),league context (-0.247); height (-0.024); position: Defender (-0.019); appearances (-0.017); change in assists/90 (-0.002)
187718,league minutes (+0.135); minutes last season (+0.070); position: Defender (+0.048); gap since last season (+0.030); minutes per appearance (+0.029),age (-0.835); league context (-0.243); height (-0.104); goals per 90 (-0.062); 3-season average output (-0.047)
188077,league context (+0.494); position: Midfield (+0.144); league minutes (+0.136); minutes last season (+0.098); 3-season average minutes (+0.096),age (-0.181); height (-0.108); minutes consistency (-0.068); goal contributions per 90 (-0.039); seasons of top-5 history (-0.031)
188888,seasons of top-5 history (+0.171); 3-season average output (+0.084); league context (+0.065); 3-season average minutes (+0.063); goals/90 last season (+0.030),league minutes (-0.252); age (-0.241); minutes per appearance (-0.165); club squad rotation (-0.086); position: Midfield (-0.067)
190284,league minutes (+0.275); seasons of top-5 history (+0.260); 3-season average minutes (+0.167); minutes per appearance (+0.112); age (+0.112),league context (-0.209); goal contributions per 90 (-0.176); height (-0.100); assists per 90 (-0.038); contributions/90 last season (-0.019)
190289,seasons of top-5 history (+0.044); 3-season average output (+0.042); output consistency (+0.031); goals per 90 (+0.027); goals/90 last season (+0.017),league minutes (-0.247); league context (-0.238); age (-0.222); minutes per appearance (-0.176); gap since last season (-0.141)
190393,goal contributions per 90 (+0.430); seasons of top-5 history (+0.222); league minutes (+0.130); position: Midfield (+0.114); assists per 90 (+0.060),age (-0.517); league context (-0.253); height (-0.054); position: Defender (-0.022); change in minutes (-0.019)
191056,league minutes (+0.266); 3-season average minutes (+0.125); minutes last season (+0.096); height (+0.083); minutes per appearance (+0.077),age (-0.436); league context (-0.322); goal contributions per 90 (-0.189); goals per 90 (-0.067); club squad rotation (-0.039)
192009,seasons of top-5 history (+0.272); position: Midfield (+0.133); league context (+0.113); minutes last season (+0.074); club squad rotation (+0.065),minutes per appearance (-0.152); disciplinary record (-0.110); 3-season average minutes (-0.075); league minutes (-0.055); assists per 90 (-0.036)
192080,league context (+0.320); height (+0.232); league minutes (+0.195); seasons of top-5 history (+0.132); 3-season average minutes (+0.112),age (-0.984); goal contributions per 90 (-0.188); minutes consistency (-0.077); goals per 90 (-0.063); minutes last season (-0.042)
192169,minutes last season (+0.105); club squad rotation (+0.040); position: Defender (+0.029); minutes consistency (+0.028); gap since last season (+0.027),goal contributions per 90 (-0.233); league context (-0.132); age (-0.085); goals per 90 (-0.067); minutes per appearance (-0.057)
192279,league context (+0.446); league minutes (+0.254); seasons of top-5 history (+0.238); minutes per appearance (+0.083); disciplinary record (+0.067),age (-0.276); goal contributions per 90 (-0.176); minutes consistency (-0.091); goals per 90 (-0.056); minutes last season (-0.041)
192492,league minutes (+0.250); minutes per appearance (+0.075); minutes consistency (+0.022); position: Defender (+0.016); club squad rotation (+0.011),age (-0.630); gap since last season (-0.433); league context (-0.252); goal contributions per 90 (-0.204); goals per 90 (-0.059)
192557,league minutes (+0.215); height (+0.131); position: Midfield (+0.101); minutes per appearance (+0.084); disciplinary record (+0.049),age (-0.694); league context (-0.251); goals per 90 (-0.085); goal contributions per 90 (-0.058); minutes last season (-0.049)
192565,goal contributions per 90 (+1.119); 3-season average output (+0.207); contributions/90 last season (+0.197); seasons of top-5 history (+0.178); assists/90 last season (+0.138),league context (-0.244); minutes per appearance (-0.136); league minutes (-0.063); position: Defender (-0.041); height (-0.033)
192616,goal contributions per 90 (+0.418); position: Defender (+0.118); assists per 90 (+0.098); goals per 90 (+0.066); age (+0.025),league minutes (-0.330); league context (-0.229); minutes per appearance (-0.168); 3-season average minutes (-0.060); minutes last season (-0.055)
192635,seasons of top-5 history (+0.226); 3-season average minutes (+0.178); league minutes (+0.144); minutes last season (+0.139); minutes per appearance (+0.133),league context (-0.176); goal contributions per 90 (-0.136); position: Midfield (-0.053); 3-season average output (-0.025); output consistency (-0.019)
192735,seasons of top-5 history (+0.223); league minutes (+0.216); position: Midfield (+0.152); 3-season average minutes (+0.144); minutes last season (+0.141),goal contributions per 90 (-0.223); age (-0.168); minutes consistency (-0.090); goals per 90 (-0.078); 3-season average output (-0.035)
192765,league context (+0.392); seasons of top-5 history (+0.249); gap since last season (+0.030); position: Defender (+0.029); goals/90 last season (+0.028),age (-0.829); league minutes (-0.255); goal contributions per 90 (-0.247); height (-0.088); minutes consistency (-0.073)
193004,seasons of top-5 history (+0.239); 3-season average minutes (+0.209); minutes last season (+0.115); height (+0.083); age (+0.066),league context (-0.172); position: Midfield (-0.085); goal contributions per 90 (-0.074); disciplinary record (-0.051); contributions/90 last season (-0.023)
193033,goal contributions per 90 (+0.973); league minutes (+0.175); minutes per appearance (+0.168); height (+0.163); minutes last season (+0.066),league context (-0.254); age (-0.092); position: Midfield (-0.061); minutes consistency (-0.054); position: Defender (-0.042)
193082,goal contributions per 90 (+0.172); assists/90 last season (+0.157); league minutes (+0.148); contributions/90 last season (+0.146); minutes last season (+0.131),league context (-0.303); age (-0.132); appearances (-0.057); 3-season average minutes (-0.049); position: Midfield (-0.042)
193098,league context (+0.328); seasons of top-5 history (+0.218); 3-season average output (+0.094); position: Defender (+0.058); 3-season average minutes (+0.042),age (-0.725); league minutes (-0.308); goal contributions per 90 (-0.104); minutes per appearance (-0.075); minutes consistency (-0.067)
193116,league context (+0.438); seasons of top-5 history (+0.171); league minutes (+0.158); 3-season average minutes (+0.148); minutes last season (+0.127),age (-0.284); height (-0.112); minutes per appearance (-0.047); goal contributions per 90 (-0.047); foot: left (-0.029)
193900,seasons of top-5 history (+0.249); position: Defender (+0.080); league minutes (+0.078); 3-season average output (+0.048); height (+0.028),league context (-0.285); age (-0.193); minutes per appearance (-0.103); minutes last season (-0.084); goal contributions per 90 (-0.076)
195488,league minutes (+0.359); height (+0.338); league context (+0.179); minutes last season (+0.124); 3-season average minutes (+0.118),age (-1.108); goal contributions per 90 (-0.169); goals per 90 (-0.053); 3-season average output (-0.044); minutes consistency (-0.032)
195736,seasons of top-5 history (+0.353); position: Midfield (+0.126); minutes last season (+0.112); 3-season average minutes (+0.066); change in assists/90 (+0.048),league minutes (-0.283); goal contributions per 90 (-0.217); club squad rotation (-0.197); age (-0.136); goals per 90 (-0.082)
195778,league minutes (+0.389); seasons of top-5 history (+0.265); 3-season average minutes (+0.176); height (+0.151); disciplinary record (+0.124),league context (-0.207); goal contributions per 90 (-0.147); goals per 90 (-0.089); 3-season average output (-0.037); position: Midfield (-0.035)
196231,seasons of top-5 history (+0.181); disciplinary record (+0.078); height (+0.073); position: Defender (+0.041); gap since last season (+0.020),league minutes (-0.384); league context (-0.279); minutes per appearance (-0.256); goal contributions per 90 (-0.151); age (-0.128)
196357,league minutes (+0.262); height (+0.194); seasons of top-5 history (+0.192); 3-season average minutes (+0.189); minutes per appearance (+0.143),league context (-0.247); goal contributions per 90 (-0.103); position: Midfield (-0.037); assists per 90 (-0.022); age (-0.020)
196792,league minutes (+0.255); seasons of top-5 history (+0.218); minutes per appearance (+0.102); minutes last season (+0.073); position: Midfield (+0.065),league context (-0.238); goal contributions per 90 (-0.149); age (-0.093); minutes consistency (-0.076); goals per 90 (-0.054)
196793,league minutes (+0.234); minutes per appearance (+0.067); position: Defender (+0.043); goals/90 last season (+0.042); contributions/90 last season (+0.027),goal contributions per 90 (-0.261); league context (-0.167); age (-0.145); minutes last season (-0.065); position: Midfield (-0.058)
196813,league minutes (+0.357); club squad rotation (+0.111); minutes last season (+0.103); minutes per appearance (+0.101); height (+0.080),league context (-0.222); goal contributions per 90 (-0.172); age (-0.164); goals per 90 (-0.059); 3-season average minutes (-0.045)
197473,seasons of top-5 history (+0.344); position: Midfield (+0.131); league minutes (+0.109); minutes per appearance (+0.027); goals per 90 (+0.027),goal contributions per 90 (-0.233); club squad rotation (-0.161); age (-0.156); league context (-0.082); height (-0.059)
197747,seasons of top-5 history (+0.260); league minutes (+0.236); minutes per appearance (+0.100); minutes last season (+0.094); 3-season average minutes (+0.093),goal contributions per 90 (-0.197); age (-0.160); minutes consistency (-0.120); 3-season average output (-0.046); disciplinary record (-0.041)
197838,seasons of top-5 history (+0.303); league context (+0.258); 3-season average output (+0.178); goal contributions per 90 (+0.165); league minutes (+0.113),age (-2.245); gap since last season (-0.178); minutes consistency (-0.085); height (-0.067); position: Midfield (-0.053)
197929,league minutes (+0.242); height (+0.174); seasons of top-5 history (+0.157); 3-season average minutes (+0.151); minutes last season (+0.130),age (-0.333); goal contributions per 90 (-0.173); goals per 90 (-0.094); 3-season average output (-0.044); position: Midfield (-0.030)
198116,goal contributions per 90 (+0.413); age (+0.150); league minutes (+0.148); position: Defender (+0.140); seasons of top-5 history (+0.116),minutes per appearance (-0.121); position: Midfield (-0.021); minutes consistency (-0.014); change in contributions/90 (-0.008); change in assists/90 (-0.006)
199248,seasons of top-5 history (+0.236); minutes last season (+0.170); 3-season average minutes (+0.158); position: Midfield (+0.145); league minutes (+0.099),age (-0.103); minutes per appearance (-0.100); club squad rotation (-0.041); position: Defender (-0.017); 3-season average output (-0.015)
199527,goal contributions per 90 (+0.881); league context (+0.301); assists per 90 (+0.176); contributions/90 last season (+0.141); assists/90 last season (+0.130),minutes per appearance (-0.096); minutes last season (-0.086); age (-0.066); position: Midfield (-0.058); position: Defender (-0.053)
199704,seasons of top-5 history (+0.411); height (+0.114); 3-season average minutes (+0.112); minutes last season (+0.039); goals/90 last season (+0.031),age (-1.975); league minutes (-0.226); goal contributions per 90 (-0.156); league context (-0.155); minutes per appearance (-0.059)
199733,seasons of top-5 history (+0.325); position: Midfield (+0.064); disciplinary record (+0.052); goals per 90 (+0.043); gap since last season (+0.028),age (-0.371); club squad rotation (-0.175); league minutes (-0.085); league context (-0.078); height (-0.073)
202228,seasons of top-5 history (+0.171); 3-season average minutes (+0.107); club squad rotation (+0.091); minutes last season (+0.091); goals/90 last season (+0.069),league minutes (-0.301); league context (-0.180); goal contributions per 90 (-0.176); age (-0.109); goals per 90 (-0.052)
202886,seasons of top-5 history (+0.319); minutes last season (+0.094); position: Midfield (+0.072); height (+0.054); 3-season average output (+0.037),league minutes (-0.398); goal contributions per 90 (-0.205); club squad rotation (-0.190); goals per 90 (-0.112); league context (-0.100)
203394,league context (+0.377); seasons of top-5 history (+0.141); position: Midfield (+0.132); minutes last season (+0.131); 3-season average minutes (+0.112),minutes per appearance (-0.087); height (-0.065); minutes consistency (-0.060); position: Defender (-0.023); appearances (-0.010)
203746,seasons of top-5 history (+0.330); goal contributions per 90 (+0.170); club squad rotation (+0.122); position: Defender (+0.099); height (+0.094),age (-0.827); league minutes (-0.206); league context (-0.078); position: Midfield (-0.042); 3-season average output (-0.025)
204047,league minutes (+0.151); minutes per appearance (+0.139); position: Midfield (+0.112); goals per 90 (+0.057); disciplinary record (+0.037),league context (-0.230); age (-0.153); height (-0.074); 3-season average minutes (-0.060); goal contributions per 90 (-0.045)
204103,league context (+0.327); seasons of top-5 history (+0.160); goal contributions per 90 (+0.103); assists per 90 (+0.092); 3-season average minutes (+0.057),gap since last season (-0.203); minutes per appearance (-0.152); position: Midfield (-0.074); minutes consistency (-0.073); position: Defender (-0.062)
205938,seasons of top-5 history (+0.243); minutes last season (+0.107); position: Midfield (+0.107); 3-season average output (+0.092); league minutes (+0.085),club squad rotation (-0.140); age (-0.129); minutes per appearance (-0.099); position: Defender (-0.020); league context (-0.014)
206040,league context (+0.356); goal contributions per 90 (+0.330); seasons of top-5 history (+0.133); league minutes (+0.123); 3-season average output (+0.037),age (-1.555); minutes per appearance (-0.091); minutes consistency (-0.064); position: Defender (-0.061); position: Midfield (-0.054)
206050,goal contributions per 90 (+0.423); 3-season average output (+0.404); contributions/90 last season (+0.256); seasons of top-5 history (+0.157); assists/90 last season (+0.121),age (-0.514); league minutes (-0.146); minutes per appearance (-0.075); position: Midfield (-0.042); position: Defender (-0.032)
206746,league context (+0.253); seasons of top-5 history (+0.171); minutes last season (+0.061); club squad rotation (+0.047); assists/90 last season (+0.038),gap since last season (-0.300); goal contributions per 90 (-0.207); age (-0.139); height (-0.091); minutes consistency (-0.065)
207014,league context (+0.461); seasons of top-5 history (+0.234); league minutes (+0.123); position: Midfield (+0.120); minutes last season (+0.038),age (-0.140); disciplinary record (-0.084); goal contributions per 90 (-0.076); goals per 90 (-0.059); 3-season average minutes (-0.058)
207917,seasons of top-5 history (+0.218); 3-season average output (+0.106); height (+0.048); position: Defender (+0.045); goals/90 last season (+0.022),age (-0.981); goal contributions per 90 (-0.276); league minutes (-0.100); club squad rotation (-0.085); goals per 90 (-0.047)
210178,league minutes (+0.242); seasons of top-5 history (+0.123); height (+0.116); minutes last season (+0.079); minutes per appearance (+0.074),age (-0.633); goal contributions per 90 (-0.196); club squad rotation (-0.160); goals per 90 (-0.097); league context (-0.064)
211474,goal contributions per 90 (+0.225); position: Defender (+0.099); goals per 90 (+0.053); gap since last season (+0.028); minutes consistency (+0.024),age (-0.294); league context (-0.234); league minutes (-0.152); minutes per appearance (-0.084); minutes last season (-0.054)
212723,seasons of top-5 history (+0.359); 3-season average minutes (+0.195); position: Midfield (+0.117); age (+0.073); league minutes (+0.066),club squad rotation (-0.170); goal contributions per 90 (-0.157); minutes per appearance (-0.075); height (-0.068); assists per 90 (-0.044)
212804,goal contributions per 90 (+0.273); assists per 90 (+0.098); position: Midfield (+0.048); 3-season average output (+0.024); 3-season average minutes (+0.023),age (-0.849); league context (-0.198); gap since last season (-0.187); league minutes (-0.172); minutes per appearance (-0.132)
212862,league minutes (+0.500); seasons of top-5 history (+0.234); league context (+0.218); 3-season average minutes (+0.212); disciplinary record (+0.180),goal contributions per 90 (-0.165); age (-0.120); club squad rotation (-0.073); goals per 90 (-0.056); 3-season average output (-0.032)
213260,league minutes (+0.196); seasons of top-5 history (+0.190); league context (+0.166); disciplinary record (+0.072); height (+0.066),age (-0.586); minutes per appearance (-0.116); position: Defender (-0.067); position: Midfield (-0.062); minutes consistency (-0.052)
213670,league minutes (+0.317); height (+0.173); league context (+0.167); minutes per appearance (+0.096); club squad rotation (+0.096),age (-0.441); goal contributions per 90 (-0.139); assists per 90 (-0.058); minutes consistency (-0.048); minutes last season (-0.038)
215599,seasons of top-5 history (+0.253); height (+0.102); position: Defender (+0.033); gap since last season (+0.022); goals/90 last season (+0.021),goal contributions per 90 (-0.204); league context (-0.132); age (-0.091); minutes per appearance (-0.089); 3-season average minutes (-0.086)
215977,seasons of top-5 history (+0.363); position: Midfield (+0.136); club squad rotation (+0.130); league minutes (+0.107); 3-season average output (+0.103),age (-0.546); league context (-0.150); minutes last season (-0.056); minutes consistency (-0.034); position: Defender (-0.026)
216569,seasons of top-5 history (+0.361); minutes last season (+0.113); 3-season average minutes (+0.110); contributions/90 last season (+0.076); age (+0.065),league minutes (-0.231); league context (-0.165); minutes per appearance (-0.093); position: Defender (-0.057); position: Midfield (-0.046)
217115,goal contributions per 90 (+0.736); seasons of top-5 history (+0.248); assists per 90 (+0.082); age (+0.067); height (+0.043),league minutes (-0.344); league context (-0.187); minutes per appearance (-0.113); position: Defender (-0.060); position: Midfield (-0.047)
220878,seasons of top-5 history (+0.443); club squad rotation (+0.086); position: Defender (+0.036); 3-season average minutes (+0.035); goals per 90 (+0.033),age (-0.402); league minutes (-0.222); goal contributions per 90 (-0.210); height (-0.084); minutes per appearance (-0.073)
221025,seasons of top-5 history (+0.252); position: Midfield (+0.091); height (+0.067); goals/90 last season (+0.019); change in contributions/90 (+0.018),age (-0.571); league context (-0.282); league minutes (-0.212); gap since last season (-0.188); goal contributions per 90 (-0.181)
221150,seasons of top-5 history (+0.236); league minutes (+0.190); 3-season average minutes (+0.168); league context (+0.142); minutes last season (+0.074),age (-1.117); goal contributions per 90 (-0.224); height (-0.124); 3-season average output (-0.076); goals per 90 (-0.070)
221311,minutes consistency (+0.020); goals per 90 (+0.015); goals/90 last season (+0.009); appearances (+0.006); height (+0.005),age (-0.811); gap since last season (-0.204); league minutes (-0.203); club squad rotation (-0.154); minutes per appearance (-0.147)
221316,seasons of top-5 history (+0.227); 3-season average output (+0.134); league context (+0.122); league minutes (+0.122); position: Defender (+0.088),age (-1.361); 3-season average minutes (-0.063); minutes per appearance (-0.052); minutes last season (-0.049); position: Midfield (-0.047)
221322,seasons of top-5 history (+0.371); 3-season average output (+0.151); league context (+0.092); 3-season average minutes (+0.060); position: Defender (+0.048),goal contributions per 90 (-0.291); age (-0.135); club squad rotation (-0.131); goals per 90 (-0.076); position: Midfield (-0.052)
222855,league minutes (+0.454); position: Midfield (+0.096); minutes per appearance (+0.075); minutes consistency (+0.035); gap since last season (+0.026),goal contributions per 90 (-0.212); club squad rotation (-0.194); height (-0.106); age (-0.103); minutes last season (-0.067)
223967,seasons of top-5 history (+0.297); 3-season average output (+0.090); position: Defender (+0.086); age (+0.078); output consistency (+0.041),league context (-0.194); minutes per appearance (-0.139); 3-season average minutes (-0.068); goal contributions per 90 (-0.061); height (-0.048)
223974,seasons of top-5 history (+0.345); 3-season average minutes (+0.232); minutes last season (+0.132); age (+0.083); position: Defender (+0.039),league minutes (-0.321); goal contributions per 90 (-0.203); league context (-0.106); minutes per appearance (-0.087); goals per 90 (-0.086)
225122,league context (+0.396); goal contributions per 90 (+0.383); seasons of top-5 history (+0.195); assists per 90 (+0.074); age (+0.069),league minutes (-0.315); minutes per appearance (-0.223); minutes consistency (-0.108); minutes last season (-0.075); position: Defender (-0.068)
225657,league minutes (+0.233); seasons of top-5 history (+0.177); 3-season average minutes (+0.149); minutes per appearance (+0.134); height (+0.097),goal contributions per 90 (-0.185); league context (-0.173); minutes consistency (-0.070); minutes last season (-0.042); assists per 90 (-0.033)
225873,seasons of top-5 history (+0.329); position: Midfield (+0.127); 3-season average minutes (+0.066); goals per 90 (+0.039); gap since last season (+0.025),age (-0.161); club squad rotation (-0.158); league minutes (-0.155); goal contributions per 90 (-0.144); minutes per appearance (-0.087)
226012,league minutes (+0.390); seasons of top-5 history (+0.245); league context (+0.208); 3-season average minutes (+0.175); height (+0.167),age (-0.749); goal contributions per 90 (-0.135); goals per 90 (-0.052); 3-season average output (-0.042); contributions/90 last season (-0.027)
226524,3-season average minutes (+0.170); seasons of top-5 history (+0.150); position: Midfield (+0.129); league minutes (+0.058); goals/90 last season (+0.029),goal contributions per 90 (-0.191); club squad rotation (-0.148); minutes consistency (-0.138); minutes last season (-0.106); league context (-0.101)
227084,league minutes (+0.254); minutes per appearance (+0.118); minutes last season (+0.089); height (+0.086); age (+0.056),goal contributions per 90 (-0.192); league context (-0.132); goals per 90 (-0.071); 3-season average minutes (-0.057); appearances (-0.030)
228948,seasons of top-5 history (+0.318); league minutes (+0.133); minutes per appearance (+0.116); disciplinary record (+0.102); position: Defender (+0.061),league context (-0.318); goal contributions per 90 (-0.087); minutes last season (-0.056); assists per 90 (-0.033); minutes consistency (-0.021)
229006,goal contributions per 90 (+0.853); assists per 90 (+0.173); assists/90 last season (+0.146); minutes last season (+0.098); 3-season average minutes (+0.097),league minutes (-0.231); league context (-0.205); height (-0.048); position: Midfield (-0.044); position: Defender (-0.036)
229604,league minutes (+0.261); seasons of top-5 history (+0.237); height (+0.116); disciplinary record (+0.090); minutes per appearance (+0.082),age (-1.010); gap since last season (-0.250); league context (-0.205); goal contributions per 90 (-0.161); minutes consistency (-0.095)
229804,seasons of top-5 history (+0.344); league context (+0.064); 3-season average minutes (+0.045); position: Defender (+0.025); output consistency (+0.011),age (-0.470); goal contributions per 90 (-0.247); league minutes (-0.215); gap since last season (-0.209); height (-0.082)
230784,league context (+0.272); league minutes (+0.238); seasons of top-5 history (+0.211); position: Midfield (+0.096); 3-season average minutes (+0.073),age (-0.815); gap since last season (-0.316); height (-0.035); assists per 90 (-0.026); position: Defender (-0.014)
231572,league context (+0.370); league minutes (+0.256); seasons of top-5 history (+0.249); 3-season average minutes (+0.092); minutes last season (+0.087),age (-0.570); height (-0.120); club squad rotation (-0.095); goals per 90 (-0.092); goal contributions per 90 (-0.090)
232320,position: Midfield (+0.225); height (+0.203); league minutes (+0.180); 3-season average minutes (+0.157); seasons of top-5 history (+0.142),league context (-0.228); goal contributions per 90 (-0.062); appearances (-0.037); 3-season average output (-0.025); position: Defender (-0.017)
232418,seasons of top-5 history (+0.295); league minutes (+0.136); minutes last season (+0.100); minutes per appearance (+0.098); position: Midfield (+0.072),age (-0.216); club squad rotation (-0.210); disciplinary record (-0.079); league context (-0.073); goal contributions per 90 (-0.060)
232454,minutes per appearance (+0.139); position: Midfield (+0.135); league minutes (+0.134); seasons of top-5 history (+0.112); goal contributions per 90 (+0.089),league context (-0.227); minutes last season (-0.087); 3-season average minutes (-0.073); height (-0.055); appearances (-0.023)
234509,league context (+0.435); league minutes (+0.405); 3-season average minutes (+0.178); minutes last season (+0.169); height (+0.142),goal contributions per 90 (-0.171); minutes consistency (-0.108); goals per 90 (-0.081); club squad rotation (-0.078); seasons of top-5 history (-0.035)
234523,seasons of top-5 history (+0.334); 3-season average minutes (+0.149); minutes last season (+0.098); 3-season average output (+0.071); goals per 90 (+0.050),league minutes (-0.247); club squad rotation (-0.143); minutes per appearance (-0.126); league context (-0.074); age (-0.064)
234803,league context (+0.320); league minutes (+0.168); seasons of top-5 history (+0.160); 3-season average output (+0.103); club squad rotation (+0.083),age (-0.475); goal contributions per 90 (-0.243); height (-0.099); goals per 90 (-0.046); minutes last season (-0.045)
234811,seasons of top-5 history (+0.265); 3-season average minutes (+0.089); minutes per appearance (+0.086); minutes last season (+0.079); height (+0.079),age (-0.432); league minutes (-0.279); goal contributions per 90 (-0.250); club squad rotation (-0.244); goals per 90 (-0.091)
235931,position: Midfield (+0.177); seasons of top-5 history (+0.137); height (+0.117); goals per 90 (+0.055); gap since last season (+0.024),league minutes (-0.238); minutes per appearance (-0.143); age (-0.132); goal contributions per 90 (-0.062); 3-season average minutes (-0.055)
236490,league minutes (+0.313); league context (+0.281); seasons of top-5 history (+0.170); minutes per appearance (+0.116); 3-season average minutes (+0.112),goal contributions per 90 (-0.169); minutes consistency (-0.097); height (-0.064); 3-season average output (-0.036); assists per 90 (-0.035)
237662,goal contributions per 90 (+0.426); seasons of top-5 history (+0.259); contributions/90 last season (+0.094); 3-season average output (+0.080); age (+0.075),league context (-0.227); gap since last season (-0.162); minutes per appearance (-0.104); position: Midfield (-0.052); position: Defender (-0.049)
238223,league context (+0.413); seasons of top-5 history (+0.203); 3-season average minutes (+0.138); league minutes (+0.121); minutes per appearance (+0.115),age (-0.540); goals per 90 (-0.077); 3-season average output (-0.066); position: Midfield (-0.037); contributions/90 last season (-0.027)
238266,seasons of top-5 history (+0.392); minutes per appearance (+0.097); height (+0.084); minutes last season (+0.059); goals per 90 (+0.052),goal contributions per 90 (-0.245); league minutes (-0.197); league context (-0.186); disciplinary record (-0.084); age (-0.056)
238407,goal contributions per 90 (+1.160); contributions/90 last season (+0.279); goals per 90 (+0.143); height (+0.114); minutes last season (+0.110),minutes per appearance (-0.284); league minutes (-0.160); position: Midfield (-0.052); position: Defender (-0.041); disciplinary record (-0.018)
238537,league minutes (+0.494); minutes last season (+0.198); height (+0.183); 3-season average minutes (+0.174); minutes per appearance (+0.081),club squad rotation (-0.190); goal contributions per 90 (-0.182); age (-0.119); goals per 90 (-0.075); seasons of top-5 history (-0.036)
238993,minutes last season (+0.136); height (+0.084); disciplinary record (+0.079); minutes per appearance (+0.079); minutes consistency (+0.036),league minutes (-0.329); goal contributions per 90 (-0.291); goals per 90 (-0.097); age (-0.090); 3-season average minutes (-0.069)
239743,goal contributions per 90 (+0.176); 3-season average minutes (+0.152); position: Defender (+0.117); minutes last season (+0.088); minutes per appearance (+0.061),league context (-0.233); league minutes (-0.188); age (-0.175); position: Midfield (-0.025); assists/90 last season (-0.025)
239802,league minutes (+0.183); disciplinary record (+0.156); seasons of top-5 history (+0.125); 3-season average minutes (+0.123); league context (+0.118),age (-0.981); minutes per appearance (-0.082); 3-season average output (-0.054); height (-0.038); assists per 90 (-0.028)
239962,league minutes (+0.153); minutes per appearance (+0.150); height (+0.110); goals per 90 (+0.049); position: Defender (+0.037),goal contributions per 90 (-0.219); league context (-0.118); minutes last season (-0.089); 3-season average minutes (-0.069); position: Midfield (-0.064)
240306,goal contributions per 90 (+0.385); league context (+0.355); league minutes (+0.209); seasons of top-5 history (+0.183); 3-season average minutes (+0.138),age (-0.365); club squad rotation (-0.111); height (-0.050); position: Defender (-0.013); appearances (-0.013)
240414,league minutes (+0.368); seasons of top-5 history (+0.246); 3-season average minutes (+0.187); age (+0.141); height (+0.122),goal contributions per 90 (-0.163); goals per 90 (-0.105); 3-season average output (-0.029); position: Midfield (-0.028); contributions/90 last season (-0.018)
240692,club squad rotation (+0.113); 3-season average minutes (+0.094); league context (+0.068); seasons of top-5 history (+0.029); position: Defender (+0.020),age (-0.558); league minutes (-0.349); goal contributions per 90 (-0.241); gap since last season (-0.220); minutes per appearance (-0.105)
241076,league minutes (+0.294); minutes per appearance (+0.129); 3-season average minutes (+0.117); seasons of top-5 history (+0.107); position: Midfield (+0.036),age (-0.536); club squad rotation (-0.167); goal contributions per 90 (-0.090); height (-0.086); minutes consistency (-0.050)
241641,league context (+0.387); seasons of top-5 history (+0.195); league minutes (+0.188); position: Midfield (+0.138); 3-season average minutes (+0.126),age (-0.394); position: Defender (-0.021); disciplinary record (-0.009); foot: left (-0.006); appearances (-0.006)
241923,league minutes (+0.582); 3-season average minutes (+0.214); minutes last season (+0.183); disciplinary record (+0.161); seasons of top-5 history (+0.157),goal contributions per 90 (-0.175); club squad rotation (-0.139); goals per 90 (-0.080); 3-season average output (-0.036); position: Midfield (-0.021)
242086,goal contributions per 90 (+1.301); contributions/90 last season (+0.173); goals per 90 (+0.132); 3-season average output (+0.128); seasons of top-5 history (+0.126),minutes per appearance (-0.238); league context (-0.212); minutes last season (-0.081); 3-season average minutes (-0.062); position: Defender (-0.047)
242273,seasons of top-5 history (+0.223); 3-season average minutes (+0.168); league minutes (+0.137); minutes last season (+0.117); position: Midfield (+0.105),league context (-0.293); goal contributions per 90 (-0.234); height (-0.151); goals per 90 (-0.103); 3-season average output (-0.062)
242631,league context (+0.338); league minutes (+0.212); seasons of top-5 history (+0.209); 3-season average minutes (+0.174); minutes last season (+0.114),minutes consistency (-0.077); height (-0.065); position: Midfield (-0.053); position: Defender (-0.045); age (-0.022)
242661,league minutes (+0.118); position: Defender (+0.042); goals per 90 (+0.028); minutes per appearance (+0.027); minutes consistency (+0.021),league context (-0.143); goal contributions per 90 (-0.100); height (-0.081); minutes last season (-0.079); 3-season average minutes (-0.072)
242940,seasons of top-5 history (+0.302); league minutes (+0.154); height (+0.098); position: Defender (+0.037); gap since last season (+0.030),age (-0.474); goal contributions per 90 (-0.227); club squad rotation (-0.130); minutes consistency (-0.077); league context (-0.068)
243028,league context (+0.365); seasons of top-5 history (+0.217); 3-season average minutes (+0.201); league minutes (+0.168); minutes per appearance (+0.093),gap since last season (-0.234); goal contributions per 90 (-0.211); minutes consistency (-0.104); club squad rotation (-0.099); age (-0.082)
243714,goal contributions per 90 (+0.464); seasons of top-5 history (+0.212); 3-season average output (+0.089); assists per 90 (+0.083); goals per 90 (+0.041),league context (-0.300); minutes per appearance (-0.274); league minutes (-0.216); 3-season average minutes (-0.074); minutes last season (-0.070)
243760,goals per 90 (+0.044); height (+0.044); position: Defender (+0.041); minutes consistency (+0.026); gap since last season (+0.026),club squad rotation (-0.245); age (-0.243); league minutes (-0.219); league context (-0.104); minutes per appearance (-0.082)
245056,league context (+0.333); seasons of top-5 history (+0.267); league minutes (+0.130); position: Midfield (+0.101); age (+0.058),goal contributions per 90 (-0.207); minutes last season (-0.100); disciplinary record (-0.081); goals per 90 (-0.073); height (-0.063)
245744,league context (+0.084); seasons of top-5 history (+0.058); 3-season average output (+0.043); minutes last season (+0.040); gap since last season (+0.036),age (-0.312); league minutes (-0.287); minutes per appearance (-0.131); position: Defender (-0.062); goal contributions per 90 (-0.048)
246291,seasons of top-5 history (+0.347); league minutes (+0.171); minutes per appearance (+0.119); minutes last season (+0.074); height (+0.060),age (-0.611); club squad rotation (-0.213); goal contributions per 90 (-0.186); 3-season average output (-0.060); assists per 90 (-0.035)
246968,goal contributions per 90 (+0.871); goals per 90 (+0.266); seasons of top-5 history (+0.253); league context (+0.092); minutes last season (+0.054),age (-0.632); minutes per appearance (-0.124); height (-0.078); club squad rotation (-0.067); position: Midfield (-0.046)
247555,seasons of top-5 history (+0.320); 3-season average minutes (+0.114); position: Midfield (+0.088); club squad rotation (+0.068); height (+0.029),league context (-0.279); league minutes (-0.270); goal contributions per 90 (-0.216); goals per 90 (-0.058); minutes last season (-0.051)
247915,3-season average minutes (+0.098); minutes last season (+0.089); height (+0.065); minutes per appearance (+0.044); seasons of top-5 history (+0.026),age (-0.552); league minutes (-0.318); goal contributions per 90 (-0.234); gap since last season (-0.229); league context (-0.172)
248454,league minutes (+0.444); height (+0.147); minutes per appearance (+0.091); disciplinary record (+0.045); gap since last season (+0.023),goal contributions per 90 (-0.164); league context (-0.130); goals per 90 (-0.057); minutes last season (-0.053); 3-season average minutes (-0.052)
248732,seasons of top-5 history (+0.143); minutes last season (+0.095); height (+0.086); gap since last season (+0.026); position: Defender (+0.026),goal contributions per 90 (-0.277); club squad rotation (-0.248); age (-0.204); league context (-0.135); goals per 90 (-0.097)
248738,league minutes (+0.394); league context (+0.174); height (+0.141); minutes per appearance (+0.113); seasons of top-5 history (+0.111),age (-0.759); goal contributions per 90 (-0.155); minutes consistency (-0.129); goals per 90 (-0.059); 3-season average output (-0.045)
248999,seasons of top-5 history (+0.185); minutes last season (+0.093); goal contributions per 90 (+0.062); 3-season average output (+0.053); 3-season average minutes (+0.043),age (-0.557); league context (-0.345); minutes per appearance (-0.109); position: Defender (-0.058); position: Midfield (-0.055)
249089,league context (+0.386); league minutes (+0.228); seasons of top-5 history (+0.117); position: Midfield (+0.110); minutes last season (+0.074),goal contributions per 90 (-0.164); minutes consistency (-0.093); height (-0.074); goals per 90 (-0.070); 3-season average output (-0.042)
249126,league context (+0.401); seasons of top-5 history (+0.242); position: Midfield (+0.142); minutes last season (+0.022); output consistency (+0.010),gap since last season (-0.216); goal contributions per 90 (-0.177); league minutes (-0.173); height (-0.116); goals per 90 (-0.099)
249513,seasons of top-5 history (+0.283); league minutes (+0.279); league context (+0.150); minutes per appearance (+0.109); minutes last season (+0.076),age (-0.764); goal contributions per 90 (-0.147); height (-0.103); goals per 90 (-0.056); position: Midfield (-0.050)
249565,league context (+0.341); seasons of top-5 history (+0.223); league minutes (+0.210); age (+0.163); 3-season average minutes (+0.145),height (-0.058); minutes last season (-0.018); minutes consistency (-0.015); position: Defender (-0.014); appearances (-0.009)
249636,league minutes (+0.217); height (+0.125); minutes last season (+0.108); minutes per appearance (+0.102); goals per 90 (+0.042),league context (-0.330); goal contributions per 90 (-0.191); age (-0.139); 3-season average minutes (-0.056); position: Midfield (-0.047)
249730,seasons of top-5 history (+0.284); league minutes (+0.131); height (+0.107); minutes per appearance (+0.090); goals/90 last season (+0.036),age (-0.392); goal contributions per 90 (-0.203); club squad rotation (-0.203); league context (-0.125); 3-season average output (-0.044)
249994,league context (+0.448); league minutes (+0.220); height (+0.137); minutes last season (+0.134); 3-season average minutes (+0.118),age (-0.732); club squad rotation (-0.169); goal contributions per 90 (-0.165); goals per 90 (-0.087); 3-season average output (-0.032)
250013,seasons of top-5 history (+0.449); 3-season average minutes (+0.115); position: Midfield (+0.103); club squad rotation (+0.102); goals per 90 (+0.036),league minutes (-0.222); minutes per appearance (-0.112); league context (-0.108); minutes consistency (-0.072); minutes last season (-0.051)
250426,league context (+0.498); goals per 90 (+0.045); 3-season average output (+0.037); height (+0.018); goals/90 last season (+0.017),league minutes (-0.269); gap since last season (-0.188); club squad rotation (-0.118); minutes per appearance (-0.086); position: Midfield (-0.080)
250779,seasons of top-5 history (+0.170); 3-season average minutes (+0.154); league minutes (+0.134); minutes last season (+0.121); minutes per appearance (+0.068),league context (-0.324); goal contributions per 90 (-0.247); age (-0.227); height (-0.100); 3-season average output (-0.047)
250845,seasons of top-5 history (+0.244); league context (+0.132); club squad rotation (+0.124); height (+0.066); league minutes (+0.055),goal contributions per 90 (-0.234); age (-0.209); minutes last season (-0.068); minutes per appearance (-0.058); goals per 90 (-0.055)
251075,seasons of top-5 history (+0.342); 3-season average minutes (+0.186); league minutes (+0.124); age (+0.093); 3-season average output (+0.048),goal contributions per 90 (-0.221); gap since last season (-0.137); goals per 90 (-0.092); height (-0.070); position: Midfield (-0.044)
251299,minutes last season (+0.103); height (+0.070); appearances (+0.064); age (+0.059); minutes per appearance (+0.057),goal contributions per 90 (-0.256); league minutes (-0.123); league context (-0.088); goals per 90 (-0.072); 3-season average minutes (-0.070)
251302,position: Midfield (+0.151); 3-season average minutes (+0.109); age (+0.106); goals per 90 (+0.044); appearances (+0.032),league minutes (-0.199); league context (-0.171); minutes per appearance (-0.082); height (-0.059); change in assists/90 (-0.049)
251303,age (+0.111); goal contributions per 90 (+0.107); change in goals/90 (+0.048); assists per 90 (+0.047); goals per 90 (+0.036),gap since last season (-0.321); league context (-0.135); minutes last season (-0.070); position: Defender (-0.058); 3-season average minutes (-0.058)
251322,height (+0.092); minutes last season (+0.084); minutes per appearance (+0.065); disciplinary record (+0.055); club squad rotation (+0.028),league context (-0.385); goal contributions per 90 (-0.282); league minutes (-0.103); goals per 90 (-0.070); 3-season average minutes (-0.066)
251876,seasons of top-5 history (+0.274); 3-season average minutes (+0.246); league minutes (+0.165); age (+0.132); league context (+0.108),goal contributions per 90 (-0.218); goals per 90 (-0.088); minutes consistency (-0.072); position: Midfield (-0.053); disciplinary record (-0.026)
251878,seasons of top-5 history (+0.355); league minutes (+0.300); minutes per appearance (+0.100); age (+0.063); assists per 90 (+0.058),goals per 90 (-0.111); club squad rotation (-0.107); height (-0.098); minutes last season (-0.056); goal contributions per 90 (-0.052)
253677,league context (+0.313); 3-season average minutes (+0.201); minutes last season (+0.158); seasons of top-5 history (+0.155); height (+0.149),age (-0.869); league minutes (-0.302); gap since last season (-0.300); goal contributions per 90 (-0.229); goals per 90 (-0.076)
255488,seasons of top-5 history (+0.357); minutes per appearance (+0.120); league context (+0.081); goals per 90 (+0.039); 3-season average minutes (+0.033),goal contributions per 90 (-0.266); age (-0.191); club squad rotation (-0.113); height (-0.084); league minutes (-0.077)
255508,league context (+0.230); seasons of top-5 history (+0.228); goal contributions per 90 (+0.225); 3-season average minutes (+0.172); league minutes (+0.166),age (-0.446); club squad rotation (-0.115); position: Midfield (-0.043); position: Defender (-0.042); assists/90 last season (-0.021)
255788,league context (+0.494); height (+0.130); minutes per appearance (+0.084); disciplinary record (+0.071); position: Defender (+0.034),league minutes (-0.207); goal contributions per 90 (-0.174); club squad rotation (-0.142); goals per 90 (-0.116); minutes last season (-0.069)
255838,position: Midfield (+0.125); 3-season average minutes (+0.123); output consistency (+0.077); goals per 90 (+0.057); 3-season average output (+0.035),league minutes (-0.269); age (-0.190); club squad rotation (-0.190); minutes per appearance (-0.088); minutes consistency (-0.075)
255901,league context (+0.198); seasons of top-5 history (+0.143); club squad rotation (+0.118); position: Midfield (+0.104); assists per 90 (+0.101),age (-0.405); minutes per appearance (-0.113); height (-0.078); appearances (-0.022); position: Defender (-0.020)
255906,league minutes (+0.169); height (+0.102); minutes per appearance (+0.086); position: Defender (+0.024); minutes consistency (+0.023),goal contributions per 90 (-0.267); club squad rotation (-0.263); gap since last season (-0.185); goals per 90 (-0.089); 3-season average minutes (-0.075)
255942,3-season average minutes (+0.187); seasons of top-5 history (+0.171); league context (+0.167); league minutes (+0.164); age (+0.151),position: Defender (-0.021); height (-0.013); change in contributions/90 (-0.008); change in assists/90 (-0.007); appearances (-0.004)
256267,league context (+0.179); height (+0.161); minutes last season (+0.109); 3-season average minutes (+0.083); league minutes (+0.078),age (-0.513); position: Defender (-0.072); position: Midfield (-0.060); minutes consistency (-0.046); minutes per appearance (-0.032)
256448,league minutes (+0.390); seasons of top-5 history (+0.267); 3-season average minutes (+0.242); minutes last season (+0.129); height (+0.124),goal contributions per 90 (-0.141); position: Midfield (-0.046); club squad rotation (-0.033); disciplinary record (-0.032); assists per 90 (-0.026)
257062,league minutes (+0.194); league context (+0.176); 3-season average minutes (+0.138); minutes last season (+0.090); goal contributions per 90 (+0.074),age (-1.017); position: Defender (-0.072); position: Midfield (-0.058); minutes per appearance (-0.048); change in contributions/90 (-0.028)
257376,seasons of top-5 history (+0.247); minutes per appearance (+0.115); height (+0.110); league context (+0.097); position: Defender (+0.033),goal contributions per 90 (-0.251); age (-0.199); minutes consistency (-0.084); minutes last season (-0.068); league minutes (-0.068)
257474,league minutes (+0.534); height (+0.259); 3-season average minutes (+0.237); minutes last season (+0.187); age (+0.097),goal contributions per 90 (-0.172); club squad rotation (-0.158); goals per 90 (-0.098); league context (-0.059); minutes consistency (-0.049)
257732,league minutes (+0.322); league context (+0.158); height (+0.146); 3-season average minutes (+0.133); minutes last season (+0.116),age (-0.373); goal contributions per 90 (-0.094); goals per 90 (-0.046); change in minutes (-0.016); position: Midfield (-0.012)
257814,league minutes (+0.306); seasons of top-5 history (+0.266); age (+0.149); height (+0.147); 3-season average minutes (+0.143),league context (-0.221); goal contributions per 90 (-0.179); goals per 90 (-0.105); position: Midfield (-0.042); 3-season average output (-0.037)
258004,league context (+0.436); seasons of top-5 history (+0.165); 3-season average minutes (+0.154); league minutes (+0.132); age (+0.120),goal contributions per 90 (-0.213); goals per 90 (-0.115); contributions/90 last season (-0.043); 3-season average output (-0.037); disciplinary record (-0.027)
258039,3-season average output (+0.124); position: Defender (+0.048); league minutes (+0.039); gap since last season (+0.020); goals/90 last season (+0.019),goal contributions per 90 (-0.285); league context (-0.257); club squad rotation (-0.068); goals per 90 (-0.064); seasons of top-5 history (-0.062)
258878,league context (+0.459); 3-season average minutes (+0.166); height (+0.154); age (+0.087); position: Defender (+0.057),league minutes (-0.225); goal contributions per 90 (-0.104); minutes per appearance (-0.090); position: Midfield (-0.061); 3-season average output (-0.039)
258889,league context (+0.421); goal contributions per 90 (+0.254); 3-season average minutes (+0.164); age (+0.163); minutes last season (+0.154),minutes consistency (-0.110); club squad rotation (-0.065); position: Defender (-0.042); position: Midfield (-0.030); change in goals/90 (-0.023)
258919,league minutes (+0.430); league context (+0.425); seasons of top-5 history (+0.164); height (+0.093); age (+0.082),goal contributions per 90 (-0.181); goals per 90 (-0.057); 3-season average output (-0.034); contributions/90 last season (-0.030); position: Midfield (-0.025)
258923,goal contributions per 90 (+0.475); league context (+0.393); seasons of top-5 history (+0.211); age (+0.143); 3-season average minutes (+0.086),league minutes (-0.210); minutes per appearance (-0.128); minutes consistency (-0.087); position: Midfield (-0.053); club squad rotation (-0.053)
258987,league minutes (+0.135); minutes last season (+0.120); league context (+0.042); gap since last season (+0.032); position: Defender (+0.028),goal contributions per 90 (-0.291); age (-0.140); 3-season average minutes (-0.081); club squad rotation (-0.071); position: Midfield (-0.049)
260827,league context (+0.350); league minutes (+0.217); seasons of top-5 history (+0.195); 3-season average minutes (+0.182); minutes last season (+0.163),goal contributions per 90 (-0.184); goals per 90 (-0.097); disciplinary record (-0.050); position: Midfield (-0.037); assists per 90 (-0.013)
261504,minutes last season (+0.159); 3-season average minutes (+0.142); club squad rotation (+0.130); age (+0.121); position: Midfield (+0.103),league context (-0.210); minutes per appearance (-0.202); league minutes (-0.197); minutes consistency (-0.069); position: Defender (-0.023)
261905,seasons of top-5 history (+0.346); position: Midfield (+0.143); 3-season average minutes (+0.116); age (+0.073); goals per 90 (+0.062),league minutes (-0.204); club squad rotation (-0.152); minutes per appearance (-0.091); league context (-0.079); height (-0.037)
262226,league context (+0.322); seasons of top-5 history (+0.248); 3-season average minutes (+0.179); minutes last season (+0.108); disciplinary record (+0.062),league minutes (-0.235); goal contributions per 90 (-0.229); goals per 90 (-0.079); minutes per appearance (-0.061); age (-0.059)
262300,league context (+0.680); position: Defender (+0.034); gap since last season (+0.025); minutes consistency (+0.019); change in minutes (+0.007),goal contributions per 90 (-0.286); league minutes (-0.246); goals per 90 (-0.089); club squad rotation (-0.087); position: Midfield (-0.043)
262396,seasons of top-5 history (+0.301); 3-season average minutes (+0.261); league context (+0.195); minutes last season (+0.178); height (+0.132),goal contributions per 90 (-0.234); goals per 90 (-0.103); league minutes (-0.100); club squad rotation (-0.092); 3-season average output (-0.045)
262523,seasons of top-5 history (+0.352); 3-season average minutes (+0.124); minutes last season (+0.117); 3-season average output (+0.108); position: Defender (+0.047),league minutes (-0.419); goal contributions per 90 (-0.173); league context (-0.100); minutes per appearance (-0.079); goals per 90 (-0.063)
262749,league minutes (+0.373); league context (+0.342); 3-season average minutes (+0.175); minutes last season (+0.117); minutes per appearance (+0.080),goal contributions per 90 (-0.177); age (-0.140); goals per 90 (-0.070); minutes consistency (-0.051); position: Midfield (-0.032)
262939,league minutes (+0.225); seasons of top-5 history (+0.205); league context (+0.130); minutes last season (+0.035); gap since last season (+0.029),age (-1.004); goal contributions per 90 (-0.165); minutes consistency (-0.132); height (-0.100); 3-season average output (-0.043)
262980,league context (+0.394); seasons of top-5 history (+0.280); league minutes (+0.148); 3-season average minutes (+0.116); minutes last season (+0.104),age (-0.309); goal contributions per 90 (-0.191); height (-0.101); goals per 90 (-0.062); minutes per appearance (-0.042)
263236,seasons of top-5 history (+0.448); age (+0.202); 3-season average minutes (+0.189); minutes last season (+0.114); height (+0.103),goal contributions per 90 (-0.227); league context (-0.227); goals per 90 (-0.106); position: Midfield (-0.027); contributions/90 last season (-0.026)
263727,seasons of top-5 history (+0.233); goal contributions per 90 (+0.138); position: Midfield (+0.137); league context (+0.092); 3-season average minutes (+0.062),age (-0.496); gap since last season (-0.235); league minutes (-0.168); minutes per appearance (-0.088); 3-season average output (-0.031)
263918,seasons of top-5 history (+0.345); 3-season average minutes (+0.146); position: Midfield (+0.127); minutes last season (+0.116); 3-season average output (+0.089),league context (-0.245); league minutes (-0.214); minutes per appearance (-0.058); assists per 90 (-0.055); height (-0.044)
264372,contributions/90 last season (+0.115); goal contributions per 90 (+0.113); age (+0.113); assists per 90 (+0.111); assists/90 last season (+0.101),height (-0.079); club squad rotation (-0.071); seasons of top-5 history (-0.064); position: Midfield (-0.058); position: Defender (-0.057)
265078,goal contributions per 90 (+0.427); assists per 90 (+0.101); age (+0.077); goals per 90 (+0.055); 3-season average output (+0.053),gap since last season (-0.317); minutes per appearance (-0.147); club squad rotation (-0.092); position: Defender (-0.058); position: Midfield (-0.052)
265088,seasons of top-5 history (+0.295); league minutes (+0.270); 3-season average minutes (+0.253); age (+0.221); minutes last season (+0.176),goal contributions per 90 (-0.100); club squad rotation (-0.050); height (-0.029); assists per 90 (-0.017); disciplinary record (-0.015)
268429,3-season average minutes (+0.177); league minutes (+0.171); position: Midfield (+0.140); age (+0.113); minutes last season (+0.096),club squad rotation (-0.179); minutes per appearance (-0.116); height (-0.065); seasons of top-5 history (-0.052); goal contributions per 90 (-0.041)
270171,league context (+0.455); age (+0.190); 3-season average minutes (+0.176); league minutes (+0.153); minutes last season (+0.139),goal contributions per 90 (-0.069); height (-0.042); minutes consistency (-0.039); club squad rotation (-0.032); goals per 90 (-0.022)
270541,goal contributions per 90 (+1.046); contributions/90 last season (+0.314); minutes per appearance (+0.188); 3-season average output (+0.174); league minutes (+0.142),league context (-0.179); 3-season average minutes (-0.047); position: Defender (-0.032); position: Midfield (-0.027); minutes consistency (-0.017)
272278,minutes last season (+0.126); age (+0.101); 3-season average minutes (+0.070); disciplinary record (+0.050); league minutes (+0.048),league context (-0.243); minutes per appearance (-0.132); goal contributions per 90 (-0.065); position: Defender (-0.062); appearances (-0.061)
272622,league context (+0.464); seasons of top-5 history (+0.263); height (+0.128); club squad rotation (+0.048); position: Defender (+0.029),league minutes (-0.262); goal contributions per 90 (-0.217); goals per 90 (-0.061); position: Midfield (-0.050); 3-season average minutes (-0.047)
272812,seasons of top-5 history (+0.146); height (+0.115); league minutes (+0.111); position: Defender (+0.032); appearances (+0.030),goal contributions per 90 (-0.288); club squad rotation (-0.188); age (-0.169); minutes last season (-0.113); league context (-0.095)
272855,league context (+0.588); goal contributions per 90 (+0.111); height (+0.110); gap since last season (+0.035); goals per 90 (+0.033),age (-0.302); league minutes (-0.290); minutes per appearance (-0.232); club squad rotation (-0.101); position: Midfield (-0.047)
273132,seasons of top-5 history (+0.252); league minutes (+0.164); goal contributions per 90 (+0.107); minutes last season (+0.102); position: Defender (+0.101),age (-0.527); club squad rotation (-0.165); minutes consistency (-0.140); height (-0.064); foot: left (-0.011)
273669,position: Midfield (+0.100); age (+0.066); goals per 90 (+0.042); disciplinary record (+0.032); minutes consistency (+0.023),league context (-0.263); minutes per appearance (-0.206); league minutes (-0.181); minutes last season (-0.091); goal contributions per 90 (-0.072)
274461,age (+0.193); league minutes (+0.166); position: Defender (+0.100); assists per 90 (+0.081); height (+0.075),league context (-0.201); minutes last season (-0.100); appearances (-0.072); 3-season average minutes (-0.052); position: Midfield (-0.040)
274839,league context (+0.390); seasons of top-5 history (+0.289); league minutes (+0.143); position: Midfield (+0.096); 3-season average minutes (+0.078),gap since last season (-0.196); goals per 90 (-0.126); club squad rotation (-0.099); goal contributions per 90 (-0.061); height (-0.060)
274862,goal contributions per 90 (+0.603); seasons of top-5 history (+0.209); league minutes (+0.163); assists/90 last season (+0.097); assists per 90 (+0.097),league context (-0.258); position: Defender (-0.059); position: Midfield (-0.058); age (-0.058); change in minutes (-0.029)
275218,league minutes (+0.368); minutes per appearance (+0.118); league context (+0.118); club squad rotation (+0.087); gap since last season (+0.025),goal contributions per 90 (-0.222); goals per 90 (-0.075); age (-0.075); 3-season average minutes (-0.058); assists per 90 (-0.049)
275303,seasons of top-5 history (+0.398); club squad rotation (+0.091); height (+0.050); position: Defender (+0.037); gap since last season (+0.028),age (-0.368); goal contributions per 90 (-0.244); league minutes (-0.112); league context (-0.066); minutes per appearance (-0.065)
277033,league context (+0.467); minutes last season (+0.064); age (+0.047); assists/90 last season (+0.033); goals per 90 (+0.032),gap since last season (-0.383); league minutes (-0.344); minutes per appearance (-0.181); 3-season average minutes (-0.078); goal contributions per 90 (-0.053)
277137,league minutes (+0.161); league context (+0.130); position: Midfield (+0.119); club squad rotation (+0.099); seasons of top-5 history (+0.038),goal contributions per 90 (-0.269); age (-0.132); minutes last season (-0.077); 3-season average minutes (-0.062); assists per 90 (-0.061)
277179,league minutes (+0.387); seasons of top-5 history (+0.270); 3-season average minutes (+0.104); 3-season average output (+0.089); minutes per appearance (+0.083),goal contributions per 90 (-0.135); minutes consistency (-0.089); minutes last season (-0.057); club squad rotation (-0.027); change in minutes (-0.027)
277384,3-season average minutes (+0.300); league minutes (+0.260); league context (+0.199); seasons of top-5 history (+0.169); minutes per appearance (+0.140),goal contributions per 90 (-0.139); 3-season average output (-0.052); age (-0.027); position: Midfield (-0.023); assists per 90 (-0.022)
278296,league minutes (+0.280); league context (+0.152); seasons of top-5 history (+0.142); minutes per appearance (+0.136); minutes last season (+0.077),age (-1.418); goal contributions per 90 (-0.170); minutes consistency (-0.065); assists per 90 (-0.038); disciplinary record (-0.023)
278359,goal contributions per 90 (+0.386); seasons of top-5 history (+0.198); 3-season average output (+0.176); league context (+0.117); minutes last season (+0.073),age (-0.871); gap since last season (-0.298); minutes per appearance (-0.120); position: Midfield (-0.047); position: Defender (-0.042)
278531,league minutes (+0.438); 3-season average minutes (+0.261); minutes last season (+0.152); height (+0.152); seasons of top-5 history (+0.151),minutes consistency (-0.108); goal contributions per 90 (-0.100); goals per 90 (-0.068); club squad rotation (-0.054); position: Midfield (-0.043)
278837,league minutes (+0.233); 3-season average minutes (+0.164); league context (+0.147); seasons of top-5 history (+0.142); minutes last season (+0.081),age (-0.692); club squad rotation (-0.137); position: Defender (-0.056); height (-0.055); position: Midfield (-0.036)
279455,goal contributions per 90 (+0.532); league context (+0.381); assists/90 last season (+0.142); age (+0.073); goals per 90 (+0.063),league minutes (-0.298); minutes per appearance (-0.153); position: Defender (-0.053); position: Midfield (-0.052); 3-season average minutes (-0.045)
280387,league minutes (+0.175); minutes per appearance (+0.125); minutes last season (+0.114); position: Midfield (+0.055); goals per 90 (+0.043),league context (-0.483); age (-0.087); goal contributions per 90 (-0.061); 3-season average minutes (-0.060); assists per 90 (-0.039)
280575,seasons of top-5 history (+0.287); 3-season average minutes (+0.195); age (+0.128); position: Midfield (+0.103); minutes last season (+0.077),goal contributions per 90 (-0.161); league context (-0.155); height (-0.073); league minutes (-0.070); minutes per appearance (-0.060)
281989,league minutes (+0.238); seasons of top-5 history (+0.164); league context (+0.129); position: Midfield (+0.109); minutes last season (+0.097),age (-0.356); height (-0.076); goal contributions per 90 (-0.053); goals per 90 (-0.034); contributions/90 last season (-0.020)
282144,minutes last season (+0.188); 3-season average minutes (+0.111); height (+0.099); change in minutes (+0.072); position: Defender (+0.027),league minutes (-0.292); club squad rotation (-0.267); goal contributions per 90 (-0.244); league context (-0.152); minutes consistency (-0.141)
282349,league minutes (+0.136); height (+0.075); minutes per appearance (+0.053); disciplinary record (+0.053); position: Defender (+0.032),gap since last season (-0.384); goal contributions per 90 (-0.239); league context (-0.092); goals per 90 (-0.072); 3-season average minutes (-0.062)
282411,league context (+0.205); seasons of top-5 history (+0.189); league minutes (+0.188); minutes last season (+0.135); club squad rotation (+0.135),age (-0.159); height (-0.083); change in goals/90 (-0.070); position: Midfield (-0.034); assists/90 last season (-0.021)
282421,league minutes (+0.188); minutes last season (+0.121); position: Midfield (+0.101); minutes consistency (+0.031); gap since last season (+0.028),club squad rotation (-0.308); goal contributions per 90 (-0.146); age (-0.145); height (-0.092); 3-season average minutes (-0.069)
282660,seasons of top-5 history (+0.243); minutes per appearance (+0.134); age (+0.129); goal contributions per 90 (+0.109); minutes last season (+0.107),league context (-0.174); height (-0.058); appearances (-0.027); position: Midfield (-0.015); change in contributions/90 (-0.010)
282810,minutes last season (+0.081); 3-season average output (+0.072); change in assists/90 (+0.033); assists/90 last season (+0.028); output consistency (+0.027),league minutes (-0.252); gap since last season (-0.184); minutes per appearance (-0.135); goal contributions per 90 (-0.095); position: Defender (-0.087)
283170,age (+0.133); minutes per appearance (+0.074); disciplinary record (+0.044); minutes consistency (+0.021); gap since last season (+0.018),league minutes (-0.325); goal contributions per 90 (-0.285); minutes last season (-0.110); goals per 90 (-0.094); 3-season average minutes (-0.088)
283497,goal contributions per 90 (+0.096); goals per 90 (+0.065); appearances (+0.027); minutes consistency (+0.023); goals/90 last season (+0.020),league minutes (-0.244); minutes per appearance (-0.234); league context (-0.231); minutes last season (-0.090); 3-season average minutes (-0.065)
283628,league context (+0.374); position: Midfield (+0.171); league minutes (+0.167); height (+0.159); 3-season average minutes (+0.158),age (-0.165); position: Defender (-0.022); assists/90 last season (-0.017); assists per 90 (-0.016); change in contributions/90 (-0.015)
283735,league minutes (+0.177); league context (+0.136); seasons of top-5 history (+0.135); goal contributions per 90 (+0.102); 3-season average minutes (+0.083),age (-0.183); position: Midfield (-0.067); position: Defender (-0.061); minutes consistency (-0.042); height (-0.031)
283994,goal contributions per 90 (+0.421); seasons of top-5 history (+0.287); height (+0.173); league minutes (+0.124); club squad rotation (+0.048),age (-0.450); league context (-0.271); position: Defender (-0.058); position: Midfield (-0.043); minutes last season (-0.041)
284010,goal contributions per 90 (+0.274); age (+0.143); league minutes (+0.129); contributions/90 last season (+0.129); assists per 90 (+0.095),league context (-0.268); minutes per appearance (-0.133); minutes last season (-0.078); position: Defender (-0.056); position: Midfield (-0.050)
284270,minutes last season (+0.130); height (+0.123); minutes per appearance (+0.110); appearances (+0.080); disciplinary record (+0.060),goal contributions per 90 (-0.277); league minutes (-0.255); league context (-0.107); goals per 90 (-0.084); 3-season average minutes (-0.058)
284595,league minutes (+0.204); seasons of top-5 history (+0.129); 3-season average minutes (+0.126); minutes last season (+0.083); assists per 90 (+0.054),age (-0.417); height (-0.123); goals per 90 (-0.085); club squad rotation (-0.052); change in assists/90 (-0.048)
284730,league context (+0.414); seasons of top-5 history (+0.237); minutes last season (+0.115); 3-season average minutes (+0.103); height (+0.066),goal contributions per 90 (-0.236); age (-0.149); goals per 90 (-0.073); 3-season average output (-0.050); position: Midfield (-0.031)
284732,seasons of top-5 history (+0.233); position: Defender (+0.081); assists per 90 (+0.063); league minutes (+0.055); 3-season average output (+0.044),league context (-0.317); age (-0.231); minutes per appearance (-0.139); minutes last season (-0.075); appearances (-0.058)
284854,seasons of top-5 history (+0.206); 3-season average minutes (+0.121); age (+0.104); position: Midfield (+0.101); league context (+0.036),goal contributions per 90 (-0.148); league minutes (-0.147); height (-0.085); minutes last season (-0.077); minutes per appearance (-0.075)
284857,league context (+0.416); age (+0.331); seasons of top-5 history (+0.269); league minutes (+0.247); 3-season average minutes (+0.154),minutes consistency (-0.077); disciplinary record (-0.043); position: Midfield (-0.033); change in minutes (-0.030); contributions/90 last season (-0.024)
284884,seasons of top-5 history (+0.190); assists per 90 (+0.179); age (+0.159); league context (+0.144); position: Midfield (+0.117),league minutes (-0.228); minutes per appearance (-0.201); minutes last season (-0.115); 3-season average minutes (-0.063); disciplinary record (-0.056)
285323,seasons of top-5 history (+0.397); position: Midfield (+0.100); 3-season average minutes (+0.084); minutes last season (+0.079); gap since last season (+0.027),league minutes (-0.205); age (-0.176); league context (-0.170); goal contributions per 90 (-0.128); height (-0.070)
285845,seasons of top-5 history (+0.319); disciplinary record (+0.085); position: Defender (+0.083); age (+0.057); league minutes (+0.043),league context (-0.242); minutes per appearance (-0.091); minutes last season (-0.064); 3-season average minutes (-0.059); height (-0.055)
286047,league context (+0.485); 3-season average minutes (+0.219); minutes last season (+0.184); height (+0.156); league minutes (+0.135),goal contributions per 90 (-0.194); goals per 90 (-0.118); club squad rotation (-0.110); position: Midfield (-0.043); 3-season average output (-0.032)
286297,seasons of top-5 history (+0.285); 3-season average minutes (+0.184); position: Midfield (+0.141); 3-season average output (+0.065); contributions/90 last season (+0.060),league minutes (-0.152); minutes per appearance (-0.085); league context (-0.048); position: Defender (-0.021); goal contributions per 90 (-0.015)
286949,seasons of top-5 history (+0.231); height (+0.078); position: Defender (+0.042); league minutes (+0.036); gap since last season (+0.033),age (-0.332); club squad rotation (-0.192); 3-season average minutes (-0.071); minutes last season (-0.071); league context (-0.070)
287920,minutes last season (+0.106); change in goals/90 (+0.033); goals/90 last season (+0.026); gap since last season (+0.021); minutes consistency (+0.018),league minutes (-0.332); league context (-0.296); minutes per appearance (-0.253); goal contributions per 90 (-0.084); 3-season average minutes (-0.071)
288225,goal contributions per 90 (+0.496); seasons of top-5 history (+0.398); age (+0.236); league minutes (+0.153); 3-season average minutes (+0.142),league context (-0.157); height (-0.051); minutes consistency (-0.050); foot: left (-0.029); position: Defender (-0.023)
288230,goal contributions per 90 (+1.465); seasons of top-5 history (+0.201); contributions/90 last season (+0.185); assists per 90 (+0.151); assists/90 last season (+0.144),minutes per appearance (-0.160); league context (-0.131); 3-season average minutes (-0.053); height (-0.038); position: Defender (-0.035)
288255,position: Midfield (+0.141); age (+0.042); goals per 90 (+0.041); minutes consistency (+0.023); gap since last season (+0.020),league minutes (-0.241); minutes per appearance (-0.128); 3-season average minutes (-0.079); minutes last season (-0.069); goal contributions per 90 (-0.043)
288318,seasons of top-5 history (+0.206); league context (+0.180); 3-season average output (+0.087); minutes last season (+0.081); club squad rotation (+0.036),age (-1.060); league minutes (-0.194); minutes per appearance (-0.139); goal contributions per 90 (-0.087); position: Defender (-0.058)
288340,goal contributions per 90 (+0.245); minutes last season (+0.096); goals per 90 (+0.069); height (+0.044); age (+0.028),minutes per appearance (-0.243); league context (-0.224); position: Midfield (-0.079); league minutes (-0.072); 3-season average minutes (-0.069)
289255,seasons of top-5 history (+0.205); 3-season average minutes (+0.146); minutes last season (+0.107); position: Defender (+0.030); gap since last season (+0.020),league minutes (-0.232); goal contributions per 90 (-0.193); goals per 90 (-0.090); club squad rotation (-0.089); height (-0.070)
289257,minutes last season (+0.133); position: Midfield (+0.116); league minutes (+0.112); goals per 90 (+0.032); minutes consistency (+0.032),age (-0.155); minutes per appearance (-0.096); height (-0.091); goal contributions per 90 (-0.083); club squad rotation (-0.083)
289432,position: Defender (+0.038); league minutes (+0.035); minutes consistency (+0.026); goals per 90 (+0.024); gap since last season (+0.021),league context (-0.317); goal contributions per 90 (-0.304); minutes last season (-0.075); 3-season average minutes (-0.063); assists per 90 (-0.046)
289446,height (+0.181); league minutes (+0.162); minutes per appearance (+0.114); goals/90 last season (+0.057); position: Defender (+0.039),age (-0.302); goal contributions per 90 (-0.225); league context (-0.099); club squad rotation (-0.091); minutes consistency (-0.082)
289592,league context (+0.398); age (+0.141); seasons of top-5 history (+0.130); 3-season average minutes (+0.088); minutes last season (+0.071),league minutes (-0.239); goal contributions per 90 (-0.196); height (-0.097); assists per 90 (-0.070); minutes per appearance (-0.059)
289835,goal contributions per 90 (+0.429); league minutes (+0.157); club squad rotation (+0.152); age (+0.114); minutes last season (+0.096),league context (-0.220); change in assists/90 (-0.028); contributions/90 last season (-0.025); seasons of top-5 history (-0.021); position: Defender (-0.019)
290017,seasons of top-5 history (+0.143); height (+0.121); 3-season average minutes (+0.108); minutes last season (+0.098); league minutes (+0.057),age (-0.434); club squad rotation (-0.181); league context (-0.075); minutes per appearance (-0.071); position: Midfield (-0.058)
290249,seasons of top-5 history (+0.279); 3-season average minutes (+0.170); league minutes (+0.163); league context (+0.120); position: Midfield (+0.106),gap since last season (-0.182); age (-0.110); minutes consistency (-0.100); minutes last season (-0.071); assists per 90 (-0.062)
290273,goal contributions per 90 (+0.167); position: Defender (+0.093); assists per 90 (+0.092); league context (+0.079); goals per 90 (+0.044),gap since last season (-0.317); league minutes (-0.241); minutes per appearance (-0.184); 3-season average minutes (-0.063); position: Midfield (-0.047)
290537,height (+0.091); minutes per appearance (+0.086); disciplinary record (+0.060); minutes consistency (+0.029); gap since last season (+0.026),goal contributions per 90 (-0.309); club squad rotation (-0.241); league minutes (-0.165); goals per 90 (-0.107); age (-0.097)
290587,seasons of top-5 history (+0.224); league minutes (+0.141); minutes last season (+0.138); position: Midfield (+0.102); 3-season average minutes (+0.089),league context (-0.297); age (-0.171); goal contributions per 90 (-0.137); height (-0.048); appearances (-0.030)
291200,seasons of top-5 history (+0.318); league minutes (+0.178); height (+0.097); minutes per appearance (+0.081); disciplinary record (+0.044),league context (-0.266); goal contributions per 90 (-0.206); minutes consistency (-0.077); goals per 90 (-0.067); age (-0.060)
291417,seasons of top-5 history (+0.343); position: Defender (+0.030); minutes consistency (+0.026); league context (+0.026); gap since last season (+0.024),league minutes (-0.293); goal contributions per 90 (-0.241); age (-0.142); height (-0.080); goals per 90 (-0.059)
292139,league context (+0.539); goal contributions per 90 (+0.095); position: Midfield (+0.082); height (+0.046); goals per 90 (+0.041),league minutes (-0.346); minutes per appearance (-0.190); club squad rotation (-0.103); assists per 90 (-0.059); minutes last season (-0.055)
292534,league minutes (+0.346); height (+0.121); minutes per appearance (+0.117); age (+0.067); position: Defender (+0.035),goal contributions per 90 (-0.198); league context (-0.073); position: Midfield (-0.069); 3-season average minutes (-0.061); minutes last season (-0.054)
292808,league context (+0.351); league minutes (+0.244); 3-season average minutes (+0.221); age (+0.185); height (+0.097),gap since last season (-0.269); goal contributions per 90 (-0.227); club squad rotation (-0.105); 3-season average output (-0.036); goals per 90 (-0.035)
293194,3-season average minutes (+0.173); age (+0.107); minutes last season (+0.097); assists/90 last season (+0.071); seasons of top-5 history (+0.070),league minutes (-0.305); goal contributions per 90 (-0.259); gap since last season (-0.188); club squad rotation (-0.181); league context (-0.104)
293200,3-season average minutes (+0.203); minutes last season (+0.164); league minutes (+0.157); age (+0.137); goal contributions per 90 (+0.111),club squad rotation (-0.181); height (-0.059); seasons of top-5 history (-0.048); assists/90 last season (-0.023); position: Defender (-0.022)
293385,goal contributions per 90 (+0.994); age (+0.148); league context (+0.146); assists per 90 (+0.138); assists/90 last season (+0.097),league minutes (-0.343); minutes per appearance (-0.116); height (-0.047); minutes last season (-0.039); minutes consistency (-0.034)
294057,goal contributions per 90 (+0.850); league context (+0.351); seasons of top-5 history (+0.192); position: Midfield (+0.119); age (+0.113),minutes per appearance (-0.056); club squad rotation (-0.048); position: Defender (-0.017); disciplinary record (-0.011); change in contributions/90 (-0.009)
295183,3-season average minutes (+0.172); seasons of top-5 history (+0.156); position: Midfield (+0.147); goal contributions per 90 (+0.091); goals per 90 (+0.043),league minutes (-0.204); minutes per appearance (-0.187); height (-0.062); minutes consistency (-0.043); club squad rotation (-0.024)
295630,league minutes (+0.176); minutes per appearance (+0.120); position: Defender (+0.030); minutes consistency (+0.015),gap since last season (-0.365); age (-0.195); league context (-0.131); goal contributions per 90 (-0.083); height (-0.064)
296397,seasons of top-5 history (+0.362); age (+0.185); position: Midfield (+0.096); club squad rotation (+0.058); change in assists/90 (+0.047),league minutes (-0.353); league context (-0.200); minutes per appearance (-0.197); goal contributions per 90 (-0.140); minutes last season (-0.092)
296428,age (+0.136); league minutes (+0.131); height (+0.094); minutes per appearance (+0.052); minutes consistency (+0.022),goal contributions per 90 (-0.261); league context (-0.159); minutes last season (-0.116); goals per 90 (-0.094); position: Midfield (-0.065)
296622,goal contributions per 90 (+0.719); league context (+0.354); contributions/90 last season (+0.215); seasons of top-5 history (+0.172); 3-season average output (+0.148),league minutes (-0.167); minutes per appearance (-0.085); minutes last season (-0.077); 3-season average minutes (-0.073); foot: left (-0.043)
297583,age (+0.270); goal contributions per 90 (+0.095); position: Midfield (+0.084); appearances (+0.065); minutes last season (+0.035),gap since last season (-0.266); league minutes (-0.227); minutes per appearance (-0.156); league context (-0.127); 3-season average minutes (-0.076)
298197,league minutes (+0.313); minutes last season (+0.155); minutes per appearance (+0.096); league context (+0.058); minutes consistency (+0.029),goal contributions per 90 (-0.238); 3-season average minutes (-0.090); club squad rotation (-0.089); goals per 90 (-0.072); position: Midfield (-0.045)
298477,assists per 90 (+0.117); goal contributions per 90 (+0.096); contributions/90 last season (+0.078); seasons of top-5 history (+0.049); 3-season average output (+0.039),club squad rotation (-0.202); minutes per appearance (-0.169); minutes last season (-0.091); age (-0.079); position: Defender (-0.060)
298583,minutes last season (+0.057); age (+0.053); 3-season average minutes (+0.049); goals/90 last season (+0.039); position: Defender (+0.039),club squad rotation (-0.308); goal contributions per 90 (-0.291); league minutes (-0.105); league context (-0.094); seasons of top-5 history (-0.072)
298976,seasons of top-5 history (+0.300); goal contributions per 90 (+0.256); 3-season average minutes (+0.118); minutes last season (+0.116); contributions/90 last season (+0.104),league minutes (-0.239); minutes per appearance (-0.178); minutes consistency (-0.090); position: Midfield (-0.052); height (-0.041)
300168,seasons of top-5 history (+0.344); league context (+0.125); position: Midfield (+0.090); height (+0.084); gap since last season (+0.030),age (-0.758); league minutes (-0.397); goal contributions per 90 (-0.161); minutes per appearance (-0.142); club squad rotation (-0.062)
300532,age (+0.151); minutes last season (+0.137); minutes consistency (+0.025); goals per 90 (+0.022); assists/90 last season (+0.022),league minutes (-0.349); club squad rotation (-0.218); minutes per appearance (-0.198); 3-season average minutes (-0.089); goal contributions per 90 (-0.071)
301238,league minutes (+0.401); 3-season average minutes (+0.258); minutes last season (+0.140); age (+0.110); height (+0.098),goal contributions per 90 (-0.178); club squad rotation (-0.103); goals per 90 (-0.101); seasons of top-5 history (-0.055); league context (-0.026)
302371,goal contributions per 90 (+0.069); age (+0.064); goals per 90 (+0.055); height (+0.023); minutes consistency (+0.023),league minutes (-0.315); minutes per appearance (-0.263); minutes last season (-0.086); 3-season average minutes (-0.075); position: Defender (-0.051)
303219,league minutes (+0.113); 3-season average minutes (+0.110); age (+0.101); height (+0.099); minutes last season (+0.097),league context (-0.191); goal contributions per 90 (-0.080); appearances (-0.064); position: Midfield (-0.054); disciplinary record (-0.042)
303254,seasons of top-5 history (+0.342); 3-season average minutes (+0.191); age (+0.132); minutes last season (+0.120); goals/90 last season (+0.078),goal contributions per 90 (-0.266); league minutes (-0.252); club squad rotation (-0.169); goals per 90 (-0.100); league context (-0.077)
303259,seasons of top-5 history (+0.337); league minutes (+0.262); age (+0.105); minutes per appearance (+0.072); 3-season average output (+0.066),club squad rotation (-0.163); minutes last season (-0.118); minutes consistency (-0.081); position: Defender (-0.078); 3-season average minutes (-0.071)
303657,3-season average minutes (+0.159); minutes last season (+0.078); minutes per appearance (+0.064); seasons of top-5 history (+0.053); age (+0.044),league minutes (-0.287); goal contributions per 90 (-0.268); club squad rotation (-0.197); gap since last season (-0.179); goals per 90 (-0.127)
305947,goal contributions per 90 (+0.532); minutes last season (+0.141); age (+0.091); goals per 90 (+0.088); change in minutes (+0.083),league minutes (-0.237); club squad rotation (-0.192); minutes per appearance (-0.156); 3-season average minutes (-0.053); league context (-0.051)
306024,league context (+0.406); seasons of top-5 history (+0.220); minutes last season (+0.120); height (+0.068); age (+0.041),league minutes (-0.214); minutes per appearance (-0.116); position: Midfield (-0.088); goal contributions per 90 (-0.081); position: Defender (-0.080)
308133,goal contributions per 90 (+0.322); goals per 90 (+0.062); minutes consistency (+0.019); club squad rotation (+0.012); goals/90 last season (+0.004),league minutes (-0.308); league context (-0.246); minutes per appearance (-0.220); gap since last season (-0.185); age (-0.075)
308279,seasons of top-5 history (+0.312); position: Midfield (+0.094); league minutes (+0.088); goal contributions per 90 (+0.084); age (+0.073),club squad rotation (-0.131); minutes per appearance (-0.114); league context (-0.086); 3-season average minutes (-0.055); height (-0.050)
308989,league minutes (+0.310); height (+0.156); league context (+0.150); club squad rotation (+0.106); minutes per appearance (+0.034),age (-0.910); goal contributions per 90 (-0.211); minutes last season (-0.060); position: Midfield (-0.054); 3-season average minutes (-0.051)
309110,seasons of top-5 history (+0.332); 3-season average minutes (+0.226); league context (+0.146); minutes last season (+0.117); position: Midfield (+0.097),league minutes (-0.225); minutes per appearance (-0.113); club squad rotation (-0.063); goal contributions per 90 (-0.042); position: Defender (-0.023)
309400,goal contributions per 90 (+0.412); age (+0.318); league context (+0.317); seasons of top-5 history (+0.170); 3-season average minutes (+0.139),position: Midfield (-0.052); position: Defender (-0.043); foot: left (-0.012); minutes consistency (-0.010); disciplinary record (-0.007)
311178,seasons of top-5 history (+0.270); league minutes (+0.245); minutes per appearance (+0.105); position: Defender (+0.060); 3-season average output (+0.050),club squad rotation (-0.114); goal contributions per 90 (-0.083); age (-0.045); minutes last season (-0.027); change in minutes (-0.024)
314353,league context (+0.355); age (+0.305); 3-season average minutes (+0.159); seasons of top-5 history (+0.158); league minutes (+0.154),height (-0.050); position: Midfield (-0.021); change in assists/90 (-0.009); disciplinary record (-0.008); appearances (-0.007)
314398,goal contributions per 90 (+0.326); league minutes (+0.144); 3-season average output (+0.127); minutes per appearance (+0.102); position: Midfield (+0.091),age (-1.027); league context (-0.330); height (-0.078); appearances (-0.035); foot: left (-0.033)
314678,age (+0.279); seasons of top-5 history (+0.220); assists/90 last season (+0.168); contributions/90 last season (+0.141); 3-season average minutes (+0.126),league minutes (-0.162); minutes per appearance (-0.146); position: Defender (-0.050); position: Midfield (-0.048); assists per 90 (-0.016)
314875,goal contributions per 90 (+0.560); league context (+0.309); league minutes (+0.228); 3-season average minutes (+0.136); age (+0.133),height (-0.046); position: Defender (-0.023); position: Midfield (-0.022); club squad rotation (-0.021); assists/90 last season (-0.013)
314965,league minutes (+0.168); minutes last season (+0.083); age (+0.051); position: Defender (+0.036); minutes per appearance (+0.030),gap since last season (-0.351); club squad rotation (-0.168); goal contributions per 90 (-0.163); minutes consistency (-0.064); seasons of top-5 history (-0.055)
315145,3-season average minutes (+0.137); position: Midfield (+0.128); age (+0.121); league minutes (+0.104); minutes last season (+0.096),league context (-0.280); goal contributions per 90 (-0.059); club squad rotation (-0.034); 3-season average output (-0.032); contributions/90 last season (-0.032)
315779,goal contributions per 90 (+0.897); age (+0.249); seasons of top-5 history (+0.219); contributions/90 last season (+0.141); league minutes (+0.132),club squad rotation (-0.099); minutes consistency (-0.084); league context (-0.049); position: Defender (-0.040); position: Midfield (-0.035)
315853,age (+0.298); seasons of top-5 history (+0.231); 3-season average minutes (+0.156); league minutes (+0.150); minutes last season (+0.146),position: Midfield (-0.055); goal contributions per 90 (-0.019); disciplinary record (-0.017); goals per 90 (-0.011); foot: left (-0.009)
315858,seasons of top-5 history (+0.339); age (+0.254); height (+0.191); 3-season average minutes (+0.177); minutes last season (+0.124),league context (-0.321); goal contributions per 90 (-0.205); goals per 90 (-0.093); minutes consistency (-0.054); position: Midfield (-0.047)
315865,age (+0.326); seasons of top-5 history (+0.255); league minutes (+0.227); 3-season average minutes (+0.226); minutes last season (+0.161),club squad rotation (-0.065); position: Defender (-0.055); position: Midfield (-0.028); assists per 90 (-0.022); height (-0.020)
315969,goal contributions per 90 (+0.384); league minutes (+0.232); height (+0.208); position: Midfield (+0.200); seasons of top-5 history (+0.165),minutes consistency (-0.050); change in minutes (-0.026); contributions/90 last season (-0.019); position: Defender (-0.017); change in contributions/90 (-0.012)
316264,league context (+0.354); age (+0.264); 3-season average minutes (+0.181); minutes last season (+0.170); league minutes (+0.150),height (-0.045); position: Defender (-0.019); foot: left (-0.019); change in contributions/90 (-0.010); change in assists/90 (-0.007)
316884,league minutes (+0.336); height (+0.132); league context (+0.093); minutes per appearance (+0.088); disciplinary record (+0.054),goal contributions per 90 (-0.220); 3-season average minutes (-0.079); minutes last season (-0.078); goals per 90 (-0.067); position: Midfield (-0.059)
316934,position: Midfield (+0.101); assists/90 last season (+0.091); age (+0.058); change in assists/90 (+0.047); disciplinary record (+0.027),league minutes (-0.282); gap since last season (-0.184); minutes per appearance (-0.101); minutes last season (-0.081); club squad rotation (-0.078)
318204,age (+0.250); 3-season average minutes (+0.158); assists/90 last season (+0.143); goal contributions per 90 (+0.130); minutes per appearance (+0.117),league context (-0.132); height (-0.045); minutes consistency (-0.036); league minutes (-0.026); club squad rotation (-0.014)
318523,seasons of top-5 history (+0.228); 3-season average minutes (+0.185); age (+0.142); position: Defender (+0.068); goals per 90 (+0.052),club squad rotation (-0.184); gap since last season (-0.138); minutes consistency (-0.070); goal contributions per 90 (-0.065); league context (-0.040)
318528,goal contributions per 90 (+0.886); age (+0.184); contributions/90 last season (+0.148); seasons of top-5 history (+0.138); league minutes (+0.130),minutes consistency (-0.118); position: Midfield (-0.070); position: Defender (-0.042); change in goals/90 (-0.009); appearances (-0.007)
319745,seasons of top-5 history (+0.372); position: Midfield (+0.135); 3-season average output (+0.037); change in assists/90 (+0.035); change in contributions/90 (+0.021),league minutes (-0.312); goal contributions per 90 (-0.233); gap since last season (-0.130); minutes per appearance (-0.073); 3-season average minutes (-0.066)
321528,position: Defender (+0.126); club squad rotation (+0.120); goal contributions per 90 (+0.108); league context (+0.105); 3-season average output (+0.083),minutes per appearance (-0.104); age (-0.059); minutes last season (-0.042); position: Midfield (-0.040); disciplinary record (-0.017)
322655,age (+0.530); minutes last season (+0.144); seasons of top-5 history (+0.076); disciplinary record (+0.063); height (+0.054),league minutes (-0.357); club squad rotation (-0.234); gap since last season (-0.215); goal contributions per 90 (-0.168); goals per 90 (-0.097)
323167,age (+0.183); league minutes (+0.098); goals per 90 (+0.041); position: Defender (+0.035); minutes per appearance (+0.031),goal contributions per 90 (-0.296); club squad rotation (-0.239); league context (-0.159); 3-season average minutes (-0.098); minutes consistency (-0.066)
324223,league context (+0.690); age (+0.092); disciplinary record (+0.047); position: Defender (+0.028); gap since last season (+0.024),league minutes (-0.420); goal contributions per 90 (-0.255); goals per 90 (-0.093); club squad rotation (-0.088); height (-0.073)
324278,age (+0.329); seasons of top-5 history (+0.303); 3-season average minutes (+0.142); position: Midfield (+0.125); 3-season average output (+0.085),league context (-0.220); minutes per appearance (-0.137); league minutes (-0.078); appearances (-0.063); minutes last season (-0.058)
324358,goal contributions per 90 (+0.882); league context (+0.288); contributions/90 last season (+0.207); minutes last season (+0.133); league minutes (+0.132),height (-0.057); position: Midfield (-0.040); position: Defender (-0.031); minutes per appearance (-0.024); goals/90 last season (-0.018)
324377,age (+0.167); minutes last season (+0.139); position: Midfield (+0.110); seasons of top-5 history (+0.077); output consistency (+0.052),club squad rotation (-0.240); goal contributions per 90 (-0.233); league minutes (-0.181); league context (-0.154); goals per 90 (-0.102)
324795,seasons of top-5 history (+0.266); age (+0.242); 3-season average minutes (+0.141); league minutes (+0.127); position: Midfield (+0.092),league context (-0.337); minutes consistency (-0.058); position: Defender (-0.024); change in minutes (-0.020); change in goals/90 (-0.016)
324804,age (+0.110); seasons of top-5 history (+0.090); 3-season average output (+0.037); assists/90 last season (+0.022); minutes last season (+0.020),league minutes (-0.322); gap since last season (-0.229); minutes per appearance (-0.169); club squad rotation (-0.168); league context (-0.075)
324811,seasons of top-5 history (+0.406); age (+0.135); contributions/90 last season (+0.121); club squad rotation (+0.117); 3-season average minutes (+0.092),league minutes (-0.159); league context (-0.120); minutes per appearance (-0.102); minutes last season (-0.078); position: Defender (-0.069)
325223,seasons of top-5 history (+0.209); 3-season average minutes (+0.135); minutes last season (+0.099); contributions/90 last season (+0.093); goal contributions per 90 (+0.085),gap since last season (-0.205); league context (-0.183); league minutes (-0.179); minutes per appearance (-0.168); age (-0.109)
326029,goal contributions per 90 (+0.471); contributions/90 last season (+0.264); 3-season average output (+0.232); age (+0.202); 3-season average minutes (+0.110),minutes per appearance (-0.331); league minutes (-0.298); league context (-0.248); position: Defender (-0.039); position: Midfield (-0.035)
326031,league context (+0.502); age (+0.321); seasons of top-5 history (+0.255); 3-season average minutes (+0.149); height (+0.109),goal contributions per 90 (-0.212); club squad rotation (-0.057); minutes consistency (-0.055); position: Midfield (-0.044); minutes last season (-0.034)
326330,seasons of top-5 history (+0.227); 3-season average minutes (+0.210); position: Midfield (+0.133); age (+0.087); league context (+0.069),league minutes (-0.269); minutes per appearance (-0.171); height (-0.053); minutes last season (-0.028); minutes consistency (-0.021)
327126,goals per 90 (+0.032); goals/90 last season (+0.016); minutes consistency (+0.015); foot: left (+0.001),gap since last season (-0.333); club squad rotation (-0.228); goal contributions per 90 (-0.204); age (-0.199); league minutes (-0.108)
327251,seasons of top-5 history (+0.317); age (+0.217); 3-season average minutes (+0.142); league minutes (+0.126); position: Defender (+0.103),league context (-0.226); height (-0.042); appearances (-0.037); contributions/90 last season (-0.015); change in assists/90 (-0.014)
328480,3-season average minutes (+0.253); minutes last season (+0.210); age (+0.193); league context (+0.105); position: Midfield (+0.100),minutes per appearance (-0.132); club squad rotation (-0.107); league minutes (-0.098); minutes consistency (-0.093); goal contributions per 90 (-0.079)
328609,age (+0.043); position: Defender (+0.032); height (+0.019); gap since last season (+0.018); minutes consistency (+0.015),league minutes (-0.275); goal contributions per 90 (-0.267); league context (-0.257); disciplinary record (-0.130); goals per 90 (-0.076)
328658,league context (+0.449); age (+0.090); height (+0.079); 3-season average minutes (+0.077); position: Defender (+0.044),league minutes (-0.237); goal contributions per 90 (-0.223); minutes per appearance (-0.060); seasons of top-5 history (-0.050); goals per 90 (-0.044)
328784,seasons of top-5 history (+0.244); league minutes (+0.216); 3-season average minutes (+0.191); height (+0.127); minutes per appearance (+0.124),league context (-0.199); goal contributions per 90 (-0.104); minutes consistency (-0.090); position: Midfield (-0.051); 3-season average output (-0.036)
329373,age (+0.163); position: Midfield (+0.068); height (+0.046); disciplinary record (+0.044); goals per 90 (+0.024),goal contributions per 90 (-0.173); league minutes (-0.117); minutes last season (-0.086); league context (-0.084); 3-season average minutes (-0.069)
329517,goals per 90 (+0.040); minutes consistency (+0.030); minutes per appearance (+0.027); gap since last season (+0.025); change in contributions/90 (+0.006),age (-0.315); league minutes (-0.273); league context (-0.254); minutes last season (-0.057); goal contributions per 90 (-0.049)
330208,age (+0.109); goals per 90 (+0.056); position: Defender (+0.056); height (+0.048); assists/90 last season (+0.027),league minutes (-0.180); club squad rotation (-0.166); goal contributions per 90 (-0.155); league context (-0.135); minutes last season (-0.082)
330659,goal contributions per 90 (+0.558); league context (+0.370); age (+0.277); seasons of top-5 history (+0.207); league minutes (+0.151),minutes per appearance (-0.054); contributions/90 last season (-0.025); position: Defender (-0.021); assists/90 last season (-0.017); output consistency (-0.012)
331401,seasons of top-5 history (+0.215); league context (+0.097); club squad rotation (+0.063); position: Defender (+0.038); gap since last season (+0.034),age (-0.478); league minutes (-0.226); minutes per appearance (-0.073); goals per 90 (-0.061); goal contributions per 90 (-0.046)
331505,age (+0.330); league minutes (+0.186); goal contributions per 90 (+0.141); league context (+0.132); minutes last season (+0.103),minutes consistency (-0.073); club squad rotation (-0.038); height (-0.030); position: Midfield (-0.029); change in assists/90 (-0.024)
331726,goal contributions per 90 (+0.432); seasons of top-5 history (+0.260); 3-season average minutes (+0.153); age (+0.141); height (+0.110),league minutes (-0.281); minutes per appearance (-0.258); gap since last season (-0.149); club squad rotation (-0.084); position: Midfield (-0.067)
332560,position: Defender (+0.106); 3-season average output (+0.091); assists per 90 (+0.066); height (+0.054); gap since last season (+0.031),age (-0.517); league context (-0.220); minutes last season (-0.059); minutes per appearance (-0.058); minutes consistency (-0.052)
332697,seasons of top-5 history (+0.301); age (+0.258); minutes last season (+0.153); 3-season average minutes (+0.152); league minutes (+0.137),club squad rotation (-0.095); minutes consistency (-0.074); height (-0.059); goal contributions per 90 (-0.032); league context (-0.024)
332705,league context (+0.379); age (+0.291); seasons of top-5 history (+0.205); position: Midfield (+0.121); minutes last season (+0.088),gap since last season (-0.228); goal contributions per 90 (-0.118); goals per 90 (-0.081); 3-season average output (-0.047); height (-0.041)
332889,seasons of top-5 history (+0.321); position: Midfield (+0.151); 3-season average minutes (+0.125); minutes last season (+0.081); goals per 90 (+0.048),age (-0.279); gap since last season (-0.239); league context (-0.136); league minutes (-0.115); minutes per appearance (-0.056)
333014,league context (+0.408); height (+0.246); league minutes (+0.169); minutes last season (+0.168); 3-season average minutes (+0.125),goal contributions per 90 (-0.206); goals per 90 (-0.106); assists per 90 (-0.064); seasons of top-5 history (-0.034); minutes consistency (-0.028)
333241,league context (+0.337); seasons of top-5 history (+0.212); league minutes (+0.172); 3-season average minutes (+0.166); position: Midfield (+0.120),minutes last season (-0.080); minutes consistency (-0.078); goal contributions per 90 (-0.030); position: Defender (-0.023); change in minutes (-0.018)
333647,goal contributions per 90 (+0.971); age (+0.416); league minutes (+0.123); goals per 90 (+0.102); club squad rotation (+0.060),league context (-0.162); position: Defender (-0.042); minutes consistency (-0.040); position: Midfield (-0.034); height (-0.032)
333903,age (+0.096); position: Defender (+0.046); goals per 90 (+0.021); gap since last season (+0.017); appearances (+0.016),league minutes (-0.390); minutes per appearance (-0.282); goal contributions per 90 (-0.212); league context (-0.176); 3-season average minutes (-0.077)
334221,3-season average minutes (+0.163); club squad rotation (+0.105); height (+0.098); age (+0.085); minutes last season (+0.073),goal contributions per 90 (-0.209); gap since last season (-0.207); league minutes (-0.206); league context (-0.079); goals per 90 (-0.070)
334526,seasons of top-5 history (+0.323); position: Midfield (+0.203); height (+0.176); minutes last season (+0.112); minutes per appearance (+0.112),league context (-0.345); position: Defender (-0.020); change in contributions/90 (-0.015); change in goals/90 (-0.013); assists/90 last season (-0.010)
335225,age (+0.116); position: Midfield (+0.107); disciplinary record (+0.042); gap since last season (+0.018); appearances (+0.007),league minutes (-0.291); goal contributions per 90 (-0.260); height (-0.109); assists per 90 (-0.075); 3-season average minutes (-0.067)
335457,goal contributions per 90 (+0.938); 3-season average output (+0.228); contributions/90 last season (+0.221); age (+0.170); 3-season average minutes (+0.161),league context (-0.215); minutes per appearance (-0.151); minutes consistency (-0.048); position: Defender (-0.042); position: Midfield (-0.039)
335631,appearances (+0.102); age (+0.039); position: Defender (+0.029); minutes consistency (+0.022); gap since last season (+0.019),league minutes (-0.287); goal contributions per 90 (-0.269); minutes last season (-0.075); goals per 90 (-0.061); league context (-0.057)
335721,league context (+0.376); 3-season average minutes (+0.215); age (+0.167); minutes last season (+0.150); seasons of top-5 history (+0.122),league minutes (-0.272); goals per 90 (-0.064); goal contributions per 90 (-0.050); position: Midfield (-0.009); change in assists/90 (-0.006)
335993,league minutes (+0.400); age (+0.332); minutes per appearance (+0.087); disciplinary record (+0.031); position: Defender (+0.023),goal contributions per 90 (-0.199); league context (-0.093); minutes last season (-0.080); goals per 90 (-0.069); height (-0.050)
336125,seasons of top-5 history (+0.166); position: Defender (+0.061); 3-season average output (+0.037); goals per 90 (+0.034); height (+0.030),age (-0.194); club squad rotation (-0.178); league context (-0.105); minutes per appearance (-0.091); goal contributions per 90 (-0.082)
336869,seasons of top-5 history (+0.305); 3-season average minutes (+0.209); position: Midfield (+0.128); goal contributions per 90 (+0.098); minutes last season (+0.073),league minutes (-0.384); club squad rotation (-0.151); minutes per appearance (-0.133); change in assists/90 (-0.026); position: Defender (-0.018)
336960,league minutes (+0.396); seasons of top-5 history (+0.232); age (+0.123); height (+0.068); minutes per appearance (+0.050),goal contributions per 90 (-0.161); league context (-0.142); club squad rotation (-0.139); 3-season average minutes (-0.104); goals per 90 (-0.081)
337092,age (+0.242); height (+0.076); position: Defender (+0.033); appearances (+0.032); club squad rotation (+0.029),league minutes (-0.353); goal contributions per 90 (-0.249); league context (-0.130); minutes last season (-0.109); 3-season average minutes (-0.078)
337333,league minutes (+0.262); league context (+0.139); age (+0.116); position: Midfield (+0.088); height (+0.061),goal contributions per 90 (-0.201); minutes consistency (-0.062); minutes last season (-0.060); goals per 90 (-0.059); seasons of top-5 history (-0.052)
337715,goal contributions per 90 (+0.126); goals per 90 (+0.087); height (+0.044); league context (+0.041); minutes consistency (+0.022),league minutes (-0.334); minutes per appearance (-0.212); club squad rotation (-0.089); minutes last season (-0.083); 3-season average minutes (-0.072)
337725,seasons of top-5 history (+0.339); age (+0.060); height (+0.056); 3-season average output (+0.036); goals per 90 (+0.025),league minutes (-0.334); minutes per appearance (-0.217); club squad rotation (-0.133); league context (-0.114); 3-season average minutes (-0.084)
338424,league context (+0.378); goal contributions per 90 (+0.291); 3-season average minutes (+0.181); seasons of top-5 history (+0.176); minutes last season (+0.106),league minutes (-0.168); minutes per appearance (-0.121); foot: left (-0.025); position: Defender (-0.018); contributions/90 last season (-0.013)
338425,goal contributions per 90 (+0.462); seasons of top-5 history (+0.271); league context (+0.165); league minutes (+0.139); assists per 90 (+0.116),minutes per appearance (-0.117); age (-0.096); position: Midfield (-0.070); club squad rotation (-0.068); position: Defender (-0.058)
338668,league minutes (+0.266); age (+0.225); club squad rotation (+0.146); minutes per appearance (+0.107); position: Midfield (+0.075),goal contributions per 90 (-0.244); league context (-0.137); goals per 90 (-0.053); 3-season average minutes (-0.052); assists per 90 (-0.036)
338670,league minutes (+0.492); age (+0.188); height (+0.094); minutes per appearance (+0.083); disciplinary record (+0.078),goal contributions per 90 (-0.206); club squad rotation (-0.098); 3-season average minutes (-0.074); minutes last season (-0.065); goals per 90 (-0.060)
339314,goal contributions per 90 (+0.728); contributions/90 last season (+0.379); assists/90 last season (+0.201); change in contributions/90 (+0.148); minutes last season (+0.108),league context (-0.115); minutes per appearance (-0.077); 3-season average minutes (-0.050); league minutes (-0.049); height (-0.048)
339808,seasons of top-5 history (+0.297); 3-season average minutes (+0.260); league minutes (+0.206); age (+0.195); minutes last season (+0.149),club squad rotation (-0.136); goal contributions per 90 (-0.039); height (-0.030); assists/90 last season (-0.018); league context (-0.017)
339816,minutes last season (+0.068); 3-season average output (+0.054); seasons of top-5 history (+0.052); league minutes (+0.049); goals per 90 (+0.035),gap since last season (-0.195); club squad rotation (-0.181); minutes per appearance (-0.111); goal contributions per 90 (-0.072); position: Defender (-0.070)
340205,contributions/90 last season (+0.155); minutes last season (+0.138); goal contributions per 90 (+0.118); league context (+0.082); 3-season average output (+0.074),minutes per appearance (-0.144); club squad rotation (-0.100); seasons of top-5 history (-0.058); position: Midfield (-0.055); position: Defender (-0.054)
340322,age (+0.172); club squad rotation (+0.114); assists per 90 (+0.095); goal contributions per 90 (+0.077); goals per 90 (+0.057),league minutes (-0.215); league context (-0.193); minutes per appearance (-0.188); minutes last season (-0.106); 3-season average minutes (-0.063)
340324,league context (+0.541); age (+0.159); goal contributions per 90 (+0.112); contributions/90 last season (+0.060); 3-season average output (+0.056),league minutes (-0.321); minutes per appearance (-0.236); minutes last season (-0.087); 3-season average minutes (-0.079); position: Defender (-0.062)
340328,league context (+0.449); seasons of top-5 history (+0.274); age (+0.255); 3-season average minutes (+0.087); goals per 90 (+0.063),gap since last season (-0.157); league minutes (-0.124); minutes per appearance (-0.102); position: Defender (-0.077); position: Midfield (-0.057)
340329,age (+0.386); league context (+0.382); club squad rotation (+0.150); 3-season average minutes (+0.144); minutes last season (+0.125),league minutes (-0.265); gap since last season (-0.225); minutes per appearance (-0.106); goals per 90 (-0.061); minutes consistency (-0.026)
340353,age (+0.137); league minutes (+0.092); height (+0.080); minutes per appearance (+0.070); disciplinary record (+0.069),goal contributions per 90 (-0.287); club squad rotation (-0.242); league context (-0.177); goals per 90 (-0.089); 3-season average minutes (-0.079)
340376,age (+0.194); goals per 90 (+0.046); minutes consistency (+0.018); gap since last season (+0.016); change in contributions/90 (+0.007),league minutes (-0.263); minutes per appearance (-0.101); 3-season average minutes (-0.088); minutes last season (-0.086); goal contributions per 90 (-0.056)
340456,league context (+0.497); league minutes (+0.364); age (+0.123); 3-season average output (+0.110); position: Defender (+0.054),goal contributions per 90 (-0.236); club squad rotation (-0.080); height (-0.075); 3-season average minutes (-0.064); goals per 90 (-0.058)
340459,position: Midfield (+0.108); age (+0.073); goal contributions per 90 (+0.058); goals per 90 (+0.039); minutes consistency (+0.020),minutes per appearance (-0.382); league context (-0.347); league minutes (-0.302); minutes last season (-0.082); 3-season average minutes (-0.065)
340853,height (+0.089); minutes last season (+0.084); goals per 90 (+0.050); league minutes (+0.035); position: Defender (+0.035),goal contributions per 90 (-0.247); club squad rotation (-0.235); gap since last season (-0.194); minutes consistency (-0.082); position: Midfield (-0.079)
340918,league context (+0.453); club squad rotation (+0.166); age (+0.139); minutes per appearance (+0.082); disciplinary record (+0.066),league minutes (-0.504); goal contributions per 90 (-0.285); minutes last season (-0.113); goals per 90 (-0.110); appearances (-0.064)
340950,goal contributions per 90 (+0.842); league context (+0.341); contributions/90 last season (+0.277); 3-season average output (+0.158); seasons of top-5 history (+0.112),league minutes (-0.281); minutes per appearance (-0.134); minutes last season (-0.065); minutes consistency (-0.065); 3-season average minutes (-0.059)
341051,league context (+0.359); league minutes (+0.332); 3-season average minutes (+0.153); age (+0.085); minutes per appearance (+0.069),gap since last season (-0.253); goal contributions per 90 (-0.228); club squad rotation (-0.129); goals per 90 (-0.126); height (-0.084)
341227,age (+0.372); league minutes (+0.141); assists per 90 (+0.085); seasons of top-5 history (+0.074); position: Defender (+0.048),club squad rotation (-0.114); goals per 90 (-0.071); league context (-0.067); change in assists/90 (-0.047); position: Midfield (-0.037)
341264,age (+0.297); 3-season average minutes (+0.268); league context (+0.129); seasons of top-5 history (+0.105); league minutes (+0.075),goal contributions per 90 (-0.219); minutes last season (-0.076); minutes consistency (-0.075); goals per 90 (-0.074); height (-0.046)
341278,age (+0.216); 3-season average minutes (+0.196); minutes last season (+0.139); 3-season average output (+0.102); position: Midfield (+0.093),goal contributions per 90 (-0.131); height (-0.080); club squad rotation (-0.073); seasons of top-5 history (-0.069); minutes per appearance (-0.067)
341713,age (+0.101); minutes per appearance (+0.087); height (+0.081); league context (+0.040); league minutes (+0.039),goal contributions per 90 (-0.276); club squad rotation (-0.138); minutes last season (-0.124); goals per 90 (-0.082); 3-season average minutes (-0.071)
342046,league context (+0.601); age (+0.116); height (+0.066); position: Defender (+0.027); gap since last season (+0.025),goal contributions per 90 (-0.302); club squad rotation (-0.118); league minutes (-0.088); goals per 90 (-0.080); minutes last season (-0.057)
342226,goal contributions per 90 (+0.447); league context (+0.097); assists per 90 (+0.088); 3-season average output (+0.070); age (+0.065),gap since last season (-0.335); minutes per appearance (-0.189); league minutes (-0.125); position: Midfield (-0.063); position: Defender (-0.059)
342229,goal contributions per 90 (+0.947); 3-season average output (+0.242); contributions/90 last season (+0.240); age (+0.216); 3-season average minutes (+0.186),height (-0.056); position: Midfield (-0.032); position: Defender (-0.030); minutes consistency (-0.019); assists per 90 (-0.014)
342385,league context (+0.405); 3-season average minutes (+0.110); position: Midfield (+0.076); seasons of top-5 history (+0.075); gap since last season (+0.034),age (-0.478); league minutes (-0.262); goal contributions per 90 (-0.224); disciplinary record (-0.083); minutes per appearance (-0.073)
342405,age (+0.274); seasons of top-5 history (+0.220); 3-season average minutes (+0.148); position: Midfield (+0.098); appearances (+0.039),league minutes (-0.228); league context (-0.202); minutes per appearance (-0.111); position: Defender (-0.023); contributions/90 last season (-0.021)
343052,goal contributions per 90 (+0.430); seasons of top-5 history (+0.201); league context (+0.139); assists per 90 (+0.129); 3-season average output (+0.107),age (-0.206); gap since last season (-0.199); league minutes (-0.155); minutes per appearance (-0.148); minutes consistency (-0.102)
343463,goal contributions per 90 (+0.096); league context (+0.091); 3-season average output (+0.066); goals per 90 (+0.049); gap since last season (+0.028),minutes per appearance (-0.161); age (-0.160); position: Midfield (-0.077); position: Defender (-0.054); seasons of top-5 history (-0.047)
343537,goal contributions per 90 (+0.627); contributions/90 last season (+0.344); minutes last season (+0.142); age (+0.137); league minutes (+0.122),club squad rotation (-0.072); 3-season average minutes (-0.067); position: Midfield (-0.066); position: Defender (-0.027); seasons of top-5 history (-0.023)
343959,age (+0.233); 3-season average minutes (+0.138); minutes last season (+0.097); seasons of top-5 history (+0.093); height (+0.067),league minutes (-0.325); league context (-0.173); minutes per appearance (-0.132); position: Midfield (-0.060); 3-season average output (-0.032)
344069,age (+0.220); height (+0.212); league minutes (+0.169); minutes last season (+0.123); position: Midfield (+0.120),club squad rotation (-0.185); league context (-0.182); goal contributions per 90 (-0.175); appearances (-0.036); position: Defender (-0.018)
344072,seasons of top-5 history (+0.402); age (+0.166); 3-season average minutes (+0.160); league minutes (+0.103); minutes last season (+0.081),league context (-0.259); goal contributions per 90 (-0.254); gap since last season (-0.186); height (-0.066); 3-season average output (-0.046)
344381,league context (+0.328); goal contributions per 90 (+0.296); 3-season average minutes (+0.255); contributions/90 last season (+0.240); 3-season average output (+0.233),league minutes (-0.286); minutes per appearance (-0.241); gap since last season (-0.187); position: Defender (-0.051); position: Midfield (-0.050)
344596,seasons of top-5 history (+0.367); age (+0.312); 3-season average minutes (+0.151); club squad rotation (+0.066); disciplinary record (+0.050),gap since last season (-0.313); goal contributions per 90 (-0.220); league minutes (-0.187); league context (-0.122); goals per 90 (-0.086)
344695,seasons of top-5 history (+0.381); age (+0.292); minutes per appearance (+0.146); 3-season average minutes (+0.129); height (+0.069),goal contributions per 90 (-0.167); league context (-0.063); league minutes (-0.056); assists per 90 (-0.019); disciplinary record (-0.018)
345458,age (+0.372); 3-season average minutes (+0.179); minutes last season (+0.143); minutes consistency (+0.034); height (+0.033),club squad rotation (-0.244); goal contributions per 90 (-0.224); league context (-0.111); league minutes (-0.087); goals per 90 (-0.069)
345590,goal contributions per 90 (+0.179); age (+0.139); league minutes (+0.092); position: Midfield (+0.092); goals per 90 (+0.048),minutes last season (-0.114); minutes per appearance (-0.107); club squad rotation (-0.102); 3-season average minutes (-0.066); league context (-0.061)
345886,seasons of top-5 history (+0.415); age (+0.211); minutes last season (+0.102); 3-season average output (+0.061); output consistency (+0.061),league minutes (-0.336); club squad rotation (-0.166); minutes per appearance (-0.126); position: Defender (-0.072); position: Midfield (-0.046)
345911,league minutes (+0.147); minutes per appearance (+0.142); age (+0.111); height (+0.092); goals per 90 (+0.045),goal contributions per 90 (-0.192); minutes last season (-0.131); 3-season average minutes (-0.097); club squad rotation (-0.092); disciplinary record (-0.049)
346314,league context (+0.539); age (+0.310); seasons of top-5 history (+0.226); height (+0.094); position: Defender (+0.069),minutes last season (-0.099); 3-season average minutes (-0.082); goal contributions per 90 (-0.071); position: Midfield (-0.052); assists per 90 (-0.032)
346499,position: Midfield (+0.099); age (+0.058); goals per 90 (+0.043); gap since last season (+0.019); minutes consistency (+0.019),league minutes (-0.259); minutes per appearance (-0.199); league context (-0.186); 3-season average minutes (-0.068); minutes last season (-0.058)
346546,age (+0.136); height (+0.068); disciplinary record (+0.043); minutes per appearance (+0.038); club squad rotation (+0.018),league context (-0.357); league minutes (-0.285); goal contributions per 90 (-0.270); goals per 90 (-0.092); minutes last season (-0.088)
346551,league minutes (+0.251); age (+0.147); height (+0.125); minutes per appearance (+0.076); disciplinary record (+0.043),goal contributions per 90 (-0.242); league context (-0.156); minutes last season (-0.110); goals per 90 (-0.086); position: Midfield (-0.056)
346561,league minutes (+0.363); age (+0.263); 3-season average minutes (+0.123); minutes per appearance (+0.100); minutes last season (+0.086),club squad rotation (-0.200); goal contributions per 90 (-0.123); goals per 90 (-0.078); seasons of top-5 history (-0.048); disciplinary record (-0.034)
346567,goal contributions per 90 (+0.337); age (+0.190); assists per 90 (+0.132); position: Defender (+0.076); seasons of top-5 history (+0.060),league minutes (-0.356); gap since last season (-0.281); minutes per appearance (-0.168); goals per 90 (-0.078); minutes last season (-0.069)
346779,3-season average minutes (+0.173); league minutes (+0.168); goal contributions per 90 (+0.102); goals per 90 (+0.066); 3-season average output (+0.060),gap since last season (-0.187); club squad rotation (-0.137); position: Defender (-0.053); position: Midfield (-0.051); minutes consistency (-0.045)
346853,age (+0.428); league minutes (+0.194); minutes last season (+0.156); minutes per appearance (+0.150); club squad rotation (+0.117),league context (-0.175); minutes consistency (-0.053); appearances (-0.033); position: Defender (-0.017); change in minutes (-0.003)
348791,league minutes (+0.173); 3-season average minutes (+0.120); minutes last season (+0.091); minutes per appearance (+0.049); goal contributions per 90 (+0.039),age (-0.848); league context (-0.264); height (-0.055); position: Defender (-0.052); seasons of top-5 history (-0.041)
348795,goal contributions per 90 (+0.698); seasons of top-5 history (+0.236); position: Midfield (+0.085); goals per 90 (+0.062); age (+0.037),league minutes (-0.237); gap since last season (-0.179); club squad rotation (-0.126); 3-season average minutes (-0.068); minutes per appearance (-0.068)
349066,goal contributions per 90 (+0.915); age (+0.291); league context (+0.279); league minutes (+0.153); contributions/90 last season (+0.149),position: Midfield (-0.056); position: Defender (-0.039); assists/90 last season (-0.015); goals/90 last season (-0.013); change in minutes (-0.012)
349599,league context (+0.447); seasons of top-5 history (+0.256); age (+0.173); league minutes (+0.128); 3-season average output (+0.093),goal contributions per 90 (-0.258); minutes consistency (-0.058); club squad rotation (-0.056); height (-0.054); minutes last season (-0.046)
349701,league minutes (+0.363); league context (+0.353); age (+0.193); 3-season average minutes (+0.167); minutes last season (+0.138),goals per 90 (-0.087); height (-0.047); minutes consistency (-0.045); disciplinary record (-0.027); goals/90 last season (-0.023)
350219,seasons of top-5 history (+0.274); position: Midfield (+0.122); assists per 90 (+0.073); goal contributions per 90 (+0.050); club squad rotation (+0.044),league context (-0.300); minutes per appearance (-0.112); minutes last season (-0.080); age (-0.045); position: Defender (-0.028)
351478,seasons of top-5 history (+0.299); goal contributions per 90 (+0.238); league minutes (+0.146); minutes last season (+0.132); league context (+0.109),minutes per appearance (-0.144); club squad rotation (-0.068); height (-0.054); position: Defender (-0.049); position: Midfield (-0.049)
351749,league context (+0.367); position: Midfield (+0.100); 3-season average minutes (+0.087); appearances (+0.022); disciplinary record (+0.013),gap since last season (-0.357); league minutes (-0.282); goal contributions per 90 (-0.240); club squad rotation (-0.152); goals per 90 (-0.089)
351809,3-season average minutes (+0.263); league minutes (+0.160); league context (+0.147); seasons of top-5 history (+0.146); minutes last season (+0.138),goal contributions per 90 (-0.211); 3-season average output (-0.051); position: Midfield (-0.032); assists per 90 (-0.031); disciplinary record (-0.027)
351816,seasons of top-5 history (+0.387); position: Midfield (+0.066); age (+0.065); 3-season average output (+0.034); change in goals/90 (+0.023),league minutes (-0.405); league context (-0.187); minutes per appearance (-0.101); goals per 90 (-0.075); goal contributions per 90 (-0.073)
351955,league minutes (+0.460); 3-season average minutes (+0.280); minutes last season (+0.201); minutes per appearance (+0.103); height (+0.096),goal contributions per 90 (-0.191); club squad rotation (-0.167); seasons of top-5 history (-0.049); 3-season average output (-0.030); assists per 90 (-0.024)
352041,league minutes (+0.444); height (+0.122); age (+0.092); minutes per appearance (+0.077); disciplinary record (+0.036),league context (-0.346); goal contributions per 90 (-0.202); minutes last season (-0.068); 3-season average minutes (-0.056); goals per 90 (-0.051)
353032,league minutes (+0.326); seasons of top-5 history (+0.194); 3-season average minutes (+0.165); league context (+0.150); height (+0.137),goal contributions per 90 (-0.194); goals per 90 (-0.067); 3-season average output (-0.055); position: Midfield (-0.051); disciplinary record (-0.043)
353365,seasons of top-5 history (+0.413); club squad rotation (+0.049); position: Defender (+0.036); goals/90 last season (+0.031); gap since last season (+0.019),league minutes (-0.305); league context (-0.224); goal contributions per 90 (-0.209); 3-season average minutes (-0.099); minutes per appearance (-0.096)
353366,seasons of top-5 history (+0.263); club squad rotation (+0.130); 3-season average minutes (+0.111); height (+0.052); league context (+0.051),goal contributions per 90 (-0.259); league minutes (-0.200); goals per 90 (-0.068); age (-0.056); minutes per appearance (-0.041)
353399,goal contributions per 90 (+0.715); seasons of top-5 history (+0.213); 3-season average output (+0.157); assists per 90 (+0.094); assists/90 last season (+0.090),league minutes (-0.274); league context (-0.190); minutes per appearance (-0.103); minutes consistency (-0.085); position: Defender (-0.039)
353404,goal contributions per 90 (+0.911); league minutes (+0.219); assists per 90 (+0.164); minutes per appearance (+0.071); disciplinary record (+0.051),league context (-0.240); gap since last season (-0.201); position: Midfield (-0.059); position: Defender (-0.056); change in minutes (-0.046)
354352,seasons of top-5 history (+0.330); league minutes (+0.145); minutes last season (+0.119); 3-season average minutes (+0.065); goals/90 last season (+0.030),goal contributions per 90 (-0.270); age (-0.206); club squad rotation (-0.183); height (-0.126); goals per 90 (-0.101)
354361,seasons of top-5 history (+0.256); league minutes (+0.224); 3-season average minutes (+0.165); league context (+0.138); position: Midfield (+0.126),minutes consistency (-0.056); height (-0.045); contributions/90 last season (-0.024); position: Defender (-0.015); assists/90 last season (-0.012)
354362,league context (+0.462); seasons of top-5 history (+0.301); age (+0.113); position: Midfield (+0.086); goals per 90 (+0.039),goal contributions per 90 (-0.177); league minutes (-0.160); disciplinary record (-0.111); minutes consistency (-0.069); minutes per appearance (-0.065)
354482,league minutes (+0.140); position: Defender (+0.080); contributions/90 last season (+0.046); change in goals/90 (+0.042); minutes per appearance (+0.035),league context (-0.282); goal contributions per 90 (-0.107); minutes last season (-0.092); 3-season average minutes (-0.062); height (-0.054)
354726,seasons of top-5 history (+0.237); 3-season average minutes (+0.137); club squad rotation (+0.116); minutes last season (+0.088); 3-season average output (+0.072),age (-1.533); goal contributions per 90 (-0.136); league context (-0.106); minutes per appearance (-0.083); league minutes (-0.066)
354814,seasons of top-5 history (+0.271); goal contributions per 90 (+0.136); club squad rotation (+0.098); goals per 90 (+0.072); 3-season average minutes (+0.069),league minutes (-0.134); league context (-0.116); minutes consistency (-0.080); position: Defender (-0.052); position: Midfield (-0.042)
355369,3-season average output (+0.071); height (+0.054); contributions/90 last season (+0.051); change in goals/90 (+0.038); assists/90 last season (+0.037),league minutes (-0.219); minutes per appearance (-0.175); league context (-0.144); position: Midfield (-0.089); position: Defender (-0.086)
355628,seasons of top-5 history (+0.351); 3-season average minutes (+0.168); league minutes (+0.140); minutes last season (+0.122); league context (+0.077),goal contributions per 90 (-0.263); goals per 90 (-0.114); club squad rotation (-0.114); height (-0.100); 3-season average output (-0.075)
355816,league minutes (+0.223); minutes per appearance (+0.166); height (+0.069); position: Defender (+0.065); age (+0.040),league context (-0.177); goal contributions per 90 (-0.110); minutes last season (-0.041); seasons of top-5 history (-0.038); assists per 90 (-0.029)
355861,contributions/90 last season (+0.130); change in contributions/90 (+0.109); goals per 90 (+0.054); change in assists/90 (+0.045); change in goals/90 (+0.045),gap since last season (-0.363); league minutes (-0.173); minutes per appearance (-0.106); 3-season average minutes (-0.082); height (-0.056)
355915,league context (+0.387); seasons of top-5 history (+0.314); age (+0.207); 3-season average minutes (+0.163); minutes last season (+0.101),league minutes (-0.280); goal contributions per 90 (-0.148); club squad rotation (-0.098); 3-season average output (-0.034); height (-0.021)
356141,league context (+0.429); seasons of top-5 history (+0.285); position: Midfield (+0.145); 3-season average minutes (+0.096); 3-season average output (+0.090),goal contributions per 90 (-0.196); league minutes (-0.192); minutes per appearance (-0.070); goals per 90 (-0.053); height (-0.044)
357047,league minutes (+0.325); 3-season average minutes (+0.172); minutes last season (+0.123); minutes per appearance (+0.070); age (+0.040),gap since last season (-0.336); league context (-0.290); goal contributions per 90 (-0.226); goals per 90 (-0.107); height (-0.096)
357117,seasons of top-5 history (+0.410); 3-season average minutes (+0.279); age (+0.272); minutes last season (+0.165); height (+0.092),league context (-0.277); league minutes (-0.266); goal contributions per 90 (-0.232); goals per 90 (-0.088); appearances (-0.046)
357119,league context (+0.357); age (+0.258); height (+0.141); league minutes (+0.134); seasons of top-5 history (+0.123),goal contributions per 90 (-0.187); position: Midfield (-0.061); 3-season average minutes (-0.058); assists per 90 (-0.041); 3-season average output (-0.034)
357147,league context (+0.352); age (+0.329); league minutes (+0.225); seasons of top-5 history (+0.208); 3-season average minutes (+0.160),goal contributions per 90 (-0.189); goals per 90 (-0.093); club squad rotation (-0.072); minutes consistency (-0.064); height (-0.043)
357156,age (+0.197); 3-season average minutes (+0.172); league minutes (+0.152); height (+0.123); minutes last season (+0.122),league context (-0.179); goal contributions per 90 (-0.167); club squad rotation (-0.056); 3-season average output (-0.051); position: Midfield (-0.044)
357164,goal contributions per 90 (+0.627); age (+0.319); 3-season average output (+0.225); seasons of top-5 history (+0.184); 3-season average minutes (+0.171),club squad rotation (-0.080); minutes per appearance (-0.056); league context (-0.050); position: Defender (-0.044); position: Midfield (-0.038)
357498,goal contributions per 90 (+0.734); age (+0.330); contributions/90 last season (+0.220); 3-season average output (+0.213); seasons of top-5 history (+0.178),minutes per appearance (-0.099); league context (-0.077); club squad rotation (-0.052); position: Midfield (-0.046); position: Defender (-0.042)
357628,goal contributions per 90 (+0.174); age (+0.103); goals per 90 (+0.044); height (+0.036); minutes consistency (+0.019),league minutes (-0.217); minutes per appearance (-0.151); minutes last season (-0.084); 3-season average minutes (-0.076); position: Midfield (-0.050)
357662,league context (+0.346); age (+0.315); 3-season average minutes (+0.198); league minutes (+0.195); minutes last season (+0.166),position: Defender (-0.018); change in contributions/90 (-0.009); disciplinary record (-0.008); change in assists/90 (-0.004); appearances (-0.004)
357796,age (+0.416); seasons of top-5 history (+0.240); minutes last season (+0.165); 3-season average minutes (+0.147); league minutes (+0.061),goal contributions per 90 (-0.250); club squad rotation (-0.203); height (-0.103); minutes consistency (-0.089); league context (-0.079)
357885,seasons of top-5 history (+0.369); position: Midfield (+0.107); 3-season average output (+0.106); 3-season average minutes (+0.064); goals per 90 (+0.031),goal contributions per 90 (-0.238); club squad rotation (-0.204); height (-0.082); assists per 90 (-0.074); minutes consistency (-0.064)
357992,age (+0.429); minutes last season (+0.212); league minutes (+0.153); 3-season average minutes (+0.149); position: Midfield (+0.123),club squad rotation (-0.210); goals per 90 (-0.109); seasons of top-5 history (-0.036); position: Defender (-0.018); change in assists/90 (-0.011)
358008,goal contributions per 90 (+0.574); age (+0.265); contributions/90 last season (+0.209); assists per 90 (+0.087); position: Midfield (+0.086),league minutes (-0.379); minutes per appearance (-0.277); minutes last season (-0.103); 3-season average minutes (-0.063); club squad rotation (-0.049)
358115,league minutes (+0.155); minutes per appearance (+0.066); disciplinary record (+0.046); position: Defender (+0.025); minutes consistency (+0.022),goal contributions per 90 (-0.289); club squad rotation (-0.275); age (-0.199); gap since last season (-0.160); height (-0.095)
358166,goal contributions per 90 (+0.562); assists per 90 (+0.061); assists/90 last season (+0.056); contributions/90 last season (+0.042); goals per 90 (+0.037),league minutes (-0.300); minutes per appearance (-0.255); minutes last season (-0.102); position: Midfield (-0.073); position: Defender (-0.071)
358504,goal contributions per 90 (+0.390); age (+0.252); league minutes (+0.213); minutes per appearance (+0.188); 3-season average minutes (+0.125),league context (-0.224); position: Defender (-0.050); appearances (-0.035); position: Midfield (-0.026); contributions/90 last season (-0.024)
360518,3-season average minutes (+0.210); minutes last season (+0.160); age (+0.122); position: Midfield (+0.120); 3-season average output (+0.079),club squad rotation (-0.098); goal contributions per 90 (-0.050); league context (-0.027); minutes consistency (-0.023); position: Defender (-0.021)
361065,age (+0.399); 3-season average minutes (+0.128); position: Midfield (+0.126); height (+0.086); seasons of top-5 history (+0.075),league context (-0.317); league minutes (-0.204); minutes per appearance (-0.168); gap since last season (-0.107); foot: left (-0.030)
361068,age (+0.252); position: Midfield (+0.113); league minutes (+0.079); goals per 90 (+0.044); minutes consistency (+0.021),club squad rotation (-0.180); minutes last season (-0.121); minutes per appearance (-0.114); league context (-0.074); 3-season average minutes (-0.072)
361914,seasons of top-5 history (+0.356); height (+0.123); league context (+0.115); minutes per appearance (+0.107); 3-season average minutes (+0.102),goal contributions per 90 (-0.245); club squad rotation (-0.090); goals per 90 (-0.063); league minutes (-0.058); age (-0.044)
362086,3-season average minutes (+0.170); league context (+0.158); minutes last season (+0.153); league minutes (+0.151); club squad rotation (+0.069),age (-0.146); minutes per appearance (-0.139); position: Defender (-0.080); position: Midfield (-0.064); assists/90 last season (-0.030)
362108,age (+0.138); position: Defender (+0.050); goals/90 last season (+0.022); goals per 90 (+0.021); gap since last season (+0.016),league context (-0.449); goal contributions per 90 (-0.223); minutes per appearance (-0.080); minutes last season (-0.068); 3-season average minutes (-0.067)
362842,seasons of top-5 history (+0.282); position: Midfield (+0.143); minutes last season (+0.075); height (+0.065); change in assists/90 (+0.043),league minutes (-0.421); goal contributions per 90 (-0.231); 3-season average minutes (-0.091); minutes per appearance (-0.053); assists per 90 (-0.049)
362977,3-season average output (+0.136); position: Defender (+0.044); club squad rotation (+0.035); gap since last season (+0.020); change in assists/90 (+0.019),league minutes (-0.307); goal contributions per 90 (-0.268); league context (-0.155); age (-0.114); goals per 90 (-0.060)
363057,position: Midfield (+0.097); club squad rotation (+0.080); age (+0.071); goals per 90 (+0.057); league context (+0.046),league minutes (-0.345); minutes per appearance (-0.141); minutes last season (-0.080); assists per 90 (-0.079); 3-season average minutes (-0.070)
364135,goal contributions per 90 (+0.761); age (+0.379); league minutes (+0.224); seasons of top-5 history (+0.139); goals per 90 (+0.118),gap since last season (-0.135); club squad rotation (-0.091); minutes last season (-0.076); 3-season average minutes (-0.062); league context (-0.058)
364258,minutes per appearance (+0.092); minutes last season (+0.091); height (+0.079); seasons of top-5 history (+0.066); 3-season average minutes (+0.042),age (-0.274); goal contributions per 90 (-0.218); league context (-0.154); minutes consistency (-0.097); goals per 90 (-0.069)
365108,goal contributions per 90 (+0.400); age (+0.376); league minutes (+0.148); goals per 90 (+0.036); goals/90 last season (+0.030),club squad rotation (-0.106); 3-season average minutes (-0.056); position: Midfield (-0.054); position: Defender (-0.039); seasons of top-5 history (-0.034)
366930,age (+0.320); league minutes (+0.310); position: Defender (+0.061); goals per 90 (+0.023); league context (+0.018),club squad rotation (-0.136); minutes last season (-0.103); 3-season average minutes (-0.070); position: Midfield (-0.045); seasons of top-5 history (-0.032)
367284,age (+0.247); league minutes (+0.119); position: Defender (+0.036); goals per 90 (+0.019); gap since last season (+0.018),goal contributions per 90 (-0.291); league context (-0.275); 3-season average minutes (-0.067); seasons of top-5 history (-0.064); assists per 90 (-0.040)
368482,goal contributions per 90 (+1.041); seasons of top-5 history (+0.180); goals per 90 (+0.120); age (+0.094); assists per 90 (+0.076),minutes per appearance (-0.158); league context (-0.060); club squad rotation (-0.049); position: Defender (-0.044); position: Midfield (-0.040)
368887,goal contributions per 90 (+0.635); age (+0.322); contributions/90 last season (+0.237); 3-season average output (+0.217); 3-season average minutes (+0.186),league context (-0.193); position: Defender (-0.040); appearances (-0.034); position: Midfield (-0.032); seasons of top-5 history (-0.028)
368891,age (+0.486); league minutes (+0.178); minutes last season (+0.162); 3-season average minutes (+0.143); minutes per appearance (+0.115),league context (-0.192); goal contributions per 90 (-0.174); goals per 90 (-0.094); assists per 90 (-0.022); appearances (-0.020)
369081,seasons of top-5 history (+0.345); age (+0.270); league minutes (+0.238); 3-season average minutes (+0.195); league context (+0.184),height (-0.068); minutes consistency (-0.021); position: Defender (-0.017); club squad rotation (-0.013); disciplinary record (-0.005)
369674,age (+0.147); minutes last season (+0.134); league minutes (+0.133); seasons of top-5 history (+0.131); 3-season average minutes (+0.078),league context (-0.222); height (-0.033); position: Midfield (-0.031); minutes consistency (-0.031); goal contributions per 90 (-0.031)
369684,minutes per appearance (+0.180); league minutes (+0.130); age (+0.097); position: Defender (+0.066); goals per 90 (+0.057),league context (-0.183); seasons of top-5 history (-0.037); goal contributions per 90 (-0.032); minutes last season (-0.026); appearances (-0.023)
370683,club squad rotation (+0.101); position: Defender (+0.059); age (+0.055); appearances (+0.046); goals/90 last season (+0.034),league minutes (-0.228); minutes per appearance (-0.131); league context (-0.115); goal contributions per 90 (-0.105); minutes last season (-0.082)
370789,age (+0.201); seasons of top-5 history (+0.184); league minutes (+0.118); position: Defender (+0.082); minutes per appearance (+0.067),league context (-0.144); height (-0.053); appearances (-0.032); position: Midfield (-0.026); minutes consistency (-0.016)
370791,3-season average minutes (+0.155); position: Midfield (+0.123); minutes last season (+0.058); seasons of top-5 history (+0.033); age (+0.032),league context (-0.283); minutes per appearance (-0.080); league minutes (-0.059); minutes consistency (-0.039); goal contributions per 90 (-0.039)
370846,age (+0.287); position: Midfield (+0.124); goal contributions per 90 (+0.070); output consistency (+0.068); goals per 90 (+0.056),league minutes (-0.141); minutes per appearance (-0.138); club squad rotation (-0.088); league context (-0.080); 3-season average minutes (-0.049)
371021,league context (+0.618); age (+0.144); height (+0.103); minutes per appearance (+0.069); disciplinary record (+0.051),goal contributions per 90 (-0.288); league minutes (-0.231); goals per 90 (-0.121); club squad rotation (-0.118); minutes last season (-0.096)
371141,age (+0.216); seasons of top-5 history (+0.110); position: Defender (+0.035); appearances (+0.024); goals/90 last season (+0.021),league minutes (-0.269); goal contributions per 90 (-0.237); club squad rotation (-0.184); gap since last season (-0.176); league context (-0.116)
371149,league minutes (+0.395); age (+0.318); seasons of top-5 history (+0.310); 3-season average minutes (+0.222); minutes last season (+0.138),goal contributions per 90 (-0.164); goals per 90 (-0.094); club squad rotation (-0.064); position: Midfield (-0.028); league context (-0.023)
371371,age (+0.384); league minutes (+0.369); league context (+0.117); minutes per appearance (+0.109); height (+0.096),gap since last season (-0.311); goal contributions per 90 (-0.174); 3-season average minutes (-0.085); minutes last season (-0.067); position: Midfield (-0.039)
371686,league minutes (+0.041); club squad rotation (+0.033); position: Defender (+0.032); minutes consistency (+0.023); gap since last season (+0.019),league context (-0.324); goal contributions per 90 (-0.302); height (-0.077); minutes last season (-0.076); goals per 90 (-0.055)
371851,league minutes (+0.395); age (+0.215); 3-season average minutes (+0.183); height (+0.121); minutes per appearance (+0.112),club squad rotation (-0.191); goal contributions per 90 (-0.149); goals per 90 (-0.076); league context (-0.058); seasons of top-5 history (-0.051)
371998,goal contributions per 90 (+0.933); age (+0.377); 3-season average output (+0.222); 3-season average minutes (+0.162); contributions/90 last season (+0.155),position: Midfield (-0.039); position: Defender (-0.037); minutes consistency (-0.026); disciplinary record (-0.025); height (-0.022)
372246,league context (+0.436); seasons of top-5 history (+0.240); position: Midfield (+0.153); 3-season average output (+0.073); age (+0.060),league minutes (-0.211); minutes per appearance (-0.125); goal contributions per 90 (-0.102); minutes last season (-0.072); height (-0.046)
372712,seasons of top-5 history (+0.267); league minutes (+0.176); position: Midfield (+0.163); height (+0.159); age (+0.132),goal contributions per 90 (-0.183); league context (-0.164); assists per 90 (-0.032); appearances (-0.030); disciplinary record (-0.026)
374954,position: Midfield (+0.109); league minutes (+0.103); seasons of top-5 history (+0.037); age (+0.034); goals/90 last season (+0.031),goal contributions per 90 (-0.227); league context (-0.144); minutes last season (-0.087); height (-0.081); appearances (-0.070)
375382,age (+0.364); position: Midfield (+0.122); 3-season average minutes (+0.075); league minutes (+0.049); league context (+0.048),club squad rotation (-0.196); minutes last season (-0.128); goal contributions per 90 (-0.092); goals per 90 (-0.074); minutes per appearance (-0.072)
376514,seasons of top-5 history (+0.300); league minutes (+0.137); club squad rotation (+0.122); age (+0.112); league context (+0.089),goal contributions per 90 (-0.165); goals per 90 (-0.062); minutes consistency (-0.058); height (-0.039); position: Midfield (-0.035)
377219,position: Midfield (+0.148); goal contributions per 90 (+0.101); goals per 90 (+0.078); age (+0.065); disciplinary record (+0.049),league minutes (-0.222); club squad rotation (-0.201); minutes per appearance (-0.110); league context (-0.103); minutes last season (-0.063)
377393,seasons of top-5 history (+0.321); 3-season average minutes (+0.113); position: Midfield (+0.099); club squad rotation (+0.079); minutes last season (+0.077),age (-0.813); league context (-0.248); league minutes (-0.142); height (-0.036); change in assists/90 (-0.027)
378139,assists per 90 (+0.099); seasons of top-5 history (+0.057); goals per 90 (+0.031); output consistency (+0.031); gap since last season (+0.016),league minutes (-0.219); club squad rotation (-0.197); minutes per appearance (-0.169); minutes last season (-0.099); age (-0.072)
378293,seasons of top-5 history (+0.329); league minutes (+0.156); age (+0.130); minutes last season (+0.124); league context (+0.119),3-season average minutes (-0.107); goal contributions per 90 (-0.052); minutes consistency (-0.033); club squad rotation (-0.029); position: Defender (-0.025)
380350,league context (+0.404); seasons of top-5 history (+0.336); age (+0.165); 3-season average minutes (+0.108); height (+0.029),league minutes (-0.375); goal contributions per 90 (-0.279); club squad rotation (-0.123); goals per 90 (-0.100); appearances (-0.026)
380598,3-season average minutes (+0.198); seasons of top-5 history (+0.191); league minutes (+0.187); position: Midfield (+0.136); league context (+0.117),club squad rotation (-0.076); minutes consistency (-0.040); goal contributions per 90 (-0.036); disciplinary record (-0.024); minutes last season (-0.023)
381950,goal contributions per 90 (+0.580); age (+0.288); seasons of top-5 history (+0.183); assists per 90 (+0.121); position: Midfield (+0.117),league minutes (-0.187); minutes per appearance (-0.100); league context (-0.076); height (-0.040); club squad rotation (-0.039)
381967,age (+0.208); position: Midfield (+0.114); output consistency (+0.082); minutes consistency (+0.039); assists/90 last season (+0.035),club squad rotation (-0.286); league minutes (-0.186); league context (-0.164); goal contributions per 90 (-0.147); goals per 90 (-0.094)
382478,age (+0.119); height (+0.081); position: Defender (+0.037); minutes last season (+0.023); minutes per appearance (+0.023),goal contributions per 90 (-0.243); disciplinary record (-0.205); league context (-0.069); club squad rotation (-0.057); 3-season average minutes (-0.056)
384593,goal contributions per 90 (+0.322); age (+0.229); minutes per appearance (+0.103); league minutes (+0.101); position: Midfield (+0.074),gap since last season (-0.318); league context (-0.128); seasons of top-5 history (-0.048); height (-0.032); club squad rotation (-0.028)
385105,assists per 90 (+0.093); minutes last season (+0.085); league minutes (+0.080); age (+0.060); position: Defender (+0.052),league context (-0.380); height (-0.089); goals per 90 (-0.076); minutes consistency (-0.061); seasons of top-5 history (-0.043)
385394,minutes last season (+0.187); height (+0.126); age (+0.084); position: Defender (+0.048); disciplinary record (+0.032),goal contributions per 90 (-0.274); club squad rotation (-0.238); league context (-0.106); goals per 90 (-0.087); league minutes (-0.078)
386446,age (+0.348); minutes last season (+0.165); 3-season average minutes (+0.149); club squad rotation (+0.147); minutes per appearance (+0.111),goal contributions per 90 (-0.192); minutes consistency (-0.094); assists per 90 (-0.033); position: Midfield (-0.031); assists/90 last season (-0.007)
386455,age (+0.217); seasons of top-5 history (+0.120); assists/90 last season (+0.049); 3-season average output (+0.044); goals per 90 (+0.022),league minutes (-0.417); minutes per appearance (-0.215); club squad rotation (-0.180); league context (-0.148); minutes last season (-0.098)
386552,seasons of top-5 history (+0.273); league minutes (+0.199); 3-season average minutes (+0.178); position: Midfield (+0.108); minutes last season (+0.095),goal contributions per 90 (-0.213); club squad rotation (-0.149); height (-0.080); league context (-0.047); 3-season average output (-0.041)
387047,league minutes (+0.293); age (+0.182); 3-season average minutes (+0.123); height (+0.100); minutes per appearance (+0.095),goal contributions per 90 (-0.195); league context (-0.174); goals per 90 (-0.068); seasons of top-5 history (-0.046); club squad rotation (-0.033)
387626,league context (+0.363); seasons of top-5 history (+0.237); change in contributions/90 (+0.131); contributions/90 last season (+0.130); 3-season average minutes (+0.122),league minutes (-0.253); minutes per appearance (-0.099); position: Defender (-0.055); position: Midfield (-0.051); goal contributions per 90 (-0.045)
388125,position: Midfield (+0.131); height (+0.051); age (+0.024); minutes consistency (+0.021); gap since last season (+0.018),club squad rotation (-0.261); goal contributions per 90 (-0.248); league context (-0.139); league minutes (-0.092); minutes last season (-0.077)
388165,goal contributions per 90 (+0.670); league context (+0.334); league minutes (+0.215); seasons of top-5 history (+0.112); minutes per appearance (+0.086),minutes consistency (-0.049); position: Defender (-0.040); height (-0.039); position: Midfield (-0.036); change in minutes (-0.016)
388198,age (+0.399); seasons of top-5 history (+0.208); 3-season average minutes (+0.171); minutes last season (+0.141); minutes per appearance (+0.124),league context (-0.118); goals per 90 (-0.094); goal contributions per 90 (-0.056); position: Midfield (-0.018); disciplinary record (-0.012)
388294,league minutes (+0.249); age (+0.116); minutes per appearance (+0.113); minutes last season (+0.106); height (+0.075),goal contributions per 90 (-0.222); league context (-0.146); goals per 90 (-0.071); 3-season average minutes (-0.055); position: Midfield (-0.037)
388409,position: Midfield (+0.099); age (+0.091); height (+0.037); gap since last season (+0.018); club squad rotation (+0.015),league minutes (-0.262); league context (-0.211); minutes per appearance (-0.200); goal contributions per 90 (-0.197); minutes last season (-0.073)
389837,3-season average minutes (+0.199); height (+0.078); seasons of top-5 history (+0.046); age (+0.042); position: Defender (+0.033),league minutes (-0.323); goal contributions per 90 (-0.205); league context (-0.148); goals per 90 (-0.093); minutes per appearance (-0.073)
390304,age (+0.115); minutes per appearance (+0.082); disciplinary record (+0.057); height (+0.055); gap since last season (+0.017),league minutes (-0.417); goal contributions per 90 (-0.301); minutes last season (-0.115); goals per 90 (-0.109); 3-season average minutes (-0.087)
390688,league minutes (+0.369); age (+0.193); height (+0.120); league context (+0.088); position: Defender (+0.040),goal contributions per 90 (-0.210); seasons of top-5 history (-0.059); club squad rotation (-0.047); goals per 90 (-0.045); assists per 90 (-0.036)
391004,goal contributions per 90 (+0.313); age (+0.230); minutes last season (+0.131); goals per 90 (+0.067); league minutes (+0.051),league context (-0.222); minutes per appearance (-0.141); position: Midfield (-0.062); position: Defender (-0.053); minutes consistency (-0.046)
391005,league context (+0.520); age (+0.309); minutes last season (+0.107); seasons of top-5 history (+0.076); position: Defender (+0.036),league minutes (-0.215); goal contributions per 90 (-0.100); minutes per appearance (-0.073); 3-season average minutes (-0.055); height (-0.047)
391065,age (+0.340); goal contributions per 90 (+0.322); seasons of top-5 history (+0.243); minutes per appearance (+0.080); goals per 90 (+0.076),league context (-0.275); gap since last season (-0.125); minutes last season (-0.114); position: Defender (-0.057); change in goals/90 (-0.045)
391766,goal contributions per 90 (+0.537); age (+0.124); club squad rotation (+0.074); goals per 90 (+0.068); gap since last season (+0.018),minutes per appearance (-0.371); league minutes (-0.317); league context (-0.298); minutes last season (-0.098); 3-season average minutes (-0.049)
391780,age (+0.146); club squad rotation (+0.093); goals per 90 (+0.054); position: Defender (+0.043); gap since last season (+0.017),league minutes (-0.252); minutes per appearance (-0.173); league context (-0.159); minutes last season (-0.113); 3-season average minutes (-0.071)
392516,age (+0.372); league minutes (+0.234); 3-season average minutes (+0.190); minutes last season (+0.165); minutes per appearance (+0.078),goal contributions per 90 (-0.237); club squad rotation (-0.226); goals per 90 (-0.121); league context (-0.050); seasons of top-5 history (-0.046)
392538,age (+0.311); 3-season average minutes (+0.127); assists per 90 (+0.114); minutes last season (+0.112); position: Midfield (+0.097),gap since last season (-0.287); league minutes (-0.217); minutes per appearance (-0.121); disciplinary record (-0.092); club squad rotation (-0.061)
392569,age (+0.370); league minutes (+0.287); minutes last season (+0.109); 3-season average minutes (+0.090); height (+0.075),goal contributions per 90 (-0.181); club squad rotation (-0.102); minutes consistency (-0.100); league context (-0.048); assists per 90 (-0.036)
392757,age (+0.496); league context (+0.392); league minutes (+0.243); 3-season average minutes (+0.221); minutes per appearance (+0.115),goal contributions per 90 (-0.054); height (-0.049); minutes consistency (-0.036); 3-season average output (-0.033); position: Midfield (-0.029)
392765,age (+0.468); league context (+0.352); league minutes (+0.130); minutes last season (+0.111); position: Midfield (+0.103),gap since last season (-0.377); minutes per appearance (-0.084); seasons of top-5 history (-0.032); height (-0.026); position: Defender (-0.019)
392768,age (+0.435); league context (+0.370); league minutes (+0.162); club squad rotation (+0.108); goal contributions per 90 (+0.072),position: Defender (-0.069); position: Midfield (-0.056); height (-0.046); 3-season average minutes (-0.045); minutes consistency (-0.023)
392881,age (+0.271); league minutes (+0.045); position: Defender (+0.027); gap since last season (+0.019); minutes consistency (+0.019),goal contributions per 90 (-0.309); club squad rotation (-0.223); minutes last season (-0.147); league context (-0.130); goals per 90 (-0.083)
392956,league minutes (+0.431); age (+0.237); minutes per appearance (+0.125); goals per 90 (+0.062); minutes consistency (+0.023),club squad rotation (-0.192); goal contributions per 90 (-0.178); minutes last season (-0.085); 3-season average minutes (-0.079); league context (-0.060)
392959,age (+0.236); 3-season average minutes (+0.119); minutes last season (+0.115); position: Midfield (+0.098); 3-season average output (+0.083),club squad rotation (-0.235); league minutes (-0.203); minutes consistency (-0.098); minutes per appearance (-0.094); league context (-0.089)
392966,league minutes (+0.243); age (+0.214); position: Defender (+0.087); assists/90 last season (+0.046); 3-season average output (+0.043),club squad rotation (-0.090); 3-season average minutes (-0.084); minutes last season (-0.073); seasons of top-5 history (-0.040); position: Midfield (-0.033)
393238,goal contributions per 90 (+0.380); age (+0.353); minutes last season (+0.135); contributions/90 last season (+0.075); league minutes (+0.069),league context (-0.349); gap since last season (-0.162); 3-season average minutes (-0.053); position: Defender (-0.048); position: Midfield (-0.040)
393512,age (+0.285); club squad rotation (+0.181); disciplinary record (+0.117); minutes per appearance (+0.083); position: Defender (+0.075),league context (-0.085); 3-season average minutes (-0.065); height (-0.053); seasons of top-5 history (-0.023); assists per 90 (-0.021)
393621,position: Midfield (+0.167); league minutes (+0.128); minutes per appearance (+0.077); height (+0.045); goals per 90 (+0.039),league context (-0.375); 3-season average minutes (-0.075); seasons of top-5 history (-0.039); contributions/90 last season (-0.034); goal contributions per 90 (-0.030)
394300,goal contributions per 90 (+0.469); age (+0.317); contributions/90 last season (+0.255); 3-season average minutes (+0.178); assists/90 last season (+0.121),league minutes (-0.202); minutes per appearance (-0.168); minutes last season (-0.132); minutes consistency (-0.063); height (-0.036)
394327,league context (+0.422); age (+0.400); seasons of top-5 history (+0.317); 3-season average minutes (+0.132); position: Midfield (+0.081),goal contributions per 90 (-0.184); league minutes (-0.056); assists per 90 (-0.056); 3-season average output (-0.051); minutes per appearance (-0.046)
395236,goal contributions per 90 (+0.630); age (+0.409); seasons of top-5 history (+0.193); assists per 90 (+0.152); 3-season average minutes (+0.110),league minutes (-0.306); minutes per appearance (-0.133); club squad rotation (-0.110); league context (-0.106); contributions/90 last season (-0.031)
395237,age (+0.408); seasons of top-5 history (+0.236); 3-season average minutes (+0.227); minutes last season (+0.163); position: Midfield (+0.138),club squad rotation (-0.104); league minutes (-0.093); minutes per appearance (-0.073); league context (-0.032); disciplinary record (-0.017)
395522,goal contributions per 90 (+0.547); age (+0.099); goals per 90 (+0.062); height (+0.040); gap since last season (+0.020),minutes per appearance (-0.215); league context (-0.198); league minutes (-0.100); position: Midfield (-0.076); minutes last season (-0.054)
395695,league minutes (+0.135); minutes per appearance (+0.088); position: Midfield (+0.087); age (+0.050); minutes consistency (+0.020),league context (-0.379); goal contributions per 90 (-0.109); minutes last season (-0.086); height (-0.075); 3-season average minutes (-0.065)
397033,age (+0.486); league context (+0.287); 3-season average minutes (+0.188); league minutes (+0.183); minutes last season (+0.120),gap since last season (-0.233); height (-0.055); assists per 90 (-0.033); position: Defender (-0.019); goal contributions per 90 (-0.016)
397171,age (+0.136); league minutes (+0.106); minutes last season (+0.093); 3-season average minutes (+0.045); position: Defender (+0.030),goal contributions per 90 (-0.303); league context (-0.284); gap since last season (-0.170); height (-0.134); goals per 90 (-0.080)
397225,age (+0.292); position: Defender (+0.063); 3-season average output (+0.057); assists/90 last season (+0.029); goals per 90 (+0.028),club squad rotation (-0.206); goal contributions per 90 (-0.204); league context (-0.141); minutes last season (-0.136); league minutes (-0.100)
397486,goal contributions per 90 (+0.182); age (+0.113); assists per 90 (+0.089); league minutes (+0.083); goals per 90 (+0.059),club squad rotation (-0.180); minutes per appearance (-0.146); minutes last season (-0.102); league context (-0.069); 3-season average minutes (-0.056)
398065,goal contributions per 90 (+0.603); league context (+0.291); age (+0.169); seasons of top-5 history (+0.133); 3-season average minutes (+0.095),gap since last season (-0.229); minutes per appearance (-0.112); league minutes (-0.047); position: Defender (-0.039); position: Midfield (-0.039)
398073,goal contributions per 90 (+0.476); age (+0.301); seasons of top-5 history (+0.282); position: Defender (+0.134); minutes per appearance (+0.127),league context (-0.285); height (-0.040); position: Midfield (-0.014); contributions/90 last season (-0.009); change in contributions/90 (-0.007)
398184,goal contributions per 90 (+1.140); age (+0.267); seasons of top-5 history (+0.211); contributions/90 last season (+0.177); assists per 90 (+0.176),league minutes (-0.358); minutes per appearance (-0.294); 3-season average minutes (-0.057); minutes last season (-0.050); position: Midfield (-0.039)
399434,league context (+0.477); age (+0.229); goal contributions per 90 (+0.125); position: Midfield (+0.120); minutes last season (+0.105),minutes per appearance (-0.094); club squad rotation (-0.053); height (-0.051); seasons of top-5 history (-0.041); position: Defender (-0.022)
399776,league context (+0.397); seasons of top-5 history (+0.242); 3-season average minutes (+0.217); height (+0.130); minutes last season (+0.119),goal contributions per 90 (-0.193); goals per 90 (-0.111); position: Midfield (-0.026); foot: left (-0.014); assists per 90 (-0.013)
400131,age (+0.121); position: Defender (+0.043); goals per 90 (+0.035); gap since last season (+0.017); minutes consistency (+0.015),league minutes (-0.352); goal contributions per 90 (-0.210); minutes per appearance (-0.097); league context (-0.084); minutes last season (-0.079)
400489,age (+0.274); goal contributions per 90 (+0.145); position: Midfield (+0.102); 3-season average output (+0.079); goals per 90 (+0.070),league minutes (-0.297); club squad rotation (-0.150); gap since last season (-0.116); 3-season average minutes (-0.070); assists per 90 (-0.055)
400536,league context (+0.585); age (+0.282); league minutes (+0.182); minutes per appearance (+0.074); height (+0.061),goal contributions per 90 (-0.238); club squad rotation (-0.143); minutes last season (-0.136); goals per 90 (-0.104); 3-season average minutes (-0.060)
401173,league context (+0.441); age (+0.285); seasons of top-5 history (+0.230); assists per 90 (+0.057); goal contributions per 90 (+0.054),minutes per appearance (-0.141); minutes last season (-0.101); position: Defender (-0.063); position: Midfield (-0.054); 3-season average minutes (-0.049)
401320,league minutes (+0.416); league context (+0.415); age (+0.276); 3-season average minutes (+0.184); height (+0.127),goal contributions per 90 (-0.188); club squad rotation (-0.106); goals per 90 (-0.091); seasons of top-5 history (-0.041); position: Midfield (-0.039)
401356,league context (+0.452); position: Midfield (+0.120); minutes last season (+0.096); height (+0.074); age (+0.053),goal contributions per 90 (-0.207); disciplinary record (-0.151); goals per 90 (-0.079); league minutes (-0.072); 3-season average minutes (-0.061)
401529,league minutes (+0.379); age (+0.189); minutes per appearance (+0.087); minutes last season (+0.051); height (+0.025),gap since last season (-0.213); club squad rotation (-0.202); goals per 90 (-0.087); goal contributions per 90 (-0.071); 3-season average minutes (-0.070)
401530,3-season average minutes (+0.266); age (+0.178); seasons of top-5 history (+0.098); league context (+0.085); minutes per appearance (+0.064),league minutes (-0.350); gap since last season (-0.170); minutes consistency (-0.057); goal contributions per 90 (-0.046); assists/90 last season (-0.022)
401578,goal contributions per 90 (+0.390); age (+0.187); assists per 90 (+0.176); club squad rotation (+0.113); position: Midfield (+0.103),league minutes (-0.314); league context (-0.276); minutes per appearance (-0.203); 3-season average minutes (-0.039); height (-0.031)
401922,seasons of top-5 history (+0.269); goal contributions per 90 (+0.218); age (+0.194); 3-season average output (+0.053); goals per 90 (+0.044),league minutes (-0.447); minutes per appearance (-0.275); league context (-0.112); club squad rotation (-0.103); position: Defender (-0.086)
402008,seasons of top-5 history (+0.205); age (+0.099); position: Midfield (+0.089); 3-season average output (+0.081); club squad rotation (+0.044),league minutes (-0.277); league context (-0.231); goal contributions per 90 (-0.197); minutes per appearance (-0.181); disciplinary record (-0.063)
403151,league context (+0.468); league minutes (+0.352); height (+0.213); age (+0.167); 3-season average minutes (+0.145),goal contributions per 90 (-0.170); goals per 90 (-0.084); minutes consistency (-0.079); position: Midfield (-0.039); 3-season average output (-0.034)
404842,age (+0.386); league context (+0.355); league minutes (+0.240); minutes per appearance (+0.102); 3-season average minutes (+0.092),goal contributions per 90 (-0.171); height (-0.102); minutes consistency (-0.077); goals per 90 (-0.063); 3-season average output (-0.039)
404950,age (+0.399); league minutes (+0.120); position: Midfield (+0.099); gap since last season (+0.018); minutes consistency (+0.012),goal contributions per 90 (-0.230); minutes last season (-0.137); league context (-0.088); height (-0.073); goals per 90 (-0.071)
405385,league context (+0.746); age (+0.309); goals per 90 (+0.042); position: Defender (+0.037); gap since last season (+0.024),goal contributions per 90 (-0.194); league minutes (-0.175); minutes per appearance (-0.084); height (-0.056); 3-season average minutes (-0.054)
405397,age (+0.347); league minutes (+0.183); minutes per appearance (+0.164); goal contributions per 90 (+0.141); goals per 90 (+0.075),league context (-0.356); minutes last season (-0.078); 3-season average minutes (-0.060); height (-0.043); position: Defender (-0.043)
405398,age (+0.541); seasons of top-5 history (+0.241); minutes last season (+0.187); league minutes (+0.155); 3-season average minutes (+0.119),minutes per appearance (-0.091); club squad rotation (-0.081); position: Defender (-0.071); goal contributions per 90 (-0.063); position: Midfield (-0.050)
405670,age (+0.284); position: Midfield (+0.130); goals per 90 (+0.042); gap since last season (+0.017); minutes consistency (+0.013),league minutes (-0.349); minutes per appearance (-0.122); minutes last season (-0.121); club squad rotation (-0.115); goal contributions per 90 (-0.095)
405687,age (+0.533); 3-season average minutes (+0.177); position: Midfield (+0.108); goals/90 last season (+0.063); minutes per appearance (+0.023),league minutes (-0.262); goal contributions per 90 (-0.217); league context (-0.122); goals per 90 (-0.076); assists per 90 (-0.049)
405885,age (+0.328); goal contributions per 90 (+0.302); seasons of top-5 history (+0.154); 3-season average minutes (+0.082); league context (+0.076),league minutes (-0.294); minutes per appearance (-0.238); minutes consistency (-0.072); position: Defender (-0.056); position: Midfield (-0.049)
406040,goal contributions per 90 (+1.027); contributions/90 last season (+0.207); 3-season average output (+0.201); age (+0.160); league minutes (+0.126),club squad rotation (-0.126); league context (-0.046); position: Midfield (-0.044); position: Defender (-0.043); goals/90 last season (-0.018)
406625,goal contributions per 90 (+0.531); contributions/90 last season (+0.209); 3-season average output (+0.205); age (+0.196); 3-season average minutes (+0.190),position: Defender (-0.033); position: Midfield (-0.025); appearances (-0.008); assists/90 last season (-0.008); height (-0.006)
406634,league context (+0.520); goal contributions per 90 (+0.285); age (+0.253); position: Midfield (+0.128); assists per 90 (+0.064),league minutes (-0.453); minutes per appearance (-0.238); club squad rotation (-0.103); minutes last season (-0.073); 3-season average minutes (-0.070)
406635,league context (+0.379); age (+0.375); 3-season average output (+0.216); 3-season average minutes (+0.198); minutes last season (+0.168),minutes per appearance (-0.064); league minutes (-0.021); position: Defender (-0.018); minutes consistency (-0.012); goals/90 last season (-0.006)
406638,league context (+0.442); age (+0.298); position: Midfield (+0.092); goals/90 last season (+0.021); change in contributions/90 (+0.007),league minutes (-0.392); goal contributions per 90 (-0.232); gap since last season (-0.230); club squad rotation (-0.175); goals per 90 (-0.072)
406640,age (+0.328); position: Midfield (+0.178); height (+0.136); 3-season average output (+0.058); club squad rotation (+0.042),minutes per appearance (-0.188); league minutes (-0.142); league context (-0.142); minutes last season (-0.098); 3-season average minutes (-0.058)
406973,age (+0.288); assists per 90 (+0.057); assists/90 last season (+0.055); disciplinary record (+0.049); height (+0.045),minutes per appearance (-0.323); league context (-0.291); league minutes (-0.245); 3-season average minutes (-0.079); position: Midfield (-0.076)
407098,age (+0.655); minutes last season (+0.163); assists per 90 (+0.057); goals/90 last season (+0.048); change in goals/90 (+0.037),league minutes (-0.336); league context (-0.151); minutes per appearance (-0.139); gap since last season (-0.133); goals per 90 (-0.070)
408471,league minutes (+0.267); age (+0.252); goal contributions per 90 (+0.250); minutes per appearance (+0.165); 3-season average minutes (+0.133),gap since last season (-0.187); seasons of top-5 history (-0.063); height (-0.050); position: Defender (-0.047); position: Midfield (-0.036)
410225,league context (+0.409); goal contributions per 90 (+0.292); seasons of top-5 history (+0.238); age (+0.202); league minutes (+0.174),position: Defender (-0.072); position: Midfield (-0.058); 3-season average minutes (-0.053); minutes last season (-0.042); change in minutes (-0.029)
410425,league context (+0.412); seasons of top-5 history (+0.299); position: Midfield (+0.105); minutes last season (+0.074); 3-season average minutes (+0.052),league minutes (-0.234); goal contributions per 90 (-0.128); minutes per appearance (-0.100); club squad rotation (-0.081); assists per 90 (-0.060)
411295,goal contributions per 90 (+1.074); league minutes (+0.204); 3-season average output (+0.170); seasons of top-5 history (+0.166); league context (+0.151),minutes consistency (-0.058); minutes last season (-0.056); position: Midfield (-0.047); position: Defender (-0.043); change in minutes (-0.030)
411975,seasons of top-5 history (+0.361); age (+0.281); 3-season average minutes (+0.266); league minutes (+0.187); league context (+0.143),height (-0.074); goal contributions per 90 (-0.045); position: Midfield (-0.029); contributions/90 last season (-0.026); 3-season average output (-0.019)
412045,age (+0.209); position: Midfield (+0.124); league minutes (+0.089); club squad rotation (+0.045); league context (+0.018),goal contributions per 90 (-0.226); minutes last season (-0.138); disciplinary record (-0.084); 3-season average minutes (-0.072); minutes per appearance (-0.057)
412363,age (+0.424); goal contributions per 90 (+0.266); seasons of top-5 history (+0.220); minutes last season (+0.120); league context (+0.093),minutes per appearance (-0.115); position: Midfield (-0.050); position: Defender (-0.042); minutes consistency (-0.015); height (-0.007)
412660,age (+0.059); goals per 90 (+0.056); height (+0.042); minutes consistency (+0.025); gap since last season (+0.019),league minutes (-0.335); minutes per appearance (-0.178); club squad rotation (-0.162); league context (-0.092); position: Midfield (-0.081)
412829,league minutes (+0.184); minutes per appearance (+0.082); height (+0.063); position: Defender (+0.032); goals/90 last season (+0.025),gap since last season (-0.386); league context (-0.269); goal contributions per 90 (-0.216); goals per 90 (-0.082); 3-season average minutes (-0.063)
412932,goal contributions per 90 (+0.987); age (+0.363); goals per 90 (+0.142); appearances (+0.027); goals/90 last season (+0.013),league minutes (-0.360); gap since last season (-0.268); minutes per appearance (-0.207); league context (-0.129); minutes last season (-0.091)
413039,goal contributions per 90 (+0.571); league context (+0.351); age (+0.317); league minutes (+0.278); 3-season average minutes (+0.142),position: Defender (-0.037); minutes consistency (-0.036); club squad rotation (-0.033); position: Midfield (-0.030); change in minutes (-0.018)
413112,age (+0.390); seasons of top-5 history (+0.282); 3-season average minutes (+0.195); league minutes (+0.188); league context (+0.177),goal contributions per 90 (-0.166); goals per 90 (-0.082); assists per 90 (-0.053); change in goals/90 (-0.037); club squad rotation (-0.019)
413220,league context (+0.419); league minutes (+0.335); age (+0.209); position: Defender (+0.056); minutes per appearance (+0.041),gap since last season (-0.163); goal contributions per 90 (-0.135); club squad rotation (-0.074); height (-0.061); disciplinary record (-0.043)
413262,goal contributions per 90 (+0.630); league context (+0.115); assists/90 last season (+0.112); assists per 90 (+0.111); club squad rotation (+0.066),gap since last season (-0.431); minutes per appearance (-0.129); minutes last season (-0.076); position: Midfield (-0.056); age (-0.052)
413403,league context (+0.354); league minutes (+0.282); seasons of top-5 history (+0.255); 3-season average minutes (+0.233); age (+0.196),goal contributions per 90 (-0.210); height (-0.119); 3-season average output (-0.061); contributions/90 last season (-0.023); minutes consistency (-0.014)
413507,league minutes (+0.371); league context (+0.310); seasons of top-5 history (+0.215); age (+0.203); 3-season average minutes (+0.201),position: Midfield (-0.053); goal contributions per 90 (-0.048); assists per 90 (-0.026); contributions/90 last season (-0.025); 3-season average output (-0.019)
413565,league minutes (+0.225); 3-season average minutes (+0.212); age (+0.155); minutes last season (+0.146); height (+0.051),goal contributions per 90 (-0.238); league context (-0.144); club squad rotation (-0.124); goals per 90 (-0.118); minutes consistency (-0.062)
413843,3-season average minutes (+0.101); minutes last season (+0.098); position: Defender (+0.083); goals/90 last season (+0.073); age (+0.061),league minutes (-0.190); league context (-0.137); goal contributions per 90 (-0.039); disciplinary record (-0.026); club squad rotation (-0.023)
414908,seasons of top-5 history (+0.298); 3-season average minutes (+0.155); league minutes (+0.153); minutes last season (+0.092); minutes per appearance (+0.086),league context (-0.207); goal contributions per 90 (-0.064); position: Defender (-0.023); change in minutes (-0.014); assists per 90 (-0.014)
415381,goal contributions per 90 (+0.532); league context (+0.500); age (+0.235); assists per 90 (+0.149); position: Defender (+0.067),league minutes (-0.398); minutes per appearance (-0.268); disciplinary record (-0.087); club squad rotation (-0.084); minutes last season (-0.067)
415912,league context (+0.409); seasons of top-5 history (+0.170); height (+0.141); 3-season average minutes (+0.136); age (+0.120),goal contributions per 90 (-0.176); minutes per appearance (-0.066); goals per 90 (-0.058); position: Midfield (-0.042); minutes consistency (-0.038)
417346,league context (+0.383); 3-season average minutes (+0.168); league minutes (+0.155); minutes last season (+0.150); seasons of top-5 history (+0.138),goal contributions per 90 (-0.128); minutes per appearance (-0.067); height (-0.054); position: Midfield (-0.043); position: Defender (-0.041)
418560,goal contributions per 90 (+0.825); age (+0.331); league context (+0.282); contributions/90 last season (+0.223); 3-season average output (+0.206),position: Midfield (-0.035); position: Defender (-0.028); assists per 90 (-0.020); minutes consistency (-0.015); assists/90 last season (-0.011)
418651,league minutes (+0.422); age (+0.295); height (+0.112); minutes per appearance (+0.078); appearances (+0.029),league context (-0.359); goal contributions per 90 (-0.199); gap since last season (-0.179); minutes last season (-0.095); 3-season average minutes (-0.062)
418659,goal contributions per 90 (+0.618); age (+0.366); seasons of top-5 history (+0.275); 3-season average minutes (+0.113); league minutes (+0.102),league context (-0.135); minutes per appearance (-0.070); position: Defender (-0.049); height (-0.043); position: Midfield (-0.042)
420002,goal contributions per 90 (+0.483); league context (+0.384); contributions/90 last season (+0.169); seasons of top-5 history (+0.162); age (+0.155),position: Midfield (-0.076); 3-season average minutes (-0.054); position: Defender (-0.035); assists per 90 (-0.027); minutes consistency (-0.025)
420064,3-season average minutes (+0.138); assists per 90 (+0.106); age (+0.100); 3-season average output (+0.093); position: Defender (+0.093),league context (-0.291); gap since last season (-0.186); goals per 90 (-0.102); height (-0.053); goal contributions per 90 (-0.032)
420210,age (+0.282); position: Defender (+0.035); appearances (+0.027); gap since last season (+0.018); goals per 90 (+0.017),goal contributions per 90 (-0.237); league minutes (-0.204); minutes last season (-0.094); minutes per appearance (-0.081); league context (-0.079)
420243,league context (+0.423); age (+0.416); league minutes (+0.189); club squad rotation (+0.079); minutes per appearance (+0.030),minutes last season (-0.135); goal contributions per 90 (-0.090); height (-0.059); 3-season average minutes (-0.055); position: Midfield (-0.042)
421637,league minutes (+0.218); position: Midfield (+0.097); age (+0.086); minutes per appearance (+0.056); goals/90 last season (+0.024),goal contributions per 90 (-0.261); league context (-0.099); height (-0.079); minutes last season (-0.076); 3-season average minutes (-0.062)
421873,age (+0.520); minutes last season (+0.206); minutes per appearance (+0.092); league minutes (+0.084); disciplinary record (+0.076),goal contributions per 90 (-0.219); club squad rotation (-0.096); goals per 90 (-0.092); 3-season average minutes (-0.068); league context (-0.058)
422466,league minutes (+0.203); minutes last season (+0.136); club squad rotation (+0.130); league context (+0.124); age (+0.112),goal contributions per 90 (-0.169); minutes consistency (-0.121); height (-0.088); assists per 90 (-0.050); seasons of top-5 history (-0.042)
423440,age (+0.297); league minutes (+0.289); 3-season average minutes (+0.278); seasons of top-5 history (+0.217); league context (+0.162),goal contributions per 90 (-0.144); height (-0.104); club squad rotation (-0.048); disciplinary record (-0.021); assists per 90 (-0.020)
423444,seasons of top-5 history (+0.298); 3-season average minutes (+0.279); age (+0.263); league minutes (+0.158); minutes last season (+0.152),goal contributions per 90 (-0.137); 3-season average output (-0.053); assists per 90 (-0.039); minutes per appearance (-0.036); contributions/90 last season (-0.027)
423744,age (+0.555); minutes last season (+0.204); 3-season average minutes (+0.164); position: Midfield (+0.116); league context (+0.106),league minutes (-0.248); goal contributions per 90 (-0.163); minutes per appearance (-0.096); goals per 90 (-0.039); 3-season average output (-0.029)
424042,3-season average minutes (+0.173); age (+0.135); league context (+0.104); club squad rotation (+0.102); seasons of top-5 history (+0.098),league minutes (-0.185); minutes per appearance (-0.131); goals per 90 (-0.070); height (-0.064); goal contributions per 90 (-0.056)
424072,goal contributions per 90 (+0.287); seasons of top-5 history (+0.215); assists per 90 (+0.115); 3-season average output (+0.048); club squad rotation (+0.046),league context (-0.241); minutes per appearance (-0.144); league minutes (-0.109); 3-season average minutes (-0.078); position: Defender (-0.068)
424204,age (+0.488); seasons of top-5 history (+0.291); 3-season average minutes (+0.156); minutes last season (+0.130); minutes per appearance (+0.071),league minutes (-0.120); league context (-0.084); goal contributions per 90 (-0.064); height (-0.043); position: Midfield (-0.014)
425334,league context (+0.385); 3-season average minutes (+0.191); age (+0.171); seasons of top-5 history (+0.158); league minutes (+0.128),goal contributions per 90 (-0.208); minutes consistency (-0.106); assists per 90 (-0.040); position: Midfield (-0.037); height (-0.023)
425902,league context (+0.399); position: Midfield (+0.162); club squad rotation (+0.143); height (+0.122); minutes last season (+0.095),minutes per appearance (-0.177); disciplinary record (-0.110); goal contributions per 90 (-0.076); assists per 90 (-0.040); seasons of top-5 history (-0.039)
425918,league context (+0.444); age (+0.361); seasons of top-5 history (+0.108); height (+0.096); club squad rotation (+0.089),league minutes (-0.318); goal contributions per 90 (-0.160); minutes last season (-0.100); minutes per appearance (-0.044); 3-season average minutes (-0.039)
427568,league context (+0.412); age (+0.264); league minutes (+0.227); 3-season average minutes (+0.214); seasons of top-5 history (+0.172),gap since last season (-0.269); goal contributions per 90 (-0.192); club squad rotation (-0.142); goals per 90 (-0.141); 3-season average output (-0.039)
427572,goal contributions per 90 (+0.582); age (+0.339); league minutes (+0.228); minutes per appearance (+0.132); assists per 90 (+0.095),league context (-0.308); minutes last season (-0.100); 3-season average minutes (-0.049); contributions/90 last season (-0.046); position: Midfield (-0.038)
428563,3-season average minutes (+0.266); age (+0.254); minutes last season (+0.117); position: Midfield (+0.078); disciplinary record (+0.028),league minutes (-0.371); minutes per appearance (-0.106); club squad rotation (-0.081); league context (-0.077); seasons of top-5 history (-0.067)
429014,goal contributions per 90 (+0.386); age (+0.358); league context (+0.343); league minutes (+0.214); minutes last season (+0.171),position: Defender (-0.022); contributions/90 last season (-0.020); seasons of top-5 history (-0.015); appearances (-0.011); change in contributions/90 (-0.006)
429259,league minutes (+0.163); age (+0.156); minutes per appearance (+0.121); height (+0.045); disciplinary record (+0.043),league context (-0.470); goal contributions per 90 (-0.261); minutes last season (-0.120); 3-season average minutes (-0.070); assists per 90 (-0.041)
429874,age (+0.629); goal contributions per 90 (+0.414); minutes last season (+0.125); assists per 90 (+0.071); goals per 90 (+0.036),league context (-0.224); minutes per appearance (-0.186); league minutes (-0.103); position: Defender (-0.056); position: Midfield (-0.047)
429983,goal contributions per 90 (+0.427); league context (+0.412); age (+0.350); league minutes (+0.185); 3-season average minutes (+0.116),club squad rotation (-0.093); position: Midfield (-0.067); position: Defender (-0.054); minutes consistency (-0.039); seasons of top-5 history (-0.031)
430280,league minutes (+0.380); age (+0.345); position: Midfield (+0.105); minutes per appearance (+0.064); goals per 90 (+0.048),club squad rotation (-0.145); minutes last season (-0.093); 3-season average minutes (-0.069); goal contributions per 90 (-0.042); height (-0.034)
431755,age (+0.422); league context (+0.367); seasons of top-5 history (+0.187); minutes last season (+0.159); league minutes (+0.156),club squad rotation (-0.062); position: Defender (-0.021); foot: left (-0.016); assists/90 last season (-0.014); appearances (-0.007)
432090,age (+0.373); position: Midfield (+0.137); assists/90 last season (+0.050); goals per 90 (+0.024); minutes last season (+0.018),league minutes (-0.182); gap since last season (-0.180); minutes per appearance (-0.104); club squad rotation (-0.085); 3-season average minutes (-0.084)
432092,age (+0.360); league minutes (+0.320); minutes per appearance (+0.188); goal contributions per 90 (+0.059); height (+0.057),club squad rotation (-0.073); 3-season average minutes (-0.067); position: Midfield (-0.066); minutes last season (-0.065); position: Defender (-0.036)
432298,league minutes (+0.563); age (+0.561); minutes per appearance (+0.108); height (+0.089); disciplinary record (+0.050),goal contributions per 90 (-0.193); club squad rotation (-0.148); minutes last season (-0.114); goals per 90 (-0.080); 3-season average minutes (-0.061)
433177,goal contributions per 90 (+0.878); age (+0.486); league context (+0.271); contributions/90 last season (+0.180); 3-season average minutes (+0.147),minutes per appearance (-0.043); position: Midfield (-0.037); position: Defender (-0.035); height (-0.026); change in assists/90 (-0.014)
433181,age (+0.395); goal contributions per 90 (+0.148); position: Midfield (+0.092); assists per 90 (+0.091); goals per 90 (+0.074),league minutes (-0.356); club squad rotation (-0.176); minutes per appearance (-0.170); minutes last season (-0.118); league context (-0.093)
433188,league context (+0.420); age (+0.363); club squad rotation (+0.129); position: Midfield (+0.127); assists per 90 (+0.080),minutes per appearance (-0.159); minutes last season (-0.077); 3-season average minutes (-0.062); league minutes (-0.053); position: Defender (-0.025)
433584,age (+0.156); position: Midfield (+0.132); goals per 90 (+0.059); minutes per appearance (+0.042); minutes consistency (+0.026),league minutes (-0.178); club squad rotation (-0.166); league context (-0.109); minutes last season (-0.088); goal contributions per 90 (-0.085)
433984,league minutes (+0.391); age (+0.126); minutes last season (+0.107); minutes per appearance (+0.082); height (+0.079),goal contributions per 90 (-0.215); club squad rotation (-0.127); 3-season average minutes (-0.082); goals per 90 (-0.076); league context (-0.060)
434116,age (+0.318); position: Midfield (+0.071); disciplinary record (+0.022); gap since last season (+0.017); appearances (+0.005),league minutes (-0.232); club squad rotation (-0.222); goal contributions per 90 (-0.185); league context (-0.176); minutes last season (-0.126)
434224,age (+0.435); league context (+0.358); league minutes (+0.302); seasons of top-5 history (+0.166); 3-season average minutes (+0.162),goal contributions per 90 (-0.159); goals per 90 (-0.049); assists per 90 (-0.033); position: Midfield (-0.031); club squad rotation (-0.016)
434433,age (+0.360); league minutes (+0.330); goal contributions per 90 (+0.154); minutes per appearance (+0.150); minutes last season (+0.143),club squad rotation (-0.160); 3-season average minutes (-0.065); position: Midfield (-0.041); position: Defender (-0.034); seasons of top-5 history (-0.031)
434675,goal contributions per 90 (+0.792); league context (+0.358); age (+0.231); contributions/90 last season (+0.181); club squad rotation (+0.132),minutes per appearance (-0.134); position: Midfield (-0.059); position: Defender (-0.047); 3-season average minutes (-0.039); seasons of top-5 history (-0.016)
434990,age (+0.114); gap since last season (+0.017); minutes consistency (+0.016); assists/90 last season (+0.015); change in assists/90 (+0.005),league minutes (-0.373); goal contributions per 90 (-0.245); height (-0.094); 3-season average minutes (-0.089); minutes per appearance (-0.072)
435228,seasons of top-5 history (+0.166); league minutes (+0.122); minutes last season (+0.085); minutes per appearance (+0.079); height (+0.065),goal contributions per 90 (-0.267); club squad rotation (-0.238); league context (-0.154); goals per 90 (-0.118); 3-season average output (-0.056)
435338,league context (+0.353); 3-season average minutes (+0.235); age (+0.206); seasons of top-5 history (+0.199); league minutes (+0.193),position: Midfield (-0.039); goal contributions per 90 (-0.022); foot: left (-0.011); assists/90 last season (-0.008); assists per 90 (-0.006)
435648,league context (+0.477); age (+0.450); minutes last season (+0.190); goal contributions per 90 (+0.067); contributions/90 last season (+0.062),league minutes (-0.226); minutes per appearance (-0.200); club squad rotation (-0.090); position: Midfield (-0.068); 3-season average minutes (-0.061)
435772,goal contributions per 90 (+0.578); age (+0.458); contributions/90 last season (+0.170); minutes last season (+0.129); position: Midfield (+0.122),club squad rotation (-0.116); minutes per appearance (-0.098); minutes consistency (-0.059); change in goals/90 (-0.058); 3-season average minutes (-0.051)
435796,age (+0.366); league minutes (+0.147); position: Defender (+0.030); club squad rotation (+0.020); gap since last season (+0.018),goal contributions per 90 (-0.253); league context (-0.158); minutes last season (-0.137); height (-0.061); 3-season average minutes (-0.057)
436064,age (+0.356); height (+0.051); position: Defender (+0.032); club squad rotation (+0.019); gap since last season (+0.017),league minutes (-0.369); minutes per appearance (-0.238); goal contributions per 90 (-0.204); league context (-0.174); minutes last season (-0.136)
438001,league context (+0.520); age (+0.166); minutes last season (+0.125); height (+0.098); position: Defender (+0.037),gap since last season (-0.271); goal contributions per 90 (-0.251); club squad rotation (-0.154); league minutes (-0.090); goals per 90 (-0.076)
441170,league minutes (+0.232); 3-season average minutes (+0.124); league context (+0.116); club squad rotation (+0.098); assists/90 last season (+0.036),gap since last season (-0.362); goal contributions per 90 (-0.209); minutes last season (-0.054); height (-0.052); position: Midfield (-0.050)
441986,age (+0.274); club squad rotation (+0.153); height (+0.081); position: Defender (+0.068); league context (+0.059),league minutes (-0.193); minutes per appearance (-0.133); minutes last season (-0.108); 3-season average minutes (-0.076); position: Midfield (-0.072)
442248,league context (+0.395); height (+0.192); minutes per appearance (+0.136); 3-season average minutes (+0.117); minutes last season (+0.075),age (-0.794); goal contributions per 90 (-0.105); 3-season average output (-0.034); club squad rotation (-0.026); position: Midfield (-0.020)
442703,minutes last season (+0.151); position: Midfield (+0.139); minutes consistency (+0.034); gap since last season (+0.028); goals per 90 (+0.028),goal contributions per 90 (-0.230); club squad rotation (-0.199); league context (-0.090); league minutes (-0.085); 3-season average minutes (-0.072)
443331,age (+0.326); league minutes (+0.149); position: Midfield (+0.078); club squad rotation (+0.047); height (+0.024),goal contributions per 90 (-0.219); league context (-0.166); 3-season average minutes (-0.046); assists per 90 (-0.046); seasons of top-5 history (-0.035)
443710,age (+0.565); league minutes (+0.169); 3-season average minutes (+0.131); minutes per appearance (+0.127); minutes last season (+0.117),league context (-0.190); height (-0.050); minutes consistency (-0.043); club squad rotation (-0.030); seasons of top-5 history (-0.030)
444523,league context (+0.374); 3-season average minutes (+0.195); league minutes (+0.190); age (+0.176); minutes last season (+0.142),goal contributions per 90 (-0.082); height (-0.048); assists per 90 (-0.043); minutes per appearance (-0.031); position: Defender (-0.020)
445126,league minutes (+0.284); age (+0.198); position: Defender (+0.082); minutes per appearance (+0.077); disciplinary record (+0.061),club squad rotation (-0.179); league context (-0.094); minutes consistency (-0.062); height (-0.061); seasons of top-5 history (-0.054)
445939,goal contributions per 90 (+1.287); age (+0.292); minutes per appearance (+0.172); goals per 90 (+0.140); league minutes (+0.137),league context (-0.204); height (-0.037); position: Defender (-0.036); appearances (-0.024); position: Midfield (-0.024)
448258,age (+0.328); 3-season average output (+0.093); position: Defender (+0.093); height (+0.085); goals/90 last season (+0.036),goal contributions per 90 (-0.113); minutes last season (-0.090); league context (-0.089); position: Midfield (-0.060); 3-season average minutes (-0.047)
448628,seasons of top-5 history (+0.119); league context (+0.114); 3-season average minutes (+0.105); club squad rotation (+0.101); position: Defender (+0.043),age (-0.351); minutes consistency (-0.128); goal contributions per 90 (-0.068); league minutes (-0.068); position: Midfield (-0.061)
448632,league minutes (+0.340); age (+0.319); minutes last season (+0.175); 3-season average minutes (+0.164); height (+0.086),league context (-0.311); goal contributions per 90 (-0.168); goals per 90 (-0.087); seasons of top-5 history (-0.052); club squad rotation (-0.048)
449796,league minutes (+0.304); league context (+0.248); height (+0.224); 3-season average minutes (+0.142); minutes per appearance (+0.131),age (-0.281); goal contributions per 90 (-0.096); goals per 90 (-0.051); position: Midfield (-0.036); disciplinary record (-0.022)
450050,league context (+0.446); goal contributions per 90 (+0.258); age (+0.223); seasons of top-5 history (+0.188); position: Midfield (+0.118),minutes per appearance (-0.145); minutes consistency (-0.061); club squad rotation (-0.056); league minutes (-0.045); minutes last season (-0.028)
450936,seasons of top-5 history (+0.323); position: Midfield (+0.092); assists/90 last season (+0.043); goals per 90 (+0.040); 3-season average output (+0.038),gap since last season (-0.287); league minutes (-0.225); league context (-0.193); 3-season average minutes (-0.074); minutes per appearance (-0.073)
451276,age (+0.431); league context (+0.357); league minutes (+0.151); club squad rotation (+0.146); position: Midfield (+0.137),minutes per appearance (-0.042); position: Defender (-0.020); assists/90 last season (-0.016); change in assists/90 (-0.012); appearances (-0.009)
451801,minutes per appearance (+0.177); club squad rotation (+0.138); age (+0.122); league context (+0.113); league minutes (+0.073),goal contributions per 90 (-0.153); 3-season average minutes (-0.074); assists per 90 (-0.045); seasons of top-5 history (-0.045); minutes consistency (-0.042)
451906,age (+0.333); league minutes (+0.135); height (+0.088); minutes per appearance (+0.056); position: Defender (+0.030),goal contributions per 90 (-0.230); minutes last season (-0.135); goals per 90 (-0.089); 3-season average minutes (-0.060); league context (-0.060)
452477,age (+0.330); goals per 90 (+0.038); club squad rotation (+0.026); gap since last season (+0.017); appearances (+0.013),league minutes (-0.211); league context (-0.188); minutes last season (-0.117); minutes per appearance (-0.110); 3-season average minutes (-0.073)
453016,age (+0.198); league minutes (+0.179); seasons of top-5 history (+0.156); 3-season average minutes (+0.129); minutes last season (+0.109),league context (-0.231); height (-0.036); goal contributions per 90 (-0.034); appearances (-0.031); position: Midfield (-0.023)
453870,age (+0.463); league minutes (+0.172); goal contributions per 90 (+0.148); minutes per appearance (+0.045); goals per 90 (+0.044),league context (-0.171); minutes last season (-0.093); 3-season average minutes (-0.060); position: Defender (-0.047); change in minutes (-0.042)
454863,age (+0.161); position: Midfield (+0.113); assists/90 last season (+0.019); appearances (+0.019); gap since last season (+0.017),goal contributions per 90 (-0.155); league minutes (-0.152); league context (-0.144); minutes per appearance (-0.113); height (-0.105)
455181,league context (+0.155); league minutes (+0.130); club squad rotation (+0.075); 3-season average output (+0.059); goal contributions per 90 (+0.046),position: Defender (-0.088); position: Midfield (-0.086); minutes last season (-0.055); change in minutes (-0.043); minutes per appearance (-0.039)
455661,goal contributions per 90 (+0.861); age (+0.513); goals per 90 (+0.093); height (+0.055); goals/90 last season (+0.018),league context (-0.153); minutes per appearance (-0.142); league minutes (-0.094); position: Midfield (-0.061); minutes last season (-0.058)
457673,league minutes (+0.163); goal contributions per 90 (+0.088); goals per 90 (+0.035); 3-season average output (+0.023); height (+0.022),club squad rotation (-0.135); minutes last season (-0.120); position: Defender (-0.113); position: Midfield (-0.085); minutes consistency (-0.075)
459128,goal contributions per 90 (+0.450); age (+0.233); minutes last season (+0.102); position: Midfield (+0.063); goals per 90 (+0.040),league minutes (-0.442); minutes per appearance (-0.265); club squad rotation (-0.177); 3-season average minutes (-0.065); league context (-0.051)
459463,age (+0.249); seasons of top-5 history (+0.232); goal contributions per 90 (+0.190); goals per 90 (+0.082); minutes per appearance (+0.071),league minutes (-0.260); gap since last season (-0.260); club squad rotation (-0.165); league context (-0.083); 3-season average minutes (-0.077)
459658,age (+0.389); minutes last season (+0.155); 3-season average minutes (+0.143); league minutes (+0.136); seasons of top-5 history (+0.063),club squad rotation (-0.126); minutes per appearance (-0.097); height (-0.056); position: Midfield (-0.041); league context (-0.041)
459665,age (+0.314); position: Midfield (+0.104); goals per 90 (+0.045); gap since last season (+0.018); minutes consistency (+0.010),goal contributions per 90 (-0.255); league minutes (-0.208); club squad rotation (-0.120); minutes last season (-0.116); league context (-0.106)
459763,league minutes (+0.406); age (+0.392); 3-season average minutes (+0.162); minutes last season (+0.137); height (+0.107),club squad rotation (-0.205); goal contributions per 90 (-0.168); goals per 90 (-0.117); seasons of top-5 history (-0.045); position: Midfield (-0.035)
460245,age (+0.229); height (+0.099); minutes per appearance (+0.097); seasons of top-5 history (+0.080); appearances (+0.076),goal contributions per 90 (-0.261); league minutes (-0.176); goals per 90 (-0.061); league context (-0.056); 3-season average minutes (-0.052)
460651,minutes last season (+0.135); position: Midfield (+0.125); league minutes (+0.109); age (+0.089); height (+0.041),goal contributions per 90 (-0.144); club squad rotation (-0.105); 3-season average minutes (-0.084); league context (-0.078); minutes per appearance (-0.065)
460939,league minutes (+0.295); goal contributions per 90 (+0.185); age (+0.181); minutes per appearance (+0.154); minutes last season (+0.117),club squad rotation (-0.182); 3-season average minutes (-0.076); height (-0.069); seasons of top-5 history (-0.035); 3-season average output (-0.024)
461019,age (+0.239); minutes last season (+0.106); goals per 90 (+0.064); position: Defender (+0.056); gap since last season (+0.019),club squad rotation (-0.196); league minutes (-0.196); goal contributions per 90 (-0.073); minutes consistency (-0.071); seasons of top-5 history (-0.059)
461607,goal contributions per 90 (+0.378); age (+0.243); goals per 90 (+0.080); club squad rotation (+0.023); minutes consistency (+0.017),league context (-0.314); league minutes (-0.121); minutes per appearance (-0.107); minutes last season (-0.085); 3-season average minutes (-0.066)
461843,age (+0.122); height (+0.044); position: Defender (+0.030); gap since last season (+0.019); minutes consistency (+0.015),league minutes (-0.377); goal contributions per 90 (-0.242); disciplinary record (-0.134); minutes last season (-0.099); 3-season average minutes (-0.092)
461883,league context (+0.409); age (+0.397); league minutes (+0.349); minutes last season (+0.124); minutes per appearance (+0.101),goal contributions per 90 (-0.207); 3-season average minutes (-0.059); goals per 90 (-0.043); disciplinary record (-0.030); seasons of top-5 history (-0.025)
462250,seasons of top-5 history (+0.230); age (+0.219); 3-season average output (+0.106); contributions/90 last season (+0.063); goal contributions per 90 (+0.061),league minutes (-0.299); minutes per appearance (-0.229); club squad rotation (-0.106); 3-season average minutes (-0.080); position: Defender (-0.063)
462348,goal contributions per 90 (+0.125); 3-season average minutes (+0.113); minutes last season (+0.086); age (+0.063); 3-season average output (+0.056),league context (-0.283); minutes per appearance (-0.236); league minutes (-0.158); position: Defender (-0.057); seasons of top-5 history (-0.053)
462823,age (+0.398); league minutes (+0.174); league context (+0.113); club squad rotation (+0.092); goals per 90 (+0.027),minutes last season (-0.132); minutes per appearance (-0.128); 3-season average minutes (-0.076); position: Midfield (-0.053); position: Defender (-0.048)
463600,age (+0.550); league minutes (+0.313); minutes last season (+0.205); 3-season average minutes (+0.139); height (+0.114),league context (-0.435); goal contributions per 90 (-0.166); goals per 90 (-0.088); club squad rotation (-0.027); seasons of top-5 history (-0.027)
463605,age (+0.436); league minutes (+0.117); minutes per appearance (+0.111); 3-season average minutes (+0.058); seasons of top-5 history (+0.037),league context (-0.457); goal contributions per 90 (-0.081); minutes consistency (-0.063); club squad rotation (-0.057); assists per 90 (-0.046)
463613,age (+0.350); goal contributions per 90 (+0.139); league minutes (+0.125); assists/90 last season (+0.071); contributions/90 last season (+0.066),league context (-0.414); minutes last season (-0.137); 3-season average minutes (-0.062); position: Defender (-0.059); club squad rotation (-0.053)
463618,age (+0.487); position: Midfield (+0.177); minutes last season (+0.165); 3-season average minutes (+0.162); league minutes (+0.148),minutes per appearance (-0.095); club squad rotation (-0.050); league context (-0.023); position: Defender (-0.021); assists/90 last season (-0.021)
463665,age (+0.167); minutes per appearance (+0.135); height (+0.077); goals per 90 (+0.050); position: Defender (+0.038),club squad rotation (-0.210); league minutes (-0.140); league context (-0.136); minutes last season (-0.114); goal contributions per 90 (-0.091)
464598,goal contributions per 90 (+0.363); age (+0.247); goals per 90 (+0.080); minutes consistency (+0.019); gap since last season (+0.017),club squad rotation (-0.168); league minutes (-0.166); minutes per appearance (-0.138); minutes last season (-0.106); league context (-0.101)
465555,league minutes (+0.246); age (+0.195); minutes last season (+0.101); height (+0.095); minutes per appearance (+0.066),league context (-0.383); goal contributions per 90 (-0.216); 3-season average minutes (-0.071); goals per 90 (-0.061); position: Midfield (-0.043)
465830,league minutes (+0.347); age (+0.327); seasons of top-5 history (+0.253); 3-season average minutes (+0.188); minutes last season (+0.125),goal contributions per 90 (-0.136); goals per 90 (-0.058); minutes consistency (-0.036); height (-0.032); disciplinary record (-0.018)
465955,league minutes (+0.401); height (+0.257); age (+0.223); minutes last season (+0.165); disciplinary record (+0.089),league context (-0.321); goal contributions per 90 (-0.176); 3-season average minutes (-0.058); goals per 90 (-0.052); seasons of top-5 history (-0.040)
465967,position: Midfield (+0.123); minutes last season (+0.108); 3-season average minutes (+0.064); league context (+0.060); seasons of top-5 history (+0.049),goal contributions per 90 (-0.203); minutes consistency (-0.122); height (-0.098); minutes per appearance (-0.063); goals per 90 (-0.062)
466794,age (+0.505); 3-season average minutes (+0.172); minutes last season (+0.127); seasons of top-5 history (+0.095); position: Defender (+0.065),league minutes (-0.166); minutes per appearance (-0.123); position: Midfield (-0.043); goal contributions per 90 (-0.043); height (-0.040)
466801,age (+0.390); position: Midfield (+0.117); league minutes (+0.071); height (+0.045); appearances (+0.022),club squad rotation (-0.273); goal contributions per 90 (-0.207); minutes last season (-0.158); league context (-0.137); goals per 90 (-0.077)
466802,age (+0.279); position: Midfield (+0.109); height (+0.062); goals per 90 (+0.054); disciplinary record (+0.025),league minutes (-0.276); club squad rotation (-0.225); goal contributions per 90 (-0.177); minutes last season (-0.127); league context (-0.092)
467434,age (+0.611); minutes last season (+0.220); position: Midfield (+0.079); disciplinary record (+0.042); club squad rotation (+0.041),league context (-0.143); goal contributions per 90 (-0.065); minutes per appearance (-0.062); 3-season average minutes (-0.055); height (-0.052)
467632,age (+0.329); league minutes (+0.240); minutes last season (+0.129); minutes per appearance (+0.073); position: Midfield (+0.069),league context (-0.452); goal contributions per 90 (-0.132); 3-season average minutes (-0.063); height (-0.058); club squad rotation (-0.039)
467992,age (+0.616); league minutes (+0.247); minutes last season (+0.175); 3-season average minutes (+0.140); minutes per appearance (+0.084),goal contributions per 90 (-0.190); club squad rotation (-0.170); height (-0.083); goals per 90 (-0.053); assists per 90 (-0.033)
468002,league context (+0.509); age (+0.281); position: Defender (+0.044); goals per 90 (+0.039); minutes consistency (+0.010),gap since last season (-0.329); league minutes (-0.260); club squad rotation (-0.118); minutes per appearance (-0.086); 3-season average minutes (-0.072)
468066,league context (+0.643); age (+0.218); position: Midfield (+0.111); league minutes (+0.059); height (+0.039),goal contributions per 90 (-0.202); club squad rotation (-0.113); minutes last season (-0.110); 3-season average minutes (-0.089); seasons of top-5 history (-0.044)
468198,league context (+0.563); league minutes (+0.081); position: Midfield (+0.072); disciplinary record (+0.047); goals per 90 (+0.044),gap since last season (-0.195); goal contributions per 90 (-0.160); club squad rotation (-0.108); minutes per appearance (-0.074); 3-season average minutes (-0.061)
468309,age (+0.247); minutes per appearance (+0.060); position: Defender (+0.023); minutes consistency (+0.008); change in contributions/90 (+0.003),goal contributions per 90 (-0.322); club squad rotation (-0.281); gap since last season (-0.138); league minutes (-0.106); minutes last season (-0.106)
469050,age (+0.573); league context (+0.388); league minutes (+0.308); minutes last season (+0.141); height (+0.128),position: Midfield (-0.055); goal contributions per 90 (-0.054); club squad rotation (-0.042); contributions/90 last season (-0.019); assists/90 last season (-0.014)
469211,age (+0.400); league minutes (+0.187); minutes last season (+0.112); position: Defender (+0.049); goals per 90 (+0.039),club squad rotation (-0.195); minutes per appearance (-0.084); 3-season average minutes (-0.072); goal contributions per 90 (-0.057); position: Midfield (-0.051)
469669,league minutes (+0.131); position: Midfield (+0.111); league context (+0.107); club squad rotation (+0.084); 3-season average minutes (+0.015),gap since last season (-0.330); goal contributions per 90 (-0.258); disciplinary record (-0.091); minutes last season (-0.080); height (-0.060)
469709,age (+0.234); minutes per appearance (+0.132); height (+0.088); goals per 90 (+0.070); position: Defender (+0.037),league minutes (-0.206); goal contributions per 90 (-0.151); league context (-0.115); minutes last season (-0.095); 3-season average minutes (-0.072)
469781,league context (+0.449); 3-season average minutes (+0.190); minutes last season (+0.116); goals/90 last season (+0.064); 3-season average output (+0.063),league minutes (-0.321); goal contributions per 90 (-0.230); goals per 90 (-0.068); minutes per appearance (-0.053); seasons of top-5 history (-0.052)
469822,goal contributions per 90 (+0.529); assists per 90 (+0.118); league context (+0.116); age (+0.100); club squad rotation (+0.062),minutes per appearance (-0.211); league minutes (-0.210); position: Midfield (-0.053); minutes last season (-0.053); contributions/90 last season (-0.051)
469976,minutes last season (+0.120); minutes per appearance (+0.079); position: Defender (+0.053); assists/90 last season (+0.040); goals/90 last season (+0.039),league minutes (-0.288); league context (-0.238); goals per 90 (-0.086); goal contributions per 90 (-0.067); 3-season average minutes (-0.063)
470607,age (+0.509); goal contributions per 90 (+0.473); league context (+0.350); league minutes (+0.145); 3-season average minutes (+0.145),club squad rotation (-0.076); minutes per appearance (-0.071); position: Midfield (-0.050); position: Defender (-0.043); seasons of top-5 history (-0.024)
470794,age (+0.544); 3-season average minutes (+0.241); seasons of top-5 history (+0.210); minutes last season (+0.152); position: Midfield (+0.061),league minutes (-0.426); club squad rotation (-0.149); goal contributions per 90 (-0.141); minutes per appearance (-0.114); league context (-0.114)
471055,goal contributions per 90 (+0.309); age (+0.261); league minutes (+0.149); assists per 90 (+0.073); height (+0.059),league context (-0.217); position: Midfield (-0.094); appearances (-0.062); position: Defender (-0.062); 3-season average minutes (-0.058)
471890,age (+0.297); position: Defender (+0.046); appearances (+0.031); gap since last season (+0.017); goals per 90 (+0.016),league minutes (-0.276); league context (-0.134); minutes last season (-0.117); minutes per appearance (-0.091); 3-season average minutes (-0.076)
472423,age (+0.424); league context (+0.411); seasons of top-5 history (+0.251); 3-season average minutes (+0.185); position: Defender (+0.081),league minutes (-0.229); gap since last season (-0.156); minutes per appearance (-0.077); height (-0.050); minutes consistency (-0.027)
473050,age (+0.509); league context (+0.399); goal contributions per 90 (+0.313); league minutes (+0.153); goals per 90 (+0.083),gap since last season (-0.201); minutes per appearance (-0.108); minutes last season (-0.095); 3-season average minutes (-0.063); position: Midfield (-0.040)
474662,age (+0.145); minutes last season (+0.122); league minutes (+0.109); position: Midfield (+0.078); seasons of top-5 history (+0.040),league context (-0.327); goal contributions per 90 (-0.234); height (-0.086); assists per 90 (-0.058); minutes consistency (-0.035)
474800,age (+0.363); seasons of top-5 history (+0.332); 3-season average minutes (+0.205); league minutes (+0.136); minutes last season (+0.130),goal contributions per 90 (-0.208); league context (-0.187); goals per 90 (-0.106); disciplinary record (-0.058); assists per 90 (-0.019)
475411,age (+0.521); league context (+0.404); 3-season average minutes (+0.150); seasons of top-5 history (+0.109); minutes per appearance (+0.051),league minutes (-0.214); gap since last season (-0.202); goal contributions per 90 (-0.191); disciplinary record (-0.157); goals per 90 (-0.083)
475416,age (+0.117); assists per 90 (+0.087); club squad rotation (+0.029); goals per 90 (+0.020); minutes consistency (+0.019),league context (-0.323); league minutes (-0.210); minutes per appearance (-0.117); minutes last season (-0.076); 3-season average minutes (-0.071)
475959,age (+0.602); league context (+0.353); league minutes (+0.317); 3-season average minutes (+0.159); minutes last season (+0.136),goal contributions per 90 (-0.112); club squad rotation (-0.031); height (-0.023); assists per 90 (-0.020); assists/90 last season (-0.014)
476344,seasons of top-5 history (+0.420); age (+0.318); 3-season average minutes (+0.143); goals/90 last season (+0.036); position: Defender (+0.030),goal contributions per 90 (-0.248); league minutes (-0.172); club squad rotation (-0.142); league context (-0.115); goals per 90 (-0.105)
476701,league context (+0.514); age (+0.446); minutes last season (+0.151); position: Midfield (+0.126); assists/90 last season (+0.027),disciplinary record (-0.087); club squad rotation (-0.073); goal contributions per 90 (-0.063); 3-season average minutes (-0.059); height (-0.048)
476836,league minutes (+0.203); age (+0.107); minutes per appearance (+0.093); position: Midfield (+0.086); goals per 90 (+0.032),league context (-0.484); 3-season average minutes (-0.072); height (-0.068); goal contributions per 90 (-0.063); club squad rotation (-0.046)
477758,league minutes (+0.365); league context (+0.361); seasons of top-5 history (+0.244); age (+0.217); minutes per appearance (+0.135),height (-0.056); club squad rotation (-0.036); 3-season average output (-0.032); position: Midfield (-0.022); change in minutes (-0.022)
478573,age (+0.497); league minutes (+0.393); league context (+0.356); height (+0.157); club squad rotation (+0.141),goal contributions per 90 (-0.126); minutes last season (-0.099); goals per 90 (-0.079); 3-season average minutes (-0.054); change in minutes (-0.020)
479999,goal contributions per 90 (+0.423); league context (+0.400); age (+0.270); league minutes (+0.170); 3-season average minutes (+0.131),height (-0.060); club squad rotation (-0.025); minutes consistency (-0.024); position: Defender (-0.019); appearances (-0.012)
480116,3-season average minutes (+0.126); age (+0.099); height (+0.083); position: Defender (+0.034); gap since last season (+0.017),league minutes (-0.237); goal contributions per 90 (-0.221); league context (-0.155); club squad rotation (-0.088); goals per 90 (-0.073)
480692,goal contributions per 90 (+0.681); league context (+0.326); league minutes (+0.179); club squad rotation (+0.101); assists per 90 (+0.091),minutes consistency (-0.174); minutes per appearance (-0.074); height (-0.049); position: Midfield (-0.047); position: Defender (-0.035)
480762,league context (+0.452); minutes per appearance (+0.119); age (+0.097); goals per 90 (+0.060); minutes last season (+0.042),gap since last season (-0.250); club squad rotation (-0.105); league minutes (-0.092); goal contributions per 90 (-0.076); 3-season average minutes (-0.062)
480763,seasons of top-5 history (+0.253); age (+0.147); height (+0.089); position: Defender (+0.046); league context (+0.045),goal contributions per 90 (-0.240); league minutes (-0.169); club squad rotation (-0.072); minutes last season (-0.060); assists per 90 (-0.042)
480883,age (+0.187); club squad rotation (+0.114); league context (+0.083); assists per 90 (+0.018); gap since last season (+0.018),minutes per appearance (-0.156); minutes last season (-0.100); 3-season average minutes (-0.072); league minutes (-0.068); position: Midfield (-0.063)
481084,goals per 90 (+0.043); change in goals/90 (+0.030); contributions/90 last season (+0.029); assists/90 last season (+0.026); disciplinary record (+0.021),gap since last season (-0.288); league minutes (-0.268); club squad rotation (-0.199); minutes per appearance (-0.118); league context (-0.071)
481834,age (+0.461); league minutes (+0.090); minutes per appearance (+0.081); seasons of top-5 history (+0.059); goals/90 last season (+0.042),goal contributions per 90 (-0.250); club squad rotation (-0.227); league context (-0.106); goals per 90 (-0.092); 3-season average output (-0.031)
483348,league context (+0.550); age (+0.267); position: Defender (+0.037); goals per 90 (+0.023); gap since last season (+0.021),goal contributions per 90 (-0.141); club squad rotation (-0.105); minutes last season (-0.105); league minutes (-0.074); 3-season average minutes (-0.059)
484547,age (+0.501); minutes last season (+0.224); goal contributions per 90 (+0.137); league minutes (+0.137); 3-season average minutes (+0.136),league context (-0.202); appearances (-0.049); position: Midfield (-0.013); foot: left (-0.005); minutes consistency (-0.002)
484988,age (+0.435); league minutes (+0.245); minutes last season (+0.200); height (+0.126); league context (+0.069),goal contributions per 90 (-0.163); club squad rotation (-0.126); 3-season average minutes (-0.086); position: Midfield (-0.056); assists per 90 (-0.031)
485583,age (+0.458); league minutes (+0.117); position: Defender (+0.045); club squad rotation (+0.020); gap since last season (+0.016),league context (-0.295); goal contributions per 90 (-0.171); minutes last season (-0.152); 3-season average minutes (-0.063); height (-0.047)
485585,age (+0.491); league context (+0.474); goals/90 last season (+0.056); position: Defender (+0.054); minutes last season (+0.020),league minutes (-0.328); minutes per appearance (-0.178); 3-season average minutes (-0.074); height (-0.059); seasons of top-5 history (-0.037)
485706,age (+0.619); league context (+0.390); height (+0.187); position: Midfield (+0.153); 3-season average minutes (+0.132),league minutes (-0.137); minutes per appearance (-0.076); goal contributions per 90 (-0.059); assists per 90 (-0.048); assists/90 last season (-0.023)
485960,seasons of top-5 history (+0.378); age (+0.351); 3-season average minutes (+0.218); minutes last season (+0.132); club squad rotation (+0.075),league context (-0.197); goal contributions per 90 (-0.182); 3-season average output (-0.043); assists per 90 (-0.029); position: Midfield (-0.024)
485963,age (+0.268); position: Midfield (+0.164); height (+0.130); league minutes (+0.107); league context (+0.077),gap since last season (-0.148); club squad rotation (-0.108); minutes per appearance (-0.082); assists per 90 (-0.071); goal contributions per 90 (-0.062)
485965,seasons of top-5 history (+0.378); age (+0.249); 3-season average minutes (+0.075); position: Defender (+0.064); club squad rotation (+0.043),league context (-0.289); goal contributions per 90 (-0.244); height (-0.055); assists per 90 (-0.034); minutes consistency (-0.023)
486031,seasons of top-5 history (+0.292); age (+0.120); contributions/90 last season (+0.113); 3-season average output (+0.072); 3-season average minutes (+0.070),minutes per appearance (-0.106); league context (-0.086); club squad rotation (-0.072); position: Defender (-0.052); position: Midfield (-0.049)
486049,age (+0.581); goal contributions per 90 (+0.491); league context (+0.359); contributions/90 last season (+0.178); assists/90 last season (+0.166),minutes per appearance (-0.104); league minutes (-0.090); position: Midfield (-0.052); position: Defender (-0.048); minutes consistency (-0.021)
487465,league context (+0.406); age (+0.380); assists/90 last season (+0.202); contributions/90 last season (+0.112); league minutes (+0.102),minutes per appearance (-0.109); position: Midfield (-0.067); position: Defender (-0.066); minutes consistency (-0.059); club squad rotation (-0.018)
487469,age (+0.355); 3-season average minutes (+0.164); minutes last season (+0.141); position: Midfield (+0.103); output consistency (+0.077),league context (-0.357); seasons of top-5 history (-0.047); goal contributions per 90 (-0.043); assists per 90 (-0.038); position: Defender (-0.029)
487474,age (+0.557); goal contributions per 90 (+0.309); assists per 90 (+0.082); goals per 90 (+0.047); height (+0.045),league minutes (-0.232); minutes per appearance (-0.138); minutes last season (-0.105); club squad rotation (-0.067); 3-season average minutes (-0.062)
487843,age (+0.589); league minutes (+0.155); goals per 90 (+0.068); goal contributions per 90 (+0.054); 3-season average output (+0.033),club squad rotation (-0.149); minutes per appearance (-0.144); minutes last season (-0.085); league context (-0.068); position: Defender (-0.062)
487969,goal contributions per 90 (+0.757); age (+0.226); 3-season average output (+0.217); contributions/90 last season (+0.186); 3-season average minutes (+0.182),league minutes (-0.166); league context (-0.115); minutes per appearance (-0.063); minutes consistency (-0.062); club squad rotation (-0.048)
488362,age (+0.411); 3-season average minutes (+0.190); minutes last season (+0.161); club squad rotation (+0.141); league context (+0.135),minutes per appearance (-0.163); league minutes (-0.161); minutes consistency (-0.088); height (-0.046); position: Defender (-0.023)
488626,league minutes (+0.364); age (+0.275); club squad rotation (+0.181); league context (+0.172); minutes last season (+0.125),goal contributions per 90 (-0.204); height (-0.085); goals per 90 (-0.073); 3-season average minutes (-0.062); position: Midfield (-0.034)
488755,age (+0.163); height (+0.127); appearances (+0.054); position: Defender (+0.046); goals per 90 (+0.029),goal contributions per 90 (-0.251); league minutes (-0.208); minutes last season (-0.091); league context (-0.090); position: Midfield (-0.066)
488996,age (+0.230); position: Midfield (+0.101); assists per 90 (+0.091); goal contributions per 90 (+0.080); disciplinary record (+0.030),league minutes (-0.360); club squad rotation (-0.173); minutes per appearance (-0.145); minutes last season (-0.117); league context (-0.106)
490384,age (+0.778); minutes last season (+0.185); league minutes (+0.162); goals per 90 (+0.107); minutes per appearance (+0.107),club squad rotation (-0.155); goal contributions per 90 (-0.105); minutes consistency (-0.059); position: Midfield (-0.057); assists per 90 (-0.040)
490423,age (+0.399); height (+0.033); position: Defender (+0.029); gap since last season (+0.012); minutes consistency (+0.009),league minutes (-0.328); club squad rotation (-0.161); minutes last season (-0.124); league context (-0.110); goal contributions per 90 (-0.099)
491296,age (+0.249); goal contributions per 90 (+0.103); goals per 90 (+0.056); assists per 90 (+0.052); club squad rotation (+0.020),league context (-0.314); league minutes (-0.190); minutes per appearance (-0.141); minutes last season (-0.091); 3-season average minutes (-0.060)
493003,league context (+0.486); league minutes (+0.302); minutes per appearance (+0.125); assists/90 last season (+0.045); goals per 90 (+0.043),height (-0.077); 3-season average minutes (-0.069); minutes last season (-0.066); age (-0.056); position: Midfield (-0.047)
493513,age (+0.472); league minutes (+0.357); height (+0.102); minutes per appearance (+0.094); disciplinary record (+0.074),club squad rotation (-0.271); goal contributions per 90 (-0.210); minutes last season (-0.132); league context (-0.095); goals per 90 (-0.087)
494586,age (+0.188); league minutes (+0.127); minutes last season (+0.111); minutes per appearance (+0.107); disciplinary record (+0.084),gap since last season (-0.371); league context (-0.288); goal contributions per 90 (-0.093); 3-season average minutes (-0.072); seasons of top-5 history (-0.050)
495621,age (+0.401); league minutes (+0.279); minutes last season (+0.154); position: Midfield (+0.117); league context (+0.033),goal contributions per 90 (-0.227); club squad rotation (-0.090); height (-0.078); 3-season average minutes (-0.070); goals per 90 (-0.057)
495666,age (+0.474); league context (+0.333); league minutes (+0.266); 3-season average minutes (+0.211); minutes last season (+0.172),goal contributions per 90 (-0.151); position: Midfield (-0.028); assists per 90 (-0.017); contributions/90 last season (-0.015); 3-season average output (-0.013)
495667,age (+0.488); league minutes (+0.249); position: Midfield (+0.106); goals per 90 (+0.036); contributions/90 last season (+0.011),gap since last season (-0.307); club squad rotation (-0.120); goal contributions per 90 (-0.091); 3-season average minutes (-0.071); minutes last season (-0.070)
495722,league minutes (+0.507); height (+0.124); age (+0.098); minutes per appearance (+0.085); disciplinary record (+0.044),goal contributions per 90 (-0.227); club squad rotation (-0.194); league context (-0.151); goals per 90 (-0.085); minutes last season (-0.078)
496094,goal contributions per 90 (+0.944); age (+0.520); assists per 90 (+0.110); 3-season average output (+0.101); goals per 90 (+0.089),league minutes (-0.235); minutes per appearance (-0.121); league context (-0.098); minutes last season (-0.085); 3-season average minutes (-0.068)
496745,age (+0.239); position: Defender (+0.072); assists/90 last season (+0.066); 3-season average output (+0.061); goals/90 last season (+0.058),league minutes (-0.308); minutes per appearance (-0.129); minutes last season (-0.120); 3-season average minutes (-0.101); league context (-0.100)
496857,goal contributions per 90 (+0.207); age (+0.190); minutes last season (+0.146); minutes per appearance (+0.095); 3-season average output (+0.081),league context (-0.368); league minutes (-0.280); position: Defender (-0.055); minutes consistency (-0.042); position: Midfield (-0.041)
497291,league context (+0.365); age (+0.245); seasons of top-5 history (+0.140); position: Midfield (+0.111); league minutes (+0.088),goal contributions per 90 (-0.175); height (-0.073); minutes per appearance (-0.062); assists per 90 (-0.034); goals per 90 (-0.033)
500067,goals per 90 (+0.049); age (+0.042); disciplinary record (+0.039); minutes consistency (+0.020); gap since last season (+0.015),league minutes (-0.407); club squad rotation (-0.253); minutes per appearance (-0.177); league context (-0.129); minutes last season (-0.074)
500689,goal contributions per 90 (+0.752); age (+0.475); league minutes (+0.202); assists per 90 (+0.123); goals per 90 (+0.056),league context (-0.234); position: Defender (-0.042); position: Midfield (-0.033); seasons of top-5 history (-0.028); 3-season average minutes (-0.027)
501418,league minutes (+0.123); age (+0.116); seasons of top-5 history (+0.066); change in assists/90 (+0.039); position: Defender (+0.034),goal contributions per 90 (-0.277); club squad rotation (-0.250); minutes consistency (-0.061); position: Midfield (-0.059); assists per 90 (-0.058)
501709,age (+0.137); height (+0.044); goals per 90 (+0.033); gap since last season (+0.016); disciplinary record (+0.013),league minutes (-0.380); league context (-0.309); minutes per appearance (-0.191); 3-season average minutes (-0.084); minutes last season (-0.083)
502670,age (+0.416); goal contributions per 90 (+0.352); 3-season average minutes (+0.193); 3-season average output (+0.190); minutes last season (+0.148),minutes per appearance (-0.122); position: Midfield (-0.039); position: Defender (-0.037); height (-0.031); seasons of top-5 history (-0.020)
502676,age (+0.425); league minutes (+0.356); height (+0.258); 3-season average minutes (+0.212); league context (+0.195),goal contributions per 90 (-0.150); club squad rotation (-0.140); goals per 90 (-0.102); minutes consistency (-0.033); 3-season average output (-0.030)
502722,age (+0.539); position: Midfield (+0.114); league context (+0.034); goals per 90 (+0.019); minutes consistency (+0.013),minutes last season (-0.140); club squad rotation (-0.104); goal contributions per 90 (-0.097); minutes per appearance (-0.080); 3-season average minutes (-0.070)
502821,age (+0.536); league context (+0.402); minutes last season (+0.198); club squad rotation (+0.069); position: Defender (+0.054),league minutes (-0.383); minutes per appearance (-0.145); 3-season average minutes (-0.071); disciplinary record (-0.028); seasons of top-5 history (-0.027)
503075,3-season average minutes (+0.194); age (+0.170); league minutes (+0.108); height (+0.071); position: Defender (+0.029),goal contributions per 90 (-0.275); club squad rotation (-0.248); league context (-0.160); goals per 90 (-0.116); minutes consistency (-0.074)
503160,age (+0.557); goal contributions per 90 (+0.549); league minutes (+0.195); assists per 90 (+0.100); club squad rotation (+0.088),league context (-0.168); minutes last season (-0.087); 3-season average minutes (-0.046); appearances (-0.034); contributions/90 last season (-0.029)
503482,3-season average minutes (+0.226); league minutes (+0.171); minutes per appearance (+0.138); height (+0.107); minutes last season (+0.087),goal contributions per 90 (-0.158); league context (-0.123); minutes consistency (-0.077); position: Midfield (-0.046); seasons of top-5 history (-0.045)
503680,age (+0.502); league context (+0.368); league minutes (+0.180); club squad rotation (+0.127); 3-season average minutes (+0.047),goal contributions per 90 (-0.140); height (-0.065); position: Midfield (-0.038); assists per 90 (-0.034); disciplinary record (-0.028)
503733,age (+0.529); league context (+0.331); minutes last season (+0.188); 3-season average minutes (+0.149); league minutes (+0.146),minutes consistency (-0.076); position: Defender (-0.041); position: Midfield (-0.039); height (-0.036); appearances (-0.010)
503743,age (+0.473); goal contributions per 90 (+0.450); league context (+0.389); league minutes (+0.292); minutes per appearance (+0.140),minutes last season (-0.079); 3-season average minutes (-0.057); club squad rotation (-0.042); contributions/90 last season (-0.031); seasons of top-5 history (-0.025)
503749,age (+0.539); league context (+0.338); 3-season average minutes (+0.202); minutes last season (+0.122); position: Midfield (+0.112),gap since last season (-0.223); league minutes (-0.155); minutes per appearance (-0.112); change in goals/90 (-0.065); height (-0.054)
503866,age (+0.349); position: Midfield (+0.086); goals per 90 (+0.057); gap since last season (+0.016); minutes consistency (+0.009),league minutes (-0.356); league context (-0.292); minutes last season (-0.109); minutes per appearance (-0.107); 3-season average minutes (-0.077)
503871,age (+0.494); league minutes (+0.361); minutes last season (+0.203); minutes per appearance (+0.104); position: Midfield (+0.061),goal contributions per 90 (-0.224); club squad rotation (-0.135); height (-0.111); 3-season average minutes (-0.075); assists per 90 (-0.042)
503977,league context (+0.643); age (+0.509); league minutes (+0.349); minutes per appearance (+0.111); height (+0.057),goal contributions per 90 (-0.217); minutes last season (-0.081); 3-season average minutes (-0.055); disciplinary record (-0.040); seasons of top-5 history (-0.031)
503981,age (+0.668); league context (+0.336); league minutes (+0.221); club squad rotation (+0.137); 3-season average minutes (+0.043),goal contributions per 90 (-0.216); height (-0.077); goals per 90 (-0.074); minutes last season (-0.064); assists per 90 (-0.036)
503987,age (+0.529); league context (+0.475); goal contributions per 90 (+0.277); league minutes (+0.079); contributions/90 last season (+0.050),minutes last season (-0.121); minutes per appearance (-0.113); 3-season average minutes (-0.059); position: Defender (-0.049); position: Midfield (-0.039)
503991,age (+0.743); position: Midfield (+0.085); seasons of top-5 history (+0.065); minutes last season (+0.037); gap since last season (+0.013),club squad rotation (-0.221); league minutes (-0.169); goal contributions per 90 (-0.162); goals per 90 (-0.101); height (-0.093)
504153,age (+0.756); minutes last season (+0.171); league minutes (+0.159); 3-season average minutes (+0.079); club squad rotation (+0.046),goal contributions per 90 (-0.190); league context (-0.176); goals per 90 (-0.099); height (-0.034); position: Midfield (-0.028)
504209,age (+0.758); league minutes (+0.206); minutes last season (+0.146); position: Midfield (+0.104); goals per 90 (+0.058),gap since last season (-0.302); goal contributions per 90 (-0.223); club squad rotation (-0.159); 3-season average minutes (-0.071); assists per 90 (-0.050)
504849,league context (+0.456); goal contributions per 90 (+0.307); league minutes (+0.146); age (+0.071); assists/90 last season (+0.046),club squad rotation (-0.101); position: Defender (-0.067); height (-0.058); position: Midfield (-0.057); minutes consistency (-0.045)
505194,league context (+0.486); age (+0.484); seasons of top-5 history (+0.210); position: Defender (+0.024); gap since last season (+0.019),league minutes (-0.363); goal contributions per 90 (-0.265); club squad rotation (-0.143); goals per 90 (-0.113); minutes last season (-0.095)
505219,age (+0.517); league context (+0.427); minutes last season (+0.248); position: Midfield (+0.117); club squad rotation (+0.071),goal contributions per 90 (-0.254); league minutes (-0.205); height (-0.075); goals per 90 (-0.062); 3-season average minutes (-0.057)
505653,age (+0.681); goal contributions per 90 (+0.619); goals per 90 (+0.092); minutes per appearance (+0.058); goals/90 last season (+0.015),gap since last season (-0.207); club squad rotation (-0.195); league context (-0.062); 3-season average minutes (-0.059); minutes last season (-0.033)
505674,age (+0.471); 3-season average minutes (+0.183); club squad rotation (+0.080); league context (+0.070); goal contributions per 90 (+0.045),league minutes (-0.264); minutes per appearance (-0.177); position: Defender (-0.071); position: Midfield (-0.053); seasons of top-5 history (-0.038)
506189,league context (+0.775); age (+0.224); league minutes (+0.146); position: Midfield (+0.095); goals per 90 (+0.028),goal contributions per 90 (-0.305); height (-0.069); disciplinary record (-0.060); 3-season average minutes (-0.059); assists per 90 (-0.056)
506248,3-season average minutes (+0.122); position: Midfield (+0.107); seasons of top-5 history (+0.099); club squad rotation (+0.055); league context (+0.052),league minutes (-0.305); gap since last season (-0.146); minutes per appearance (-0.081); goals per 90 (-0.061); minutes consistency (-0.049)
507344,age (+0.575); minutes last season (+0.212); disciplinary record (+0.103); height (+0.057); position: Defender (+0.050),league context (-0.259); goal contributions per 90 (-0.250); goals per 90 (-0.106); club squad rotation (-0.081); 3-season average minutes (-0.056)
507486,league minutes (+0.448); age (+0.383); position: Midfield (+0.083); minutes per appearance (+0.051); goals per 90 (+0.040),club squad rotation (-0.167); goal contributions per 90 (-0.156); minutes last season (-0.116); 3-season average minutes (-0.073); assists per 90 (-0.054)
509022,minutes last season (+0.145); league minutes (+0.133); age (+0.119); 3-season average minutes (+0.118); height (+0.092),goal contributions per 90 (-0.231); club squad rotation (-0.146); minutes consistency (-0.145); league context (-0.100); position: Midfield (-0.069)
511021,goals per 90 (+0.043); age (+0.031); minutes consistency (+0.018); gap since last season (+0.016); change in contributions/90 (+0.007),league minutes (-0.363); club squad rotation (-0.233); minutes per appearance (-0.191); league context (-0.144); minutes last season (-0.077)
512352,age (+0.424); height (+0.064); position: Defender (+0.053); goals per 90 (+0.027); gap since last season (+0.018),league context (-0.141); minutes last season (-0.140); minutes per appearance (-0.096); position: Midfield (-0.078); 3-season average minutes (-0.065)
513031,position: Midfield (+0.114); seasons of top-5 history (+0.062); goals/90 last season (+0.039); change in goals/90 (+0.025); change in contributions/90 (+0.024),league minutes (-0.281); goal contributions per 90 (-0.206); minutes per appearance (-0.124); 3-season average minutes (-0.082); height (-0.078)
513245,age (+0.421); league context (+0.370); 3-season average minutes (+0.147); 3-season average output (+0.093); club squad rotation (+0.090),league minutes (-0.249); gap since last season (-0.198); goal contributions per 90 (-0.185); minutes per appearance (-0.074); position: Defender (-0.061)
517753,3-season average minutes (+0.105); league context (+0.098); position: Midfield (+0.093); minutes last season (+0.093); club squad rotation (+0.054),age (-0.486); goal contributions per 90 (-0.248); height (-0.119); league minutes (-0.111); minutes per appearance (-0.086)
517842,seasons of top-5 history (+0.320); age (+0.059); position: Defender (+0.028); gap since last season (+0.016); disciplinary record (+0.012),league minutes (-0.325); goal contributions per 90 (-0.245); 3-season average minutes (-0.090); minutes per appearance (-0.089); club squad rotation (-0.077)
517894,goal contributions per 90 (+0.744); league context (+0.323); age (+0.315); 3-season average output (+0.158); league minutes (+0.157),club squad rotation (-0.060); minutes consistency (-0.059); position: Defender (-0.049); position: Midfield (-0.039); height (-0.035)
518505,age (+0.452); assists/90 last season (+0.138); contributions/90 last season (+0.097); 3-season average minutes (+0.093); 3-season average output (+0.067),league context (-0.123); minutes per appearance (-0.080); position: Defender (-0.072); position: Midfield (-0.072); league minutes (-0.071)
520530,minutes per appearance (+0.113); goals per 90 (+0.064); position: Defender (+0.031); 3-season average output (+0.026); age (+0.019),club squad rotation (-0.199); goal contributions per 90 (-0.187); league minutes (-0.167); league context (-0.082); 3-season average minutes (-0.068)
520624,league context (+0.355); league minutes (+0.307); age (+0.242); 3-season average minutes (+0.202); minutes last season (+0.163),height (-0.061); disciplinary record (-0.022); position: Defender (-0.016); change in contributions/90 (-0.011); appearances (-0.006)
520840,age (+0.278); 3-season average minutes (+0.164); height (+0.084); league context (+0.037); position: Defender (+0.036),goal contributions per 90 (-0.184); league minutes (-0.131); minutes per appearance (-0.078); goals per 90 (-0.065); seasons of top-5 history (-0.061)
521964,age (+0.503); height (+0.109); minutes last season (+0.061); seasons of top-5 history (+0.052); minutes per appearance (+0.036),goal contributions per 90 (-0.272); club squad rotation (-0.257); league context (-0.129); goals per 90 (-0.088); league minutes (-0.053)
522784,goal contributions per 90 (+0.477); age (+0.219); league minutes (+0.175); minutes per appearance (+0.122); league context (+0.096),minutes consistency (-0.075); position: Defender (-0.060); position: Midfield (-0.055); height (-0.043); seasons of top-5 history (-0.040)
523318,goal contributions per 90 (+0.500); age (+0.189); assists per 90 (+0.063); league context (+0.040); goals per 90 (+0.038),minutes per appearance (-0.268); league minutes (-0.267); minutes last season (-0.080); 3-season average minutes (-0.069); position: Midfield (-0.052)
524000,age (+0.351); 3-season average minutes (+0.238); league minutes (+0.199); minutes last season (+0.155); league context (+0.102),club squad rotation (-0.140); goal contributions per 90 (-0.125); minutes consistency (-0.035); assists per 90 (-0.031); 3-season average output (-0.030)
524285,age (+0.854); minutes last season (+0.200); 3-season average minutes (+0.135); 3-season average output (+0.063); position: Defender (+0.060),league minutes (-0.293); minutes per appearance (-0.233); league context (-0.213); goals per 90 (-0.075); seasons of top-5 history (-0.026)
524925,age (+0.156); league minutes (+0.122); position: Defender (+0.055); goals/90 last season (+0.039); goals per 90 (+0.034),league context (-0.295); goal contributions per 90 (-0.255); minutes last season (-0.105); 3-season average minutes (-0.081); seasons of top-5 history (-0.059)
525247,league minutes (+0.398); league context (+0.340); 3-season average minutes (+0.220); height (+0.193); age (+0.165),goal contributions per 90 (-0.179); goals per 90 (-0.075); 3-season average output (-0.049); position: Midfield (-0.037); assists per 90 (-0.021)
525299,age (+0.569); 3-season average minutes (+0.216); minutes last season (+0.204); league minutes (+0.166); minutes per appearance (+0.117),club squad rotation (-0.079); height (-0.071); seasons of top-5 history (-0.051); goal contributions per 90 (-0.031); goals per 90 (-0.014)
525578,league context (+0.166); position: Midfield (+0.141); league minutes (+0.109); club squad rotation (+0.082); gap since last season (+0.032),age (-0.404); disciplinary record (-0.131); minutes per appearance (-0.124); assists per 90 (-0.051); 3-season average minutes (-0.049)
525704,age (+0.530); league minutes (+0.240); league context (+0.117); seasons of top-5 history (+0.114); position: Midfield (+0.084),goal contributions per 90 (-0.189); height (-0.077); goals per 90 (-0.076); minutes last season (-0.071); change in minutes (-0.049)
526845,age (+0.595); minutes last season (+0.266); league minutes (+0.181); height (+0.076); minutes per appearance (+0.064),league context (-0.224); goal contributions per 90 (-0.201); goals per 90 (-0.098); position: Midfield (-0.048); 3-season average minutes (-0.044)
527425,league context (+0.544); age (+0.152); height (+0.097); position: Defender (+0.035); gap since last season (+0.023),league minutes (-0.373); goal contributions per 90 (-0.315); club squad rotation (-0.130); goals per 90 (-0.108); minutes last season (-0.084)
527698,position: Midfield (+0.146); league minutes (+0.129); minutes last season (+0.090); goals per 90 (+0.056); disciplinary record (+0.035),club squad rotation (-0.180); gap since last season (-0.166); goal contributions per 90 (-0.088); minutes per appearance (-0.081); minutes consistency (-0.063)
527966,league minutes (+0.366); minutes per appearance (+0.186); age (+0.169); league context (+0.115); club squad rotation (+0.110),minutes last season (-0.090); goal contributions per 90 (-0.076); height (-0.067); 3-season average minutes (-0.066); seasons of top-5 history (-0.034)
528833,age (+0.691); minutes last season (+0.203); 3-season average minutes (+0.174); position: Midfield (+0.109); goals per 90 (+0.055),league minutes (-0.325); club squad rotation (-0.183); minutes per appearance (-0.154); league context (-0.040); seasons of top-5 history (-0.037)
530742,age (+0.262); position: Midfield (+0.102); club squad rotation (+0.056); league context (+0.044); goals per 90 (+0.043),league minutes (-0.489); minutes per appearance (-0.187); minutes last season (-0.124); 3-season average minutes (-0.078); seasons of top-5 history (-0.029)
532775,age (+0.430); 3-season average minutes (+0.194); minutes last season (+0.170); seasons of top-5 history (+0.073); goals per 90 (+0.056),league context (-0.316); goal contributions per 90 (-0.128); position: Midfield (-0.039); assists per 90 (-0.034); contributions/90 last season (-0.034)
532826,goal contributions per 90 (+0.940); age (+0.596); league minutes (+0.185); minutes last season (+0.113); goals per 90 (+0.110),league context (-0.216); position: Defender (-0.050); height (-0.036); position: Midfield (-0.028); seasons of top-5 history (-0.025)
532937,league minutes (+0.282); age (+0.194); minutes per appearance (+0.103); minutes last season (+0.089); goals per 90 (+0.068),goal contributions per 90 (-0.221); club squad rotation (-0.140); minutes consistency (-0.117); height (-0.075); 3-season average output (-0.044)
533295,age (+0.539); assists/90 last season (+0.171); contributions/90 last season (+0.122); 3-season average output (+0.087); goal contributions per 90 (+0.078),gap since last season (-0.142); league context (-0.130); minutes per appearance (-0.089); position: Midfield (-0.056); position: Defender (-0.052)
533568,league minutes (+0.362); minutes per appearance (+0.136); goals/90 last season (+0.038); position: Defender (+0.032); league context (+0.026),goal contributions per 90 (-0.214); height (-0.111); 3-season average minutes (-0.080); club squad rotation (-0.077); minutes last season (-0.074)
533662,league context (+0.540); age (+0.536); disciplinary record (+0.049); goals per 90 (+0.035); minutes last season (+0.028),league minutes (-0.270); goal contributions per 90 (-0.158); minutes per appearance (-0.143); club squad rotation (-0.112); 3-season average minutes (-0.056)
533738,goal contributions per 90 (+0.735); age (+0.390); contributions/90 last season (+0.191); 3-season average output (+0.176); 3-season average minutes (+0.155),league context (-0.334); club squad rotation (-0.070); height (-0.039); position: Defender (-0.036); position: Midfield (-0.031)
534033,league context (+0.376); age (+0.295); league minutes (+0.177); 3-season average minutes (+0.158); minutes last season (+0.152),height (-0.037); position: Defender (-0.024); disciplinary record (-0.012); appearances (-0.010); change in goals/90 (-0.003)
535469,age (+0.182); assists per 90 (+0.066); minutes consistency (+0.022); gap since last season (+0.016); change in contributions/90 (+0.006),league minutes (-0.300); club squad rotation (-0.249); league context (-0.125); goals per 90 (-0.124); minutes last season (-0.099)
535955,age (+0.411); goal contributions per 90 (+0.215); assists per 90 (+0.117); position: Defender (+0.100); minutes last season (+0.088),gap since last season (-0.181); league minutes (-0.070); minutes consistency (-0.070); goals per 90 (-0.057); seasons of top-5 history (-0.034)
536508,age (+0.388); position: Midfield (+0.093); disciplinary record (+0.036); club squad rotation (+0.015); change in contributions/90 (+0.006),league minutes (-0.374); league context (-0.283); goal contributions per 90 (-0.227); gap since last season (-0.156); 3-season average minutes (-0.072)
536835,goal contributions per 90 (+0.847); age (+0.465); league context (+0.414); assists per 90 (+0.128); goals per 90 (+0.091),club squad rotation (-0.083); minutes last season (-0.078); position: Midfield (-0.044); 3-season average minutes (-0.041); contributions/90 last season (-0.036)
537382,age (+0.458); 3-season average minutes (+0.084); goal contributions per 90 (+0.074); assists/90 last season (+0.055); 3-season average output (+0.036),gap since last season (-0.134); minutes last season (-0.097); position: Defender (-0.074); position: Midfield (-0.062); club squad rotation (-0.058)
538918,age (+0.551); league minutes (+0.170); goal contributions per 90 (+0.121); goals per 90 (+0.097); disciplinary record (+0.063),minutes last season (-0.148); club squad rotation (-0.145); 3-season average minutes (-0.060); league context (-0.054); position: Defender (-0.051)
538964,age (+0.353); goal contributions per 90 (+0.235); 3-season average minutes (+0.223); minutes last season (+0.157); contributions/90 last season (+0.062),minutes per appearance (-0.277); league minutes (-0.269); club squad rotation (-0.072); position: Midfield (-0.062); position: Defender (-0.054)
538977,age (+0.652); league context (+0.453); goal contributions per 90 (+0.132); goals per 90 (+0.067); 3-season average output (+0.058),gap since last season (-0.122); minutes per appearance (-0.106); club squad rotation (-0.065); position: Defender (-0.064); position: Midfield (-0.053)
538998,age (+0.674); position: Defender (+0.033); goals per 90 (+0.020); goals/90 last season (+0.014); minutes consistency (+0.007),league minutes (-0.306); goal contributions per 90 (-0.237); league context (-0.197); gap since last season (-0.194); minutes per appearance (-0.079)
539134,age (+0.384); goal contributions per 90 (+0.168); position: Midfield (+0.095); goals per 90 (+0.072); gap since last season (+0.017),league minutes (-0.166); minutes per appearance (-0.152); minutes last season (-0.123); club squad rotation (-0.114); league context (-0.078)
540333,age (+0.641); minutes last season (+0.216); league minutes (+0.162); position: Midfield (+0.136); change in assists/90 (+0.044),club squad rotation (-0.233); goal contributions per 90 (-0.195); goals per 90 (-0.100); 3-season average minutes (-0.060); league context (-0.044)
540664,age (+0.610); goal contributions per 90 (+0.458); league minutes (+0.187); minutes per appearance (+0.148); minutes last season (+0.131),league context (-0.274); 3-season average minutes (-0.050); position: Defender (-0.049); height (-0.047); position: Midfield (-0.033)
540941,league context (+0.392); age (+0.390); league minutes (+0.265); assists per 90 (+0.122); position: Midfield (+0.106),gap since last season (-0.169); minutes last season (-0.094); 3-season average minutes (-0.052); height (-0.052); minutes consistency (-0.044)
541231,age (+0.549); league context (+0.431); league minutes (+0.211); minutes last season (+0.177); height (+0.104),goal contributions per 90 (-0.197); goals per 90 (-0.093); club squad rotation (-0.060); 3-season average minutes (-0.058); position: Midfield (-0.033)
541555,age (+0.481); league minutes (+0.432); club squad rotation (+0.168); league context (+0.161); minutes per appearance (+0.141),goal contributions per 90 (-0.228); minutes last season (-0.115); 3-season average minutes (-0.073); assists per 90 (-0.046); disciplinary record (-0.026)
543499,league context (+0.437); age (+0.405); league minutes (+0.228); minutes last season (+0.144); contributions/90 last season (+0.037),3-season average minutes (-0.069); position: Defender (-0.050); position: Midfield (-0.045); goal contributions per 90 (-0.035); height (-0.034)
543666,age (+0.535); league minutes (+0.233); minutes last season (+0.197); minutes per appearance (+0.088); disciplinary record (+0.048),club squad rotation (-0.232); goal contributions per 90 (-0.213); goals per 90 (-0.120); 3-season average minutes (-0.060); league context (-0.042)
543727,age (+0.502); league minutes (+0.083); height (+0.067); position: Defender (+0.024); gap since last season (+0.013),goal contributions per 90 (-0.267); club squad rotation (-0.241); minutes last season (-0.164); league context (-0.143); goals per 90 (-0.098)
543771,age (+0.624); position: Midfield (+0.105); club squad rotation (+0.080); goal contributions per 90 (+0.072); league context (+0.072),league minutes (-0.410); gap since last season (-0.227); minutes per appearance (-0.174); 3-season average minutes (-0.073); assists/90 last season (-0.027)
545647,age (+0.209); assists per 90 (+0.080); position: Defender (+0.053); height (+0.051); disciplinary record (+0.043),league minutes (-0.131); minutes last season (-0.118); club squad rotation (-0.088); 3-season average minutes (-0.072); goals per 90 (-0.063)
546213,age (+0.385); 3-season average minutes (+0.200); minutes last season (+0.180); seasons of top-5 history (+0.167); league minutes (+0.134),league context (-0.233); goal contributions per 90 (-0.188); disciplinary record (-0.029); appearances (-0.024); position: Midfield (-0.024)
546543,goal contributions per 90 (+0.515); league context (+0.336); age (+0.288); contributions/90 last season (+0.258); 3-season average output (+0.183),league minutes (-0.258); minutes per appearance (-0.194); disciplinary record (-0.091); position: Defender (-0.040); position: Midfield (-0.033)
546926,league minutes (+0.507); age (+0.319); height (+0.084); minutes per appearance (+0.080); appearances (+0.041),goal contributions per 90 (-0.224); club squad rotation (-0.152); minutes last season (-0.103); league context (-0.073); 3-season average minutes (-0.069)
547985,age (+0.464); 3-season average minutes (+0.171); seasons of top-5 history (+0.114); goals per 90 (+0.066); position: Defender (+0.057),league minutes (-0.259); club squad rotation (-0.208); minutes per appearance (-0.164); league context (-0.096); height (-0.039)
548111,age (+0.516); goal contributions per 90 (+0.426); league minutes (+0.192); assists/90 last season (+0.174); minutes last season (+0.145),club squad rotation (-0.112); position: Midfield (-0.058); position: Defender (-0.057); seasons of top-5 history (-0.038); disciplinary record (-0.011)
550106,age (+0.554); minutes last season (+0.090); goals per 90 (+0.053); assists/90 last season (+0.023); goals/90 last season (+0.023),league minutes (-0.252); club squad rotation (-0.179); minutes per appearance (-0.136); goal contributions per 90 (-0.091); league context (-0.068)
550108,age (+0.491); position: Midfield (+0.149); assists per 90 (+0.022); goals per 90 (+0.022); gap since last season (+0.015),league minutes (-0.414); minutes per appearance (-0.162); minutes last season (-0.115); 3-season average minutes (-0.069); seasons of top-5 history (-0.037)
550550,goal contributions per 90 (+1.362); age (+0.348); contributions/90 last season (+0.224); goals per 90 (+0.139); assists per 90 (+0.086),league minutes (-0.372); minutes per appearance (-0.205); league context (-0.201); 3-season average minutes (-0.047); minutes last season (-0.040)
550580,goal contributions per 90 (+0.548); age (+0.259); goals per 90 (+0.092); league minutes (+0.066); minutes consistency (+0.018),league context (-0.188); minutes per appearance (-0.137); minutes last season (-0.072); 3-season average minutes (-0.054); contributions/90 last season (-0.038)
551505,minutes last season (+0.070); goals per 90 (+0.033); assists/90 last season (+0.027); gap since last season (+0.023); minutes consistency (+0.020),league context (-0.261); minutes per appearance (-0.123); 3-season average minutes (-0.066); seasons of top-5 history (-0.059); position: Defender (-0.054)
552057,age (+0.649); goal contributions per 90 (+0.522); goals per 90 (+0.076); assists/90 last season (+0.046); contributions/90 last season (+0.040),league context (-0.153); club squad rotation (-0.130); gap since last season (-0.100); 3-season average minutes (-0.054); minutes last season (-0.048)
552223,age (+0.471); minutes per appearance (+0.095); height (+0.047); disciplinary record (+0.038); gap since last season (+0.013),league minutes (-0.314); goal contributions per 90 (-0.270); club squad rotation (-0.193); minutes last season (-0.138); goals per 90 (-0.121)
552425,seasons of top-5 history (+0.246); age (+0.189); 3-season average minutes (+0.169); league minutes (+0.128); league context (+0.110),goal contributions per 90 (-0.172); minutes per appearance (-0.072); assists per 90 (-0.059); height (-0.057); goals per 90 (-0.055)
553875,league context (+0.439); age (+0.371); league minutes (+0.183); 3-season average minutes (+0.129); minutes last season (+0.123),minutes consistency (-0.127); club squad rotation (-0.093); position: Midfield (-0.019); appearances (-0.011); disciplinary record (-0.006)
554903,goal contributions per 90 (+1.286); age (+0.220); league minutes (+0.192); goals per 90 (+0.157); assists per 90 (+0.106),club squad rotation (-0.153); minutes per appearance (-0.152); league context (-0.059); 3-season average minutes (-0.034); position: Midfield (-0.033)
555500,age (+0.395); club squad rotation (+0.150); height (+0.101); league context (+0.074); position: Defender (+0.043),league minutes (-0.305); goal contributions per 90 (-0.227); 3-season average minutes (-0.084); assists per 90 (-0.059); position: Midfield (-0.047)
555820,position: Midfield (+0.114); age (+0.112); minutes last season (+0.034); goals per 90 (+0.023); minutes consistency (+0.020),league minutes (-0.228); club squad rotation (-0.190); goal contributions per 90 (-0.139); minutes per appearance (-0.105); league context (-0.094)
556385,age (+0.695); league context (+0.373); minutes last season (+0.178); 3-season average minutes (+0.139); league minutes (+0.090),goal contributions per 90 (-0.185); club squad rotation (-0.111); goals per 90 (-0.101); assists per 90 (-0.026); position: Midfield (-0.017)
557149,age (+0.451); goal contributions per 90 (+0.421); seasons of top-5 history (+0.154); assists per 90 (+0.118); 3-season average minutes (+0.068),league context (-0.244); minutes per appearance (-0.127); league minutes (-0.038); contributions/90 last season (-0.034); minutes consistency (-0.029)
557459,age (+0.548); league context (+0.419); 3-season average minutes (+0.232); minutes last season (+0.188); height (+0.074),league minutes (-0.342); club squad rotation (-0.125); goals per 90 (-0.099); goal contributions per 90 (-0.063); seasons of top-5 history (-0.037)
557613,age (+0.636); minutes last season (+0.139); 3-season average minutes (+0.117); position: Defender (+0.062); seasons of top-5 history (+0.061),league context (-0.212); league minutes (-0.110); minutes per appearance (-0.072); position: Midfield (-0.027); club squad rotation (-0.027)
559328,age (+0.672); goal contributions per 90 (+0.512); league minutes (+0.174); minutes last season (+0.123); minutes per appearance (+0.113),league context (-0.314); position: Midfield (-0.048); 3-season average minutes (-0.047); position: Defender (-0.023); seasons of top-5 history (-0.021)
559794,league context (+0.490); age (+0.253); goal contributions per 90 (+0.066); assists per 90 (+0.056); gap since last season (+0.020),league minutes (-0.341); minutes per appearance (-0.175); club squad rotation (-0.150); minutes last season (-0.100); goals per 90 (-0.089)
559979,league minutes (+0.192); age (+0.159); minutes last season (+0.153); minutes per appearance (+0.098); league context (+0.060),goal contributions per 90 (-0.239); club squad rotation (-0.138); 3-season average minutes (-0.096); disciplinary record (-0.087); goals per 90 (-0.082)
560483,position: Midfield (+0.094); height (+0.065); club squad rotation (+0.063); age (+0.051); goals per 90 (+0.047),gap since last season (-0.325); league minutes (-0.307); minutes per appearance (-0.173); disciplinary record (-0.116); 3-season average minutes (-0.076)
560593,age (+0.301); seasons of top-5 history (+0.250); league minutes (+0.154); position: Midfield (+0.081); minutes per appearance (+0.076),league context (-0.273); height (-0.029); goal contributions per 90 (-0.028); assists/90 last season (-0.017); position: Defender (-0.014)
561613,league minutes (+0.514); age (+0.383); height (+0.149); league context (+0.089); minutes per appearance (+0.086),goal contributions per 90 (-0.178); minutes last season (-0.133); 3-season average minutes (-0.072); goals per 90 (-0.048); seasons of top-5 history (-0.044)
563137,age (+0.607); minutes last season (+0.180); goals/90 last season (+0.032); gap since last season (+0.016); minutes consistency (+0.011),league minutes (-0.264); goal contributions per 90 (-0.203); minutes per appearance (-0.096); height (-0.093); 3-season average minutes (-0.083)
563963,seasons of top-5 history (+0.356); age (+0.271); 3-season average minutes (+0.174); position: Defender (+0.058); height (+0.040),league context (-0.291); league minutes (-0.255); goal contributions per 90 (-0.180); minutes consistency (-0.091); minutes per appearance (-0.051)
564305,age (+0.293); league minutes (+0.163); position: Midfield (+0.124); minutes consistency (+0.023); gap since last season (+0.019),goal contributions per 90 (-0.192); minutes last season (-0.129); 3-season average minutes (-0.073); club squad rotation (-0.063); minutes per appearance (-0.039)
564529,age (+0.699); league context (+0.418); league minutes (+0.203); minutes last season (+0.156); disciplinary record (+0.074),goal contributions per 90 (-0.239); club squad rotation (-0.154); goals per 90 (-0.135); height (-0.091); 3-season average minutes (-0.049)
564545,age (+0.268); seasons of top-5 history (+0.173); minutes last season (+0.161); league minutes (+0.141); 3-season average minutes (+0.134),goal contributions per 90 (-0.220); league context (-0.151); goals per 90 (-0.096); position: Midfield (-0.034); goals/90 last season (-0.024)
565093,age (+0.548); league minutes (+0.442); league context (+0.385); height (+0.124); minutes per appearance (+0.081),goal contributions per 90 (-0.186); club squad rotation (-0.096); goals per 90 (-0.066); 3-season average minutes (-0.056); position: Midfield (-0.039)
565821,goal contributions per 90 (+1.369); age (+0.424); goals per 90 (+0.210); minutes per appearance (+0.120); disciplinary record (+0.051),league minutes (-0.380); league context (-0.230); minutes last season (-0.104); contributions/90 last season (-0.045); 3-season average minutes (-0.045)
566574,minutes last season (+0.163); minutes per appearance (+0.078); position: Midfield (+0.077); change in goals/90 (+0.037); minutes consistency (+0.030),club squad rotation (-0.347); height (-0.133); goal contributions per 90 (-0.115); league context (-0.084); goals per 90 (-0.078)
566615,age (+0.540); league minutes (+0.212); position: Midfield (+0.099); goals per 90 (+0.038); disciplinary record (+0.016),club squad rotation (-0.159); minutes last season (-0.145); goal contributions per 90 (-0.106); 3-season average minutes (-0.064); league context (-0.061)
566723,goal contributions per 90 (+1.251); age (+0.498); contributions/90 last season (+0.202); 3-season average output (+0.169); assists per 90 (+0.148),league context (-0.179); minutes per appearance (-0.079); minutes last season (-0.059); position: Defender (-0.049); minutes consistency (-0.042)
566931,goal contributions per 90 (+0.741); age (+0.660); contributions/90 last season (+0.144); assists/90 last season (+0.139); league minutes (+0.138),league context (-0.120); height (-0.051); 3-season average minutes (-0.043); club squad rotation (-0.024); 3-season average output (-0.023)
567576,age (+0.575); league context (+0.371); league minutes (+0.253); position: Midfield (+0.117); club squad rotation (+0.082),minutes last season (-0.134); 3-season average minutes (-0.060); height (-0.058); change in minutes (-0.039); goal contributions per 90 (-0.016)
568157,age (+0.799); goal contributions per 90 (+0.323); assists per 90 (+0.122); minutes last season (+0.106); league context (+0.100),gap since last season (-0.131); minutes per appearance (-0.123); club squad rotation (-0.075); position: Defender (-0.057); disciplinary record (-0.053)
568158,age (+0.683); minutes last season (+0.227); league minutes (+0.111); league context (+0.028); position: Defender (+0.021),goal contributions per 90 (-0.204); club squad rotation (-0.140); goals per 90 (-0.070); 3-season average minutes (-0.060); height (-0.059)
568177,goal contributions per 90 (+0.657); age (+0.494); league context (+0.331); contributions/90 last season (+0.247); league minutes (+0.247),3-season average minutes (-0.052); club squad rotation (-0.031); height (-0.031); 3-season average output (-0.019); seasons of top-5 history (-0.016)
568333,age (+0.472); position: Defender (+0.045); goals per 90 (+0.034); gap since last season (+0.012); height (+0.010),league minutes (-0.364); minutes per appearance (-0.138); minutes last season (-0.127); 3-season average minutes (-0.083); goal contributions per 90 (-0.049)
568559,age (+0.596); league context (+0.455); minutes last season (+0.212); height (+0.111); disciplinary record (+0.043),league minutes (-0.303); goal contributions per 90 (-0.190); club squad rotation (-0.118); goals per 90 (-0.081); minutes consistency (-0.050)
568617,age (+0.478); minutes per appearance (+0.114); height (+0.065); disciplinary record (+0.013); gap since last season (+0.012),league minutes (-0.409); goal contributions per 90 (-0.281); club squad rotation (-0.163); minutes last season (-0.150); goals per 90 (-0.114)
568693,age (+0.721); league context (+0.390); minutes last season (+0.140); league minutes (+0.082); position: Midfield (+0.076),club squad rotation (-0.098); minutes per appearance (-0.088); height (-0.031); disciplinary record (-0.022); goal contributions per 90 (-0.021)
568698,age (+0.261); goal contributions per 90 (+0.154); league minutes (+0.074); disciplinary record (+0.051); goals per 90 (+0.039),league context (-0.316); minutes last season (-0.141); minutes per appearance (-0.081); 3-season average minutes (-0.054); position: Midfield (-0.043)
569140,goal contributions per 90 (+0.526); age (+0.303); league minutes (+0.175); assists per 90 (+0.114); minutes consistency (+0.015),league context (-0.214); gap since last season (-0.157); minutes per appearance (-0.107); position: Midfield (-0.068); position: Defender (-0.055)
569366,age (+0.618); goal contributions per 90 (+0.443); minutes last season (+0.141); assists/90 last season (+0.123); position: Midfield (+0.088),league context (-0.131); minutes per appearance (-0.077); 3-season average minutes (-0.056); seasons of top-5 history (-0.026); 3-season average output (-0.024)
569383,age (+0.585); league minutes (+0.195); minutes per appearance (+0.130); height (+0.111); position: Defender (+0.038),goal contributions per 90 (-0.210); league context (-0.076); 3-season average minutes (-0.056); position: Midfield (-0.046); club squad rotation (-0.042)
569384,age (+0.558); position: Midfield (+0.139); league minutes (+0.126); appearances (+0.016); goals per 90 (+0.014),club squad rotation (-0.200); minutes last season (-0.118); gap since last season (-0.101); goal contributions per 90 (-0.087); minutes per appearance (-0.087)
569387,age (+0.405); 3-season average minutes (+0.232); minutes last season (+0.211); disciplinary record (+0.058); goals/90 last season (+0.039),club squad rotation (-0.209); league context (-0.192); league minutes (-0.185); minutes per appearance (-0.083); height (-0.060)
569389,goal contributions per 90 (+0.938); age (+0.364); assists per 90 (+0.138); 3-season average minutes (+0.087); goals per 90 (+0.081),league minutes (-0.320); minutes per appearance (-0.269); league context (-0.166); gap since last season (-0.154); position: Defender (-0.049)
569598,seasons of top-5 history (+0.309); age (+0.279); 3-season average minutes (+0.205); league minutes (+0.138); minutes last season (+0.114),club squad rotation (-0.157); league context (-0.048); goal contributions per 90 (-0.045); height (-0.033); minutes consistency (-0.021)
571020,goal contributions per 90 (+0.877); age (+0.415); seasons of top-5 history (+0.169); goals per 90 (+0.117); league context (+0.111),minutes per appearance (-0.131); league minutes (-0.061); club squad rotation (-0.058); contributions/90 last season (-0.026); assists per 90 (-0.025)
571607,age (+0.725); goal contributions per 90 (+0.089); position: Midfield (+0.089); goals per 90 (+0.063); assists per 90 (+0.025),club squad rotation (-0.131); minutes last season (-0.107); minutes per appearance (-0.094); 3-season average minutes (-0.048); height (-0.047)
572265,goal contributions per 90 (+0.456); age (+0.378); league minutes (+0.185); height (+0.147); minutes last season (+0.141),club squad rotation (-0.142); position: Midfield (-0.057); 3-season average minutes (-0.055); seasons of top-5 history (-0.031); assists per 90 (-0.021)
572326,age (+0.468); seasons of top-5 history (+0.095); height (+0.080); position: Defender (+0.035); goals/90 last season (+0.034),league context (-0.238); goal contributions per 90 (-0.220); league minutes (-0.212); goals per 90 (-0.079); 3-season average minutes (-0.066)
573775,goal contributions per 90 (+0.382); age (+0.331); league minutes (+0.147); minutes last season (+0.123); goals per 90 (+0.088),club squad rotation (-0.118); minutes consistency (-0.080); position: Defender (-0.052); height (-0.042); position: Midfield (-0.035)
574671,age (+0.289); height (+0.075); goals per 90 (+0.043); position: Defender (+0.038); minutes per appearance (+0.034),club squad rotation (-0.216); minutes last season (-0.152); league context (-0.136); league minutes (-0.095); goal contributions per 90 (-0.091)
575998,seasons of top-5 history (+0.236); age (+0.229); minutes last season (+0.115); minutes per appearance (+0.072); league minutes (+0.070),league context (-0.235); goal contributions per 90 (-0.223); goals per 90 (-0.086); minutes consistency (-0.084); club squad rotation (-0.046)
576024,goal contributions per 90 (+0.625); age (+0.341); league minutes (+0.178); club squad rotation (+0.169); assists/90 last season (+0.111),minutes consistency (-0.113); minutes per appearance (-0.081); position: Midfield (-0.053); position: Defender (-0.048); seasons of top-5 history (-0.016)
576028,goal contributions per 90 (+0.529); age (+0.315); assists per 90 (+0.168); height (+0.020); gap since last season (+0.017),league minutes (-0.402); league context (-0.227); minutes per appearance (-0.124); minutes last season (-0.096); 3-season average minutes (-0.064)
576314,league context (+0.424); age (+0.382); league minutes (+0.353); minutes last season (+0.110); height (+0.108),goal contributions per 90 (-0.189); club squad rotation (-0.135); 3-season average minutes (-0.060); goals per 90 (-0.056); position: Midfield (-0.049)
578391,age (+0.546); league context (+0.347); league minutes (+0.267); seasons of top-5 history (+0.177); minutes per appearance (+0.143),club squad rotation (-0.059); height (-0.056); disciplinary record (-0.021); assists/90 last season (-0.020); minutes consistency (-0.019)
578392,goal contributions per 90 (+0.947); age (+0.615); contributions/90 last season (+0.163); minutes last season (+0.131); assists per 90 (+0.075),league context (-0.169); minutes per appearance (-0.144); league minutes (-0.129); height (-0.042); 3-season average minutes (-0.041)
578539,league context (+0.508); age (+0.373); minutes last season (+0.135); height (+0.106); league minutes (+0.080),goal contributions per 90 (-0.216); 3-season average minutes (-0.066); club squad rotation (-0.065); position: Midfield (-0.049); minutes consistency (-0.030)
579928,age (+0.529); goal contributions per 90 (+0.178); league minutes (+0.161); disciplinary record (+0.062); goals per 90 (+0.059),league context (-0.289); minutes last season (-0.143); 3-season average minutes (-0.051); position: Defender (-0.050); position: Midfield (-0.040)
580195,goal contributions per 90 (+0.864); age (+0.634); 3-season average output (+0.195); contributions/90 last season (+0.161); 3-season average minutes (+0.076),league context (-0.121); height (-0.037); minutes consistency (-0.019); position: Defender (-0.016); change in goals/90 (-0.003)
580657,age (+0.297); goal contributions per 90 (+0.117); assists per 90 (+0.069); disciplinary record (+0.039); goals per 90 (+0.028),league context (-0.351); minutes per appearance (-0.219); league minutes (-0.184); minutes last season (-0.124); 3-season average minutes (-0.062)
581357,age (+0.273); league minutes (+0.231); position: Midfield (+0.197); height (+0.182); minutes last season (+0.102),league context (-0.173); 3-season average minutes (-0.072); goal contributions per 90 (-0.043); appearances (-0.041); seasons of top-5 history (-0.024)
581678,age (+0.551); goal contributions per 90 (+0.476); 3-season average minutes (+0.182); league context (+0.165); contributions/90 last season (+0.162),position: Defender (-0.013); disciplinary record (-0.006); appearances (-0.005); change in assists/90 (-0.005)
583189,age (+0.641); goal contributions per 90 (+0.405); league context (+0.301); league minutes (+0.165); assists/90 last season (+0.133),minutes per appearance (-0.077); minutes consistency (-0.064); position: Defender (-0.050); position: Midfield (-0.041); height (-0.039)
583255,league context (+0.429); age (+0.347); league minutes (+0.334); goal contributions per 90 (+0.258); minutes per appearance (+0.173),3-season average minutes (-0.064); club squad rotation (-0.054); position: Midfield (-0.034); seasons of top-5 history (-0.033); 3-season average output (-0.024)
583404,age (+0.290); position: Defender (+0.024); gap since last season (+0.019); minutes last season (+0.016); minutes consistency (+0.014),league minutes (-0.298); goal contributions per 90 (-0.263); club squad rotation (-0.203); league context (-0.110); minutes per appearance (-0.098)
583699,goal contributions per 90 (+0.669); age (+0.262); goals per 90 (+0.103); height (+0.042); minutes consistency (+0.018),league minutes (-0.413); minutes per appearance (-0.147); league context (-0.141); minutes last season (-0.064); 3-season average minutes (-0.061)
584769,goal contributions per 90 (+0.512); league context (+0.322); age (+0.292); seasons of top-5 history (+0.148); assists per 90 (+0.145),league minutes (-0.253); minutes per appearance (-0.101); position: Defender (-0.044); position: Midfield (-0.040); contributions/90 last season (-0.038)
585700,age (+0.284); league minutes (+0.167); league context (+0.109); club squad rotation (+0.109); goal contributions per 90 (+0.052),minutes last season (-0.142); minutes per appearance (-0.138); 3-season average minutes (-0.057); height (-0.055); position: Midfield (-0.053)
585949,age (+0.473); 3-season average minutes (+0.201); minutes last season (+0.152); league minutes (+0.134); position: Defender (+0.029),goal contributions per 90 (-0.249); gap since last season (-0.228); club squad rotation (-0.099); seasons of top-5 history (-0.053); height (-0.047)
585959,goal contributions per 90 (+0.629); age (+0.570); seasons of top-5 history (+0.240); league minutes (+0.170); minutes last season (+0.120),league context (-0.140); position: Defender (-0.038); height (-0.032); position: Midfield (-0.030); assists per 90 (-0.008)
585973,age (+0.795); minutes last season (+0.149); league minutes (+0.117); position: Midfield (+0.081); goals per 90 (+0.021),league context (-0.259); gap since last season (-0.125); goal contributions per 90 (-0.111); height (-0.061); 3-season average minutes (-0.054)
585982,age (+0.248); 3-season average minutes (+0.179); club squad rotation (+0.145); position: Defender (+0.097); league context (+0.094),minutes per appearance (-0.150); minutes consistency (-0.102); seasons of top-5 history (-0.036); height (-0.033); position: Midfield (-0.026)
586853,age (+0.274); goal contributions per 90 (+0.148); assists per 90 (+0.076); goals per 90 (+0.065); contributions/90 last season (+0.064),league minutes (-0.227); minutes per appearance (-0.145); club squad rotation (-0.134); minutes last season (-0.064); 3-season average minutes (-0.063)
588426,league minutes (+0.386); age (+0.170); minutes per appearance (+0.118); minutes last season (+0.106); goals per 90 (+0.052),goal contributions per 90 (-0.234); club squad rotation (-0.194); 3-season average minutes (-0.096); league context (-0.090); seasons of top-5 history (-0.044)
591916,age (+0.301); minutes last season (+0.158); position: Defender (+0.049); goals per 90 (+0.041); minutes per appearance (+0.028),club squad rotation (-0.159); goal contributions per 90 (-0.132); league minutes (-0.087); 3-season average minutes (-0.084); seasons of top-5 history (-0.046)
592534,age (+0.276); league minutes (+0.176); position: Midfield (+0.102); club squad rotation (+0.025); gap since last season (+0.019),goal contributions per 90 (-0.230); league context (-0.169); minutes last season (-0.149); goals per 90 (-0.082); appearances (-0.059)
592975,age (+0.138); position: Defender (+0.032); minutes consistency (+0.021); gap since last season (+0.017); change in minutes (+0.004),league minutes (-0.344); club squad rotation (-0.242); league context (-0.135); goal contributions per 90 (-0.120); goals per 90 (-0.105)
592979,age (+0.300); league minutes (+0.287); minutes per appearance (+0.100); minutes last season (+0.095); position: Midfield (+0.070),league context (-0.320); gap since last season (-0.185); 3-season average minutes (-0.073); goal contributions per 90 (-0.057); seasons of top-5 history (-0.042)
595809,league context (+0.429); goal contributions per 90 (+0.219); height (+0.096); age (+0.094); goals per 90 (+0.066),minutes per appearance (-0.179); league minutes (-0.142); minutes last season (-0.076); position: Defender (-0.072); position: Midfield (-0.060)
596122,league minutes (+0.268); club squad rotation (+0.126); age (+0.084); league context (+0.083); position: Defender (+0.031),goal contributions per 90 (-0.300); minutes last season (-0.096); height (-0.080); goals per 90 (-0.073); 3-season average minutes (-0.065)
596153,goal contributions per 90 (+0.729); age (+0.340); contributions/90 last season (+0.213); assists per 90 (+0.084); club squad rotation (+0.078),league minutes (-0.362); minutes per appearance (-0.329); league context (-0.213); minutes last season (-0.117); 3-season average minutes (-0.055)
596446,league context (+0.519); age (+0.287); league minutes (+0.283); minutes per appearance (+0.124); position: Defender (+0.029),goal contributions per 90 (-0.169); club squad rotation (-0.125); minutes last season (-0.087); 3-season average minutes (-0.058); height (-0.052)
597432,age (+0.806); height (+0.041); position: Defender (+0.037); goals per 90 (+0.028); minutes consistency (+0.012),minutes last season (-0.125); minutes per appearance (-0.098); 3-season average minutes (-0.055); position: Midfield (-0.053); league context (-0.051)
597659,age (+0.561); league minutes (+0.200); minutes per appearance (+0.119); height (+0.083); goals per 90 (+0.050),league context (-0.435); minutes last season (-0.148); goal contributions per 90 (-0.111); 3-season average minutes (-0.063); position: Midfield (-0.049)
598577,goal contributions per 90 (+0.869); age (+0.678); 3-season average output (+0.158); contributions/90 last season (+0.136); minutes last season (+0.134),league context (-0.180); height (-0.030); minutes consistency (-0.027); appearances (-0.024); position: Defender (-0.013)
599419,age (+0.587); height (+0.038); position: Defender (+0.036); goals per 90 (+0.016); gap since last season (+0.011),league minutes (-0.331); goal contributions per 90 (-0.207); league context (-0.192); minutes per appearance (-0.184); minutes last season (-0.141)
600041,age (+0.292); assists per 90 (+0.073); minutes consistency (+0.016); gap since last season (+0.016); disciplinary record (+0.009),league minutes (-0.503); minutes per appearance (-0.144); minutes last season (-0.115); goals per 90 (-0.097); league context (-0.095)
601883,league context (+0.414); age (+0.207); goal contributions per 90 (+0.182); position: Defender (+0.103); assists per 90 (+0.098),gap since last season (-0.231); minutes per appearance (-0.124); league minutes (-0.081); 3-season average minutes (-0.062); position: Midfield (-0.053)
602105,age (+0.215); goal contributions per 90 (+0.142); goals per 90 (+0.050); 3-season average output (+0.039); height (+0.031),club squad rotation (-0.219); league minutes (-0.166); league context (-0.143); minutes per appearance (-0.120); position: Defender (-0.068)
602124,age (+0.579); league minutes (+0.254); position: Midfield (+0.110); height (+0.020); appearances (+0.018),goal contributions per 90 (-0.261); club squad rotation (-0.151); minutes last season (-0.130); 3-season average minutes (-0.055); assists per 90 (-0.046)
603940,age (+0.275); minutes last season (+0.043); position: Defender (+0.028); gap since last season (+0.015); minutes consistency (+0.015),league minutes (-0.397); club squad rotation (-0.314); goal contributions per 90 (-0.260); league context (-0.099); minutes per appearance (-0.098)
604320,age (+0.593); minutes per appearance (+0.048); position: Defender (+0.041); disciplinary record (+0.040); goals per 90 (+0.035),league minutes (-0.279); minutes last season (-0.122); league context (-0.121); 3-season average minutes (-0.064); height (-0.036)
605184,age (+0.422); league context (+0.411); 3-season average minutes (+0.199); seasons of top-5 history (+0.192); minutes last season (+0.136),goal contributions per 90 (-0.161); league minutes (-0.055); minutes per appearance (-0.051); goals per 90 (-0.051); 3-season average output (-0.039)
606718,league context (+0.479); age (+0.207); league minutes (+0.202); minutes last season (+0.092); height (+0.082),goal contributions per 90 (-0.211); club squad rotation (-0.151); minutes consistency (-0.114); goals per 90 (-0.103); assists per 90 (-0.050)
607034,age (+0.215); goal contributions per 90 (+0.153); minutes last season (+0.131); assists per 90 (+0.074); height (+0.045),league minutes (-0.286); league context (-0.224); minutes per appearance (-0.120); position: Midfield (-0.070); 3-season average minutes (-0.067)
607223,goal contributions per 90 (+0.926); age (+0.658); assists per 90 (+0.183); assists/90 last season (+0.103); league minutes (+0.076),league context (-0.188); minutes per appearance (-0.078); height (-0.028); seasons of top-5 history (-0.024); position: Defender (-0.020)
607854,age (+0.353); league minutes (+0.274); 3-season average minutes (+0.141); minutes last season (+0.123); position: Midfield (+0.090),club squad rotation (-0.174); minutes consistency (-0.088); height (-0.054); goal contributions per 90 (-0.049); league context (-0.024)
608832,age (+0.528); position: Midfield (+0.122); height (+0.103); appearances (+0.051); minutes last season (+0.050),league minutes (-0.416); goal contributions per 90 (-0.167); minutes per appearance (-0.159); league context (-0.157); 3-season average minutes (-0.070)
610190,age (+0.151); height (+0.076); disciplinary record (+0.038); minutes per appearance (+0.019); gap since last season (+0.018),league minutes (-0.330); goal contributions per 90 (-0.275); league context (-0.185); goals per 90 (-0.115); appearances (-0.111)
610442,age (+0.798); league context (+0.404); minutes last season (+0.201); league minutes (+0.101); height (+0.087),club squad rotation (-0.104); minutes per appearance (-0.078); position: Defender (-0.059); position: Midfield (-0.055); goal contributions per 90 (-0.052)
610849,age (+0.589); league context (+0.406); goal contributions per 90 (+0.243); league minutes (+0.203); goals per 90 (+0.083),minutes last season (-0.117); club squad rotation (-0.082); 3-season average minutes (-0.053); position: Midfield (-0.033); assists per 90 (-0.033)
613393,age (+0.601); league minutes (+0.188); position: Midfield (+0.105); goals per 90 (+0.055); appearances (+0.021),club squad rotation (-0.138); minutes last season (-0.130); minutes per appearance (-0.079); 3-season average minutes (-0.069); goal contributions per 90 (-0.038)
614258,age (+0.707); league context (+0.376); league minutes (+0.294); minutes per appearance (+0.112); height (+0.050),goal contributions per 90 (-0.149); 3-season average minutes (-0.046); club squad rotation (-0.036); assists per 90 (-0.033); seasons of top-5 history (-0.029)
616341,age (+0.668); assists/90 last season (+0.089); 3-season average output (+0.082); minutes last season (+0.079); position: Defender (+0.078),league context (-0.219); gap since last season (-0.100); seasons of top-5 history (-0.038); minutes per appearance (-0.038); height (-0.032)
616344,age (+0.620); league minutes (+0.119); seasons of top-5 history (+0.061); goals per 90 (+0.045); output consistency (+0.042),league context (-0.205); minutes per appearance (-0.169); minutes last season (-0.136); position: Defender (-0.066); 3-season average minutes (-0.059)
616369,age (+0.420); assists per 90 (+0.064); 3-season average output (+0.040); goals/90 last season (+0.031); league context (+0.030),league minutes (-0.301); minutes per appearance (-0.194); club squad rotation (-0.120); position: Defender (-0.072); position: Midfield (-0.064)
616631,age (+0.595); minutes last season (+0.219); height (+0.051); position: Defender (+0.048); assists/90 last season (+0.032),club squad rotation (-0.233); goals per 90 (-0.090); minutes per appearance (-0.086); league context (-0.085); goal contributions per 90 (-0.064)
617074,age (+0.769); league minutes (+0.175); position: Midfield (+0.087); league context (+0.066); disciplinary record (+0.025),goal contributions per 90 (-0.191); gap since last season (-0.134); minutes last season (-0.105); minutes per appearance (-0.083); 3-season average minutes (-0.074)
617081,age (+0.594); league minutes (+0.219); minutes last season (+0.171); goal contributions per 90 (+0.160); goals per 90 (+0.063),club squad rotation (-0.128); 3-season average minutes (-0.059); position: Defender (-0.059); position: Midfield (-0.054); seasons of top-5 history (-0.025)
618341,age (+0.363); league minutes (+0.264); league context (+0.110); club squad rotation (+0.095); minutes per appearance (+0.086),goal contributions per 90 (-0.234); 3-season average minutes (-0.067); assists per 90 (-0.032); seasons of top-5 history (-0.030); disciplinary record (-0.030)
618425,age (+0.367); goals per 90 (+0.047); assists/90 last season (+0.042); 3-season average output (+0.024),gap since last season (-0.257); league context (-0.212); league minutes (-0.186); 3-season average minutes (-0.099); minutes last season (-0.089)
618472,age (+0.825); minutes last season (+0.187); 3-season average minutes (+0.171); seasons of top-5 history (+0.049); club squad rotation (+0.046),goal contributions per 90 (-0.186); league minutes (-0.150); goals per 90 (-0.086); league context (-0.043); height (-0.035)
618809,age (+0.472); seasons of top-5 history (+0.241); league minutes (+0.170); 3-season average minutes (+0.133); league context (+0.069),goal contributions per 90 (-0.248); position: Midfield (-0.049); assists per 90 (-0.034); club squad rotation (-0.032); disciplinary record (-0.023)
618813,age (+0.425); goals per 90 (+0.041); minutes consistency (+0.011); gap since last season (+0.011); appearances (+0.008),league minutes (-0.285); minutes per appearance (-0.124); minutes last season (-0.121); 3-season average minutes (-0.087); club squad rotation (-0.058)
620322,age (+0.760); league context (+0.378); 3-season average minutes (+0.086); minutes last season (+0.065); 3-season average output (+0.053),goal contributions per 90 (-0.231); height (-0.103); goals per 90 (-0.063); position: Midfield (-0.045); minutes per appearance (-0.024)
622380,age (+0.540); position: Midfield (+0.167); height (+0.159); goals per 90 (+0.050); disciplinary record (+0.025),league minutes (-0.410); club squad rotation (-0.160); minutes last season (-0.154); 3-season average minutes (-0.073); minutes per appearance (-0.065)
623024,age (+0.532); position: Defender (+0.022); gap since last season (+0.010); minutes consistency (+0.007); change in contributions/90 (+0.002),league minutes (-0.535); goal contributions per 90 (-0.253); club squad rotation (-0.172); minutes last season (-0.139); goals per 90 (-0.102)
623521,age (+0.339); height (+0.040); goals per 90 (+0.038); goals/90 last season (+0.025); minutes last season (+0.020),league minutes (-0.294); club squad rotation (-0.211); minutes per appearance (-0.135); league context (-0.112); goal contributions per 90 (-0.103)
623570,league context (+0.413); age (+0.350); league minutes (+0.162); goal contributions per 90 (+0.118); club squad rotation (+0.051),position: Defender (-0.069); 3-season average minutes (-0.061); position: Midfield (-0.046); height (-0.044); assists per 90 (-0.034)
624037,age (+0.546); seasons of top-5 history (+0.352); 3-season average minutes (+0.182); minutes last season (+0.159); position: Midfield (+0.075),goal contributions per 90 (-0.224); league context (-0.130); height (-0.072); assists per 90 (-0.054); league minutes (-0.049)
624690,age (+0.585); league minutes (+0.161); 3-season average minutes (+0.143); position: Midfield (+0.094); goals per 90 (+0.033),goal contributions per 90 (-0.182); club squad rotation (-0.070); assists per 90 (-0.038); height (-0.038); minutes consistency (-0.023)
624942,age (+0.640); league minutes (+0.193); goal contributions per 90 (+0.129); goals per 90 (+0.060); assists per 90 (+0.052),club squad rotation (-0.185); minutes last season (-0.135); league context (-0.112); 3-season average minutes (-0.056); position: Midfield (-0.047)
625014,age (+0.276); minutes per appearance (+0.090); height (+0.061); league context (+0.040); gap since last season (+0.018),league minutes (-0.344); goal contributions per 90 (-0.271); minutes last season (-0.130); club squad rotation (-0.105); goals per 90 (-0.089)
625047,age (+0.365); position: Midfield (+0.107); gap since last season (+0.017); goals per 90 (+0.015); minutes consistency (+0.009),goal contributions per 90 (-0.237); club squad rotation (-0.139); league minutes (-0.083); 3-season average minutes (-0.080); height (-0.078)
625202,age (+0.129); goals per 90 (+0.056); position: Defender (+0.029); height (+0.027); minutes consistency (+0.023),goal contributions per 90 (-0.332); club squad rotation (-0.213); league minutes (-0.207); league context (-0.174); minutes last season (-0.096)
625651,age (+0.258); position: Midfield (+0.176); height (+0.150); minutes per appearance (+0.045); disciplinary record (+0.024),league minutes (-0.327); goal contributions per 90 (-0.137); minutes last season (-0.134); goals per 90 (-0.106); 3-season average minutes (-0.085)
626724,goal contributions per 90 (+0.627); age (+0.543); league context (+0.379); goals per 90 (+0.085); assists per 90 (+0.083),club squad rotation (-0.090); position: Defender (-0.041); position: Midfield (-0.035); seasons of top-5 history (-0.026); minutes consistency (-0.015)
626913,goal contributions per 90 (+0.192); seasons of top-5 history (+0.170); league minutes (+0.141); 3-season average output (+0.096); league context (+0.076),minutes per appearance (-0.134); minutes last season (-0.074); position: Midfield (-0.065); position: Defender (-0.053); minutes consistency (-0.051)
627442,age (+0.670); goal contributions per 90 (+0.632); contributions/90 last season (+0.180); league minutes (+0.155); height (+0.103),league context (-0.142); position: Midfield (-0.055); 3-season average minutes (-0.046); minutes per appearance (-0.034); appearances (-0.032)
628366,age (+0.431); goal contributions per 90 (+0.145); league minutes (+0.118); assists per 90 (+0.085); goals per 90 (+0.053),club squad rotation (-0.156); minutes per appearance (-0.132); 3-season average minutes (-0.058); position: Midfield (-0.047); position: Defender (-0.044)
628498,age (+0.345); league minutes (+0.181); goals per 90 (+0.031); assists per 90 (+0.023); league context (+0.018),minutes last season (-0.137); minutes per appearance (-0.108); 3-season average minutes (-0.078); position: Midfield (-0.064); goal contributions per 90 (-0.036)
632896,age (+0.455); position: Defender (+0.026); gap since last season (+0.012); minutes consistency (+0.009); change in contributions/90 (+0.003),league minutes (-0.349); goal contributions per 90 (-0.247); minutes last season (-0.141); 3-season average minutes (-0.084); goals per 90 (-0.079)
633454,goal contributions per 90 (+0.841); age (+0.196); goals per 90 (+0.073); assists per 90 (+0.067); appearances (+0.065),league minutes (-0.301); league context (-0.130); minutes per appearance (-0.067); contributions/90 last season (-0.054); minutes last season (-0.043)
633530,age (+0.146); position: Defender (+0.064); goals per 90 (+0.038); height (+0.033); goals/90 last season (+0.023),league minutes (-0.239); club squad rotation (-0.200); league context (-0.139); minutes last season (-0.103); 3-season average minutes (-0.095)
633668,age (+0.565); height (+0.098); position: Midfield (+0.094); goal contributions per 90 (+0.069); goals per 90 (+0.054),league minutes (-0.422); minutes per appearance (-0.239); minutes last season (-0.115); 3-season average minutes (-0.071); club squad rotation (-0.049)
634131,age (+0.598); league minutes (+0.276); 3-season average minutes (+0.161); league context (+0.146); minutes last season (+0.138),height (-0.054); seasons of top-5 history (-0.021); goal contributions per 90 (-0.021); assists/90 last season (-0.020); position: Defender (-0.019)
634431,age (+0.551); minutes last season (+0.097); position: Midfield (+0.095); league context (+0.019); gap since last season (+0.017),league minutes (-0.483); goal contributions per 90 (-0.208); club squad rotation (-0.115); minutes per appearance (-0.081); 3-season average minutes (-0.069)
636093,age (+0.379); height (+0.087); minutes last season (+0.058); position: Defender (+0.035); gap since last season (+0.022),league minutes (-0.303); goal contributions per 90 (-0.201); 3-season average minutes (-0.089); minutes per appearance (-0.058); goals per 90 (-0.050)
636688,age (+0.808); league minutes (+0.136); 3-season average minutes (+0.072); position: Defender (+0.045); league context (+0.043),goals per 90 (-0.104); height (-0.096); goal contributions per 90 (-0.090); club squad rotation (-0.057); seasons of top-5 history (-0.040)
636695,age (+0.566); position: Midfield (+0.139); height (+0.055); goals per 90 (+0.036); assists per 90 (+0.017),league minutes (-0.163); minutes last season (-0.109); 3-season average minutes (-0.068); club squad rotation (-0.056); goal contributions per 90 (-0.039)
636703,goal contributions per 90 (+0.851); age (+0.506); assists per 90 (+0.135); position: Midfield (+0.074); goals per 90 (+0.046),league minutes (-0.325); minutes per appearance (-0.149); 3-season average minutes (-0.057); club squad rotation (-0.057); minutes last season (-0.033)
639712,age (+0.585); minutes last season (+0.191); league minutes (+0.135); height (+0.125); minutes per appearance (+0.035),league context (-0.316); goal contributions per 90 (-0.236); goals per 90 (-0.076); 3-season average minutes (-0.059); position: Midfield (-0.043)
639733,age (+0.465); goals per 90 (+0.028); height (+0.014); minutes consistency (+0.009); gap since last season (+0.008),league minutes (-0.367); club squad rotation (-0.249); minutes per appearance (-0.155); minutes last season (-0.127); league context (-0.123)
640428,age (+0.653); seasons of top-5 history (+0.236); 3-season average minutes (+0.148); position: Midfield (+0.092); league context (+0.044),league minutes (-0.253); minutes per appearance (-0.103); height (-0.053); 3-season average output (-0.022); contributions/90 last season (-0.016)
643574,league minutes (+0.400); age (+0.365); minutes per appearance (+0.076); club squad rotation (+0.073); position: Midfield (+0.059),goal contributions per 90 (-0.222); league context (-0.166); height (-0.103); minutes last season (-0.098); goals per 90 (-0.057)
644401,league context (+0.468); age (+0.351); league minutes (+0.302); position: Midfield (+0.137); height (+0.057),goal contributions per 90 (-0.085); minutes last season (-0.060); 3-season average minutes (-0.060); club squad rotation (-0.045); goals per 90 (-0.029)
644771,age (+0.436); seasons of top-5 history (+0.076); minutes last season (+0.063); height (+0.062); 3-season average minutes (+0.038),league minutes (-0.294); club squad rotation (-0.268); goal contributions per 90 (-0.184); league context (-0.108); goals per 90 (-0.083)
645774,age (+0.533); minutes last season (+0.215); assists per 90 (+0.055); goals/90 last season (+0.044); contributions/90 last season (+0.035),league minutes (-0.295); league context (-0.244); minutes per appearance (-0.192); position: Defender (-0.067); goals per 90 (-0.065)
646402,age (+0.206); position: Defender (+0.054); goals per 90 (+0.029); gap since last season (+0.016); change in goals/90 (+0.013),league minutes (-0.304); league context (-0.258); goal contributions per 90 (-0.120); minutes per appearance (-0.080); 3-season average minutes (-0.078)
646733,height (+0.091); assists per 90 (+0.088); 3-season average minutes (+0.038); club squad rotation (+0.035); gap since last season (+0.026),league context (-0.290); age (-0.173); minutes per appearance (-0.094); position: Midfield (-0.089); goal contributions per 90 (-0.047)
646740,age (+0.754); 3-season average minutes (+0.179); seasons of top-5 history (+0.131); league context (+0.099); position: Midfield (+0.086),league minutes (-0.291); minutes per appearance (-0.148); minutes last season (-0.094); goal contributions per 90 (-0.029); position: Defender (-0.019)
646750,age (+0.817); league minutes (+0.367); minutes last season (+0.207); height (+0.156); minutes per appearance (+0.067),goal contributions per 90 (-0.189); club squad rotation (-0.110); 3-season average minutes (-0.062); goals per 90 (-0.054); position: Midfield (-0.035)
648020,age (+0.255); league minutes (+0.177); minutes last season (+0.158); height (+0.083); minutes per appearance (+0.075),league context (-0.443); goal contributions per 90 (-0.211); seasons of top-5 history (-0.041); position: Midfield (-0.041); disciplinary record (-0.040)
648195,age (+0.471); league context (+0.431); league minutes (+0.203); goal contributions per 90 (+0.116); position: Midfield (+0.115),height (-0.062); club squad rotation (-0.045); seasons of top-5 history (-0.036); position: Defender (-0.018); assists/90 last season (-0.017)
648779,age (+0.465); seasons of top-5 history (+0.232); minutes last season (+0.181); 3-season average minutes (+0.165); league minutes (+0.103),league context (-0.298); goal contributions per 90 (-0.130); height (-0.067); contributions/90 last season (-0.032); position: Midfield (-0.028)
651269,age (+0.527); league minutes (+0.133); position: Midfield (+0.103); goals per 90 (+0.047); goal contributions per 90 (+0.043),league context (-0.171); minutes last season (-0.138); minutes per appearance (-0.126); 3-season average minutes (-0.053); height (-0.025)
651569,age (+0.177); goal contributions per 90 (+0.124); goals per 90 (+0.068); minutes consistency (+0.022); appearances (+0.020),league minutes (-0.224); minutes per appearance (-0.219); club squad rotation (-0.165); minutes last season (-0.087); 3-season average minutes (-0.067)
651735,age (+0.356); position: Midfield (+0.106); club squad rotation (+0.032); height (+0.029); gap since last season (+0.018),goal contributions per 90 (-0.192); league context (-0.175); minutes last season (-0.142); minutes per appearance (-0.079); 3-season average minutes (-0.069)
652275,age (+0.706); goal contributions per 90 (+0.179); position: Midfield (+0.078); goals per 90 (+0.051); league minutes (+0.028),league context (-0.384); height (-0.058); 3-season average minutes (-0.048); club squad rotation (-0.044); minutes last season (-0.043)
654539,age (+0.642); seasons of top-5 history (+0.271); minutes last season (+0.170); league minutes (+0.155); minutes per appearance (+0.117),league context (-0.166); goal contributions per 90 (-0.109); height (-0.056); assists per 90 (-0.018); assists/90 last season (-0.006)
654982,age (+0.692); league context (+0.436); league minutes (+0.207); position: Midfield (+0.098); goals per 90 (+0.035),minutes last season (-0.107); club squad rotation (-0.100); 3-season average minutes (-0.058); height (-0.055); minutes per appearance (-0.052)
655006,age (+0.700); league minutes (+0.201); assists per 90 (+0.086); position: Midfield (+0.082); minutes per appearance (+0.065),league context (-0.345); minutes last season (-0.129); 3-season average minutes (-0.048); height (-0.041); contributions/90 last season (-0.026)
655012,goal contributions per 90 (+1.028); age (+0.740); goals per 90 (+0.104); assists per 90 (+0.073); league minutes (+0.042),league context (-0.254); minutes last season (-0.091); minutes per appearance (-0.045); contributions/90 last season (-0.040); 3-season average minutes (-0.031)
655488,age (+0.568); league context (+0.358); 3-season average minutes (+0.148); league minutes (+0.136); minutes last season (+0.129),minutes per appearance (-0.051); position: Defender (-0.049); position: Midfield (-0.047); height (-0.046); minutes consistency (-0.013)
656681,goal contributions per 90 (+1.089); contributions/90 last season (+0.336); age (+0.330); assists/90 last season (+0.162); goals per 90 (+0.100),league minutes (-0.329); minutes per appearance (-0.202); league context (-0.148); 3-season average minutes (-0.048); position: Midfield (-0.041)
657430,age (+0.456); league minutes (+0.215); minutes last season (+0.144); 3-season average minutes (+0.136); position: Midfield (+0.094),goal contributions per 90 (-0.187); goals per 90 (-0.074); club squad rotation (-0.067); seasons of top-5 history (-0.058); contributions/90 last season (-0.024)
658115,age (+0.325); club squad rotation (+0.182); league context (+0.129); league minutes (+0.097); height (+0.052),goal contributions per 90 (-0.190); minutes last season (-0.140); minutes per appearance (-0.117); 3-season average minutes (-0.079); assists per 90 (-0.055)
658536,age (+0.521); league context (+0.470); minutes last season (+0.185); goal contributions per 90 (+0.069); disciplinary record (+0.051),league minutes (-0.337); minutes per appearance (-0.210); club squad rotation (-0.118); 3-season average minutes (-0.071); position: Midfield (-0.049)
659089,age (+0.564); league context (+0.390); league minutes (+0.327); minutes last season (+0.196); height (+0.112),goal contributions per 90 (-0.191); goals per 90 (-0.071); 3-season average minutes (-0.059); club squad rotation (-0.043); position: Midfield (-0.037)
659516,age (+0.799); minutes last season (+0.055); position: Midfield (+0.050); goals/90 last season (+0.036); gap since last season (+0.016),goal contributions per 90 (-0.252); club squad rotation (-0.199); goals per 90 (-0.095); height (-0.073); assists per 90 (-0.060)
659518,age (+0.666); goal contributions per 90 (+0.094); position: Midfield (+0.082); goals per 90 (+0.057); league minutes (+0.033),league context (-0.312); minutes last season (-0.129); minutes per appearance (-0.060); height (-0.043); 3-season average minutes (-0.042)
659543,age (+0.687); league minutes (+0.205); goal contributions per 90 (+0.085); minutes per appearance (+0.052); goals per 90 (+0.046),league context (-0.333); minutes last season (-0.120); 3-season average minutes (-0.055); height (-0.051); position: Defender (-0.049)
659813,age (+0.658); minutes per appearance (+0.161); league minutes (+0.148); club squad rotation (+0.101); 3-season average minutes (+0.063),league context (-0.135); goal contributions per 90 (-0.125); height (-0.047); disciplinary record (-0.041); appearances (-0.027)
660438,age (+0.652); goals per 90 (+0.057); league context (+0.048); minutes consistency (+0.013); gap since last season (+0.010),league minutes (-0.549); minutes per appearance (-0.153); minutes last season (-0.132); club squad rotation (-0.097); 3-season average minutes (-0.080)
660860,age (+0.955); league minutes (+0.336); height (+0.138); minutes per appearance (+0.114); minutes last season (+0.063),goal contributions per 90 (-0.179); club squad rotation (-0.140); 3-season average minutes (-0.053); assists per 90 (-0.026); seasons of top-5 history (-0.026)
660867,age (+0.559); league context (+0.471); goal contributions per 90 (+0.142); position: Midfield (+0.074); goals per 90 (+0.071),league minutes (-0.357); club squad rotation (-0.125); minutes last season (-0.116); minutes per appearance (-0.109); 3-season average minutes (-0.065)
661053,age (+0.609); league context (+0.363); minutes last season (+0.231); league minutes (+0.203); height (+0.160),goal contributions per 90 (-0.194); goals per 90 (-0.071); 3-season average minutes (-0.051); position: Midfield (-0.032); assists per 90 (-0.029)
661145,age (+0.535); league minutes (+0.200); position: Defender (+0.031); league context (+0.027); appearances (+0.013),goal contributions per 90 (-0.249); minutes last season (-0.149); club squad rotation (-0.117); height (-0.067); 3-season average minutes (-0.063)
661171,age (+0.552); minutes last season (+0.251); league minutes (+0.141); height (+0.061); position: Defender (+0.030),league context (-0.299); goal contributions per 90 (-0.243); goals per 90 (-0.077); 3-season average minutes (-0.062); position: Midfield (-0.035)
662242,age (+0.435); position: Midfield (+0.126); goals per 90 (+0.029); gap since last season (+0.015); minutes consistency (+0.008),league minutes (-0.334); league context (-0.255); minutes per appearance (-0.135); minutes last season (-0.128); 3-season average minutes (-0.073)
666547,age (+0.524); minutes last season (+0.194); assists/90 last season (+0.058); change in assists/90 (+0.041); height (+0.026),league minutes (-0.181); minutes per appearance (-0.114); position: Midfield (-0.072); 3-season average minutes (-0.071); club squad rotation (-0.069)
667287,age (+0.638); league context (+0.448); league minutes (+0.117); position: Midfield (+0.104); height (+0.042),goal contributions per 90 (-0.128); minutes last season (-0.124); club squad rotation (-0.111); 3-season average minutes (-0.056); minutes per appearance (-0.053)
667517,age (+0.594); position: Midfield (+0.067); gap since last season (+0.012); appearances (+0.009); minutes consistency (+0.004),league minutes (-0.384); league context (-0.269); goal contributions per 90 (-0.233); minutes last season (-0.132); goals per 90 (-0.085)
667965,age (+0.438); position: Midfield (+0.053); height (+0.033); disciplinary record (+0.030); gap since last season (+0.011),league minutes (-0.400); league context (-0.266); goal contributions per 90 (-0.248); minutes last season (-0.106); 3-season average minutes (-0.069)
667967,age (+0.594); league minutes (+0.159); position: Midfield (+0.117); minutes last season (+0.051); goals/90 last season (+0.017),league context (-0.239); goal contributions per 90 (-0.128); 3-season average minutes (-0.057); minutes per appearance (-0.054); assists per 90 (-0.037)
668547,age (+0.758); position: Midfield (+0.106); minutes last season (+0.081); league minutes (+0.020); gap since last season (+0.014),club squad rotation (-0.180); goals per 90 (-0.115); goal contributions per 90 (-0.096); height (-0.065); 3-season average minutes (-0.041)
668951,age (+0.744); goal contributions per 90 (+0.287); minutes last season (+0.209); assists per 90 (+0.049); goals per 90 (+0.047),minutes per appearance (-0.102); club squad rotation (-0.058); 3-season average minutes (-0.052); height (-0.042); position: Defender (-0.036)
669380,age (+0.802); league minutes (+0.220); minutes per appearance (+0.072); height (+0.050); position: Defender (+0.033),goal contributions per 90 (-0.192); minutes last season (-0.149); goals per 90 (-0.086); league context (-0.058); 3-season average minutes (-0.045)
670096,age (+0.376); position: Midfield (+0.090); height (+0.026); goals per 90 (+0.025); gap since last season (+0.017),league minutes (-0.304); league context (-0.268); goal contributions per 90 (-0.218); minutes last season (-0.133); minutes per appearance (-0.094)
670681,age (+0.664); goal contributions per 90 (+0.455); assists per 90 (+0.109); position: Midfield (+0.066); disciplinary record (+0.044),league context (-0.343); minutes last season (-0.101); minutes per appearance (-0.088); 3-season average minutes (-0.044); contributions/90 last season (-0.041)
670717,age (+0.904); league minutes (+0.141); position: Midfield (+0.065); appearances (+0.036); goals per 90 (+0.021),club squad rotation (-0.255); goal contributions per 90 (-0.241); minutes last season (-0.114); league context (-0.095); 3-season average minutes (-0.061)
670847,age (+0.812); goal contributions per 90 (+0.088); assists per 90 (+0.066); goals per 90 (+0.042); assists/90 last season (+0.039),league context (-0.231); minutes per appearance (-0.107); league minutes (-0.092); minutes last season (-0.092); position: Defender (-0.062)
670858,age (+0.734); league context (+0.327); league minutes (+0.199); club squad rotation (+0.166); assists per 90 (+0.060),minutes last season (-0.120); goals per 90 (-0.095); height (-0.057); 3-season average minutes (-0.045); position: Midfield (-0.029)
670882,age (+0.852); goal contributions per 90 (+0.579); assists/90 last season (+0.138); goals per 90 (+0.088); assists per 90 (+0.050),minutes per appearance (-0.114); league context (-0.114); minutes last season (-0.089); 3-season average minutes (-0.060); height (-0.036)
671594,age (+0.674); goal contributions per 90 (+0.099); position: Midfield (+0.069); goals per 90 (+0.018); disciplinary record (+0.017),league context (-0.275); league minutes (-0.212); minutes per appearance (-0.163); gap since last season (-0.079); 3-season average minutes (-0.057)
671915,age (+0.468); minutes last season (+0.217); league minutes (+0.179); position: Midfield (+0.130); league context (+0.060),goal contributions per 90 (-0.153); club squad rotation (-0.148); 3-season average minutes (-0.075); seasons of top-5 history (-0.027); 3-season average output (-0.026)
672803,age (+0.416); height (+0.032); goals per 90 (+0.012); gap since last season (+0.012); minutes consistency (+0.008),league minutes (-0.388); goal contributions per 90 (-0.216); minutes last season (-0.145); disciplinary record (-0.110); 3-season average minutes (-0.099)
673514,age (+0.506); height (+0.094); position: Defender (+0.029); club squad rotation (+0.028); goals per 90 (+0.021),league context (-0.306); goal contributions per 90 (-0.274); minutes last season (-0.151); league minutes (-0.069); 3-season average minutes (-0.067)
674612,age (+0.112); minutes per appearance (+0.098); position: Defender (+0.054); goals per 90 (+0.052); league minutes (+0.034),league context (-0.310); goal contributions per 90 (-0.158); 3-season average minutes (-0.064); seasons of top-5 history (-0.057); height (-0.052)
674806,age (+0.322); league minutes (+0.078); height (+0.042); goals per 90 (+0.039); gap since last season (+0.018),club squad rotation (-0.168); minutes last season (-0.147); minutes per appearance (-0.147); position: Midfield (-0.091); league context (-0.081)
676042,age (+0.700); goal contributions per 90 (+0.147); assists per 90 (+0.069); goals per 90 (+0.063); position: Defender (+0.059),club squad rotation (-0.204); minutes per appearance (-0.119); league context (-0.073); 3-season average minutes (-0.055); minutes last season (-0.039)
676411,age (+0.299); goals per 90 (+0.028); assists per 90 (+0.019); gap since last season (+0.015); minutes consistency (+0.013),league minutes (-0.496); minutes per appearance (-0.206); club squad rotation (-0.189); league context (-0.135); minutes last season (-0.124)
678406,league minutes (+0.335); age (+0.252); league context (+0.101); minutes per appearance (+0.096); minutes last season (+0.095),club squad rotation (-0.133); goal contributions per 90 (-0.089); 3-season average minutes (-0.072); goals per 90 (-0.052); position: Midfield (-0.050)
683840,age (+0.679); league minutes (+0.209); league context (+0.102); position: Midfield (+0.088); seasons of top-5 history (+0.072),club squad rotation (-0.043); goal contributions per 90 (-0.029); position: Defender (-0.020); height (-0.017); change in minutes (-0.009)
683895,league context (+0.464); league minutes (+0.244); 3-season average minutes (+0.175); age (+0.115); minutes per appearance (+0.105),goal contributions per 90 (-0.231); club squad rotation (-0.132); seasons of top-5 history (-0.051); disciplinary record (-0.031); contributions/90 last season (-0.028)
684315,age (+0.760); height (+0.036); position: Defender (+0.034); club squad rotation (+0.030); goals per 90 (+0.020),league minutes (-0.185); minutes last season (-0.145); goal contributions per 90 (-0.122); league context (-0.099); minutes per appearance (-0.080)
687609,age (+0.307); league minutes (+0.154); contributions/90 last season (+0.119); assists/90 last season (+0.059); change in assists/90 (+0.050),club squad rotation (-0.230); minutes last season (-0.161); league context (-0.134); 3-season average minutes (-0.083); disciplinary record (-0.053)
687626,age (+0.559); league context (+0.401); league minutes (+0.289); 3-season average minutes (+0.156); minutes last season (+0.132),goal contributions per 90 (-0.139); height (-0.135); goals per 90 (-0.085); club squad rotation (-0.043); seasons of top-5 history (-0.035)
689505,age (+0.441); league minutes (+0.136); position: Midfield (+0.101); goals per 90 (+0.052); contributions/90 last season (+0.022),club squad rotation (-0.283); league context (-0.132); goal contributions per 90 (-0.104); minutes last season (-0.103); 3-season average minutes (-0.082)
690799,age (+0.477); 3-season average minutes (+0.125); league minutes (+0.079); height (+0.069); position: Defender (+0.052),goal contributions per 90 (-0.224); minutes last season (-0.118); league context (-0.095); seasons of top-5 history (-0.037); assists per 90 (-0.033)
691316,age (+0.490); goal contributions per 90 (+0.359); league minutes (+0.211); assists per 90 (+0.118); position: Midfield (+0.084),league context (-0.295); minutes last season (-0.117); 3-season average minutes (-0.047); height (-0.034); contributions/90 last season (-0.031)
691482,age (+0.679); goal contributions per 90 (+0.154); goals per 90 (+0.078); position: Midfield (+0.068); goals/90 last season (+0.017),league minutes (-0.246); club squad rotation (-0.158); 3-season average minutes (-0.058); height (-0.053); league context (-0.036)
691786,goal contributions per 90 (+0.131); age (+0.126); height (+0.060); minutes per appearance (+0.047); appearances (+0.040),position: Midfield (-0.102); league context (-0.096); minutes last season (-0.063); 3-season average minutes (-0.056); position: Defender (-0.045)
691841,age (+0.062); position: Defender (+0.054); gap since last season (+0.019); assists per 90 (+0.018); minutes consistency (+0.016),league minutes (-0.349); league context (-0.252); minutes last season (-0.080); goal contributions per 90 (-0.078); goals per 90 (-0.077)
691892,age (+0.693); goal contributions per 90 (+0.211); league minutes (+0.141); assists per 90 (+0.094); minutes per appearance (+0.093),minutes last season (-0.122); league context (-0.111); 3-season average minutes (-0.046); position: Midfield (-0.028); height (-0.024)
692737,age (+0.638); position: Midfield (+0.056); goals per 90 (+0.034); height (+0.024); gap since last season (+0.011),league minutes (-0.552); goal contributions per 90 (-0.203); minutes last season (-0.159); 3-season average minutes (-0.079); minutes per appearance (-0.070)
693095,league context (+0.615); age (+0.319); league minutes (+0.162); minutes per appearance (+0.095); height (+0.087),goal contributions per 90 (-0.255); minutes last season (-0.121); club squad rotation (-0.115); 3-season average minutes (-0.062); position: Midfield (-0.051)
694509,age (+0.343); position: Defender (+0.036); goals/90 last season (+0.033); minutes consistency (+0.030); 3-season average output (+0.027),goal contributions per 90 (-0.257); club squad rotation (-0.098); 3-season average minutes (-0.059); minutes last season (-0.055); seasons of top-5 history (-0.050)
694928,age (+0.335); club squad rotation (+0.239); 3-season average minutes (+0.195); league context (+0.142); minutes last season (+0.111),minutes per appearance (-0.193); league minutes (-0.164); position: Defender (-0.070); position: Midfield (-0.055); minutes consistency (-0.030)
696164,age (+0.702); league minutes (+0.181); height (+0.081); disciplinary record (+0.051); position: Defender (+0.030),goal contributions per 90 (-0.188); minutes last season (-0.158); goals per 90 (-0.103); league context (-0.091); 3-season average minutes (-0.048)
698259,age (+0.594); minutes last season (+0.223); height (+0.057); position: Defender (+0.026); gap since last season (+0.024),goal contributions per 90 (-0.263); club squad rotation (-0.194); league context (-0.115); league minutes (-0.088); 3-season average minutes (-0.065)
701057,age (+0.944); league context (+0.351); league minutes (+0.102); position: Defender (+0.031); height (+0.029),gap since last season (-0.132); minutes last season (-0.090); minutes per appearance (-0.062); 3-season average minutes (-0.061); goal contributions per 90 (-0.052)
701819,age (+0.680); league minutes (+0.109); minutes per appearance (+0.081); height (+0.062); position: Defender (+0.018),goal contributions per 90 (-0.254); club squad rotation (-0.221); minutes last season (-0.158); goals per 90 (-0.120); league context (-0.102)
702441,age (+0.461); minutes last season (+0.127); minutes per appearance (+0.094); league minutes (+0.089); goals per 90 (+0.052),league context (-0.296); gap since last season (-0.196); 3-season average minutes (-0.059); contributions/90 last season (-0.037); seasons of top-5 history (-0.036)
705395,age (+0.371); goal contributions per 90 (+0.076); assists per 90 (+0.071); position: Defender (+0.063); league context (+0.023),league minutes (-0.392); minutes per appearance (-0.262); minutes last season (-0.125); 3-season average minutes (-0.082); club squad rotation (-0.061)
706024,age (+0.389); height (+0.084); position: Defender (+0.029); appearances (+0.026); club squad rotation (+0.020),goal contributions per 90 (-0.263); minutes last season (-0.149); league minutes (-0.139); league context (-0.117); goals per 90 (-0.068)
707242,age (+0.642); goal contributions per 90 (+0.267); assists per 90 (+0.056); goals per 90 (+0.047); gap since last season (+0.010),league minutes (-0.368); league context (-0.273); minutes per appearance (-0.232); minutes last season (-0.121); 3-season average minutes (-0.068)
707274,age (+0.492); league minutes (+0.428); height (+0.147); minutes per appearance (+0.126); league context (+0.079),goal contributions per 90 (-0.166); minutes last season (-0.123); club squad rotation (-0.113); 3-season average minutes (-0.074); position: Midfield (-0.060)
707844,age (+0.469); position: Midfield (+0.124); gap since last season (+0.012); minutes consistency (+0.007); change in minutes (+0.004),club squad rotation (-0.246); goal contributions per 90 (-0.235); minutes last season (-0.147); league context (-0.111); goals per 90 (-0.104)
708072,age (+0.694); height (+0.057); goals per 90 (+0.036); position: Defender (+0.031); minutes consistency (+0.013),minutes last season (-0.149); minutes per appearance (-0.104); club squad rotation (-0.087); league context (-0.082); 3-season average minutes (-0.067)
708265,goal contributions per 90 (+1.063); age (+0.517); assists per 90 (+0.169); league minutes (+0.164); 3-season average output (+0.110),league context (-0.185); minutes per appearance (-0.115); position: Defender (-0.047); 3-season average minutes (-0.037); position: Midfield (-0.036)
709187,age (+0.671); minutes last season (+0.204); assists/90 last season (+0.157); goal contributions per 90 (+0.141); contributions/90 last season (+0.121),club squad rotation (-0.101); position: Midfield (-0.050); position: Defender (-0.046); minutes consistency (-0.043); height (-0.035)
709372,age (+0.470); league minutes (+0.234); position: Defender (+0.031); goals per 90 (+0.022); club squad rotation (+0.017),goal contributions per 90 (-0.225); minutes last season (-0.149); 3-season average minutes (-0.077); position: Midfield (-0.053); assists per 90 (-0.035)
709726,goal contributions per 90 (+0.902); age (+0.608); league minutes (+0.199); 3-season average output (+0.110); assists per 90 (+0.101),league context (-0.184); gap since last season (-0.093); minutes last season (-0.065); position: Midfield (-0.054); 3-season average minutes (-0.048)
709957,age (+0.642); position: Defender (+0.021); gap since last season (+0.012); minutes consistency (+0.009); change in contributions/90 (+0.003),league minutes (-0.493); goal contributions per 90 (-0.297); club squad rotation (-0.172); minutes last season (-0.134); goals per 90 (-0.114)
710671,age (+0.450); position: Defender (+0.027); gap since last season (+0.010); minutes consistency (+0.007); change in contributions/90 (+0.002),league minutes (-0.393); goal contributions per 90 (-0.251); minutes last season (-0.139); club squad rotation (-0.115); 3-season average minutes (-0.078)
711337,goal contributions per 90 (+0.599); league context (+0.505); age (+0.282); league minutes (+0.156); goals per 90 (+0.076),minutes last season (-0.068); 3-season average minutes (-0.057); position: Midfield (-0.043); club squad rotation (-0.040); height (-0.038)
711544,age (+0.451); league context (+0.414); minutes last season (+0.203); height (+0.110); club squad rotation (+0.065),league minutes (-0.218); goal contributions per 90 (-0.160); 3-season average minutes (-0.063); position: Midfield (-0.042); assists per 90 (-0.027)
711625,age (+0.536); league minutes (+0.393); minutes per appearance (+0.096); 3-season average output (+0.076); goals/90 last season (+0.042),club squad rotation (-0.244); goal contributions per 90 (-0.189); league context (-0.083); goals per 90 (-0.078); minutes last season (-0.075)
711969,age (+0.375); league minutes (+0.201); minutes last season (+0.144); position: Defender (+0.069); goals per 90 (+0.046),league context (-0.271); 3-season average minutes (-0.064); goal contributions per 90 (-0.052); seasons of top-5 history (-0.049); height (-0.046)
711976,age (+0.718); league minutes (+0.149); position: Midfield (+0.088); height (+0.018); minutes consistency (+0.013),league context (-0.340); goal contributions per 90 (-0.154); 3-season average minutes (-0.054); seasons of top-5 history (-0.041); minutes per appearance (-0.040)
711980,age (+0.591); league minutes (+0.211); minutes per appearance (+0.089); assists/90 last season (+0.044); height (+0.042),league context (-0.325); goal contributions per 90 (-0.217); minutes last season (-0.077); 3-season average minutes (-0.066); seasons of top-5 history (-0.031)
711999,age (+0.884); league context (+0.436); height (+0.134); position: Midfield (+0.112); minutes last season (+0.061),goal contributions per 90 (-0.183); gap since last season (-0.161); club squad rotation (-0.088); league minutes (-0.067); minutes per appearance (-0.055)
712107,age (+0.267); height (+0.105); minutes per appearance (+0.090); league context (+0.026); gap since last season (+0.021),league minutes (-0.304); goal contributions per 90 (-0.257); minutes last season (-0.134); club squad rotation (-0.115); goals per 90 (-0.090)
713644,age (+0.458); club squad rotation (+0.169); assists per 90 (+0.144); league context (+0.131); goal contributions per 90 (+0.109),height (-0.111); position: Midfield (-0.072); position: Defender (-0.069); minutes per appearance (-0.059); 3-season average minutes (-0.055)
717411,age (+0.659); league context (+0.471); position: Midfield (+0.080); disciplinary record (+0.036); gap since last season (+0.015),league minutes (-0.271); goal contributions per 90 (-0.225); minutes last season (-0.118); goals per 90 (-0.073); 3-season average minutes (-0.063)
717585,age (+0.241); position: Midfield (+0.081); minutes per appearance (+0.058); height (+0.022); gap since last season (+0.018),league minutes (-0.357); league context (-0.313); goal contributions per 90 (-0.251); minutes last season (-0.121); goals per 90 (-0.089)
720518,age (+0.420); goal contributions per 90 (+0.176); minutes per appearance (+0.080); goals per 90 (+0.055); disciplinary record (+0.048),league minutes (-0.189); minutes last season (-0.139); 3-season average minutes (-0.076); position: Midfield (-0.042); club squad rotation (-0.032)
724129,age (+0.660); goal contributions per 90 (+0.497); assists per 90 (+0.060); goals per 90 (+0.046); minutes consistency (+0.010),league minutes (-0.430); league context (-0.370); minutes last season (-0.129); minutes per appearance (-0.121); 3-season average minutes (-0.064)
724520,age (+0.506); league minutes (+0.069); 3-season average output (+0.037); output consistency (+0.033); goals/90 last season (+0.023),club squad rotation (-0.234); minutes last season (-0.170); league context (-0.124); minutes per appearance (-0.105); 3-season average minutes (-0.096)
729814,goal contributions per 90 (+1.286); age (+0.333); contributions/90 last season (+0.252); assists per 90 (+0.127); goals per 90 (+0.087),minutes per appearance (-0.263); league minutes (-0.179); league context (-0.164); 3-season average minutes (-0.035); position: Midfield (-0.034)
730581,age (+0.404); league minutes (+0.234); seasons of top-5 history (+0.217); minutes last season (+0.147); minutes per appearance (+0.106),club squad rotation (-0.209); goal contributions per 90 (-0.207); 3-season average minutes (-0.082); position: Midfield (-0.052); minutes consistency (-0.039)
730861,age (+0.791); league context (+0.385); league minutes (+0.289); minutes last season (+0.122); minutes per appearance (+0.099),height (-0.078); 3-season average minutes (-0.062); club squad rotation (-0.048); seasons of top-5 history (-0.029); contributions/90 last season (-0.025)
730893,league context (+0.395); age (+0.351); league minutes (+0.243); 3-season average minutes (+0.198); minutes last season (+0.151),goals per 90 (-0.098); goal contributions per 90 (-0.080); height (-0.072); assists/90 last season (-0.010); club squad rotation (-0.007)
733576,age (+0.809); league minutes (+0.230); goals per 90 (+0.058); minutes last season (+0.033); minutes per appearance (+0.022),club squad rotation (-0.217); league context (-0.070); 3-season average minutes (-0.065); goal contributions per 90 (-0.046); position: Defender (-0.039)
735568,age (+0.336); league minutes (+0.133); height (+0.051); position: Defender (+0.042); gap since last season (+0.015),club squad rotation (-0.270); goal contributions per 90 (-0.242); minutes last season (-0.166); league context (-0.124); 3-season average minutes (-0.082)
735570,age (+0.449); league context (+0.432); league minutes (+0.310); minutes last season (+0.127); minutes per appearance (+0.074),goal contributions per 90 (-0.171); club squad rotation (-0.113); height (-0.085); 3-season average minutes (-0.072); assists per 90 (-0.070)
735571,goal contributions per 90 (+0.876); league context (+0.421); age (+0.415); goals per 90 (+0.112); club squad rotation (+0.043),league minutes (-0.422); minutes per appearance (-0.255); 3-season average minutes (-0.051); position: Defender (-0.037); position: Midfield (-0.030)
741238,age (+0.670); league context (+0.422); league minutes (+0.264); minutes per appearance (+0.089); position: Midfield (+0.082),minutes last season (-0.106); club squad rotation (-0.104); goal contributions per 90 (-0.059); 3-season average minutes (-0.056); seasons of top-5 history (-0.023)
741257,age (+0.735); position: Defender (+0.019); gap since last season (+0.013); disciplinary record (+0.012); minutes consistency (+0.007),league minutes (-0.358); goal contributions per 90 (-0.247); club squad rotation (-0.237); minutes last season (-0.121); goals per 90 (-0.117)
742201,age (+0.613); club squad rotation (+0.260); league context (+0.180); assists per 90 (+0.144); league minutes (+0.136),minutes last season (-0.137); minutes per appearance (-0.137); position: Midfield (-0.060); 3-season average minutes (-0.054); position: Defender (-0.035)
743386,age (+0.760); goal contributions per 90 (+0.347); assists per 90 (+0.061); goals per 90 (+0.061); height (+0.021),league context (-0.285); league minutes (-0.107); minutes last season (-0.105); minutes per appearance (-0.098); 3-season average minutes (-0.051)
743496,age (+0.665); position: Midfield (+0.043); club squad rotation (+0.028); gap since last season (+0.011); disciplinary record (+0.010),league context (-0.307); league minutes (-0.259); goal contributions per 90 (-0.237); minutes last season (-0.135); goals per 90 (-0.070)
743591,age (+0.709); goal contributions per 90 (+0.431); league context (+0.356); minutes last season (+0.173); assists per 90 (+0.128),minutes per appearance (-0.082); 3-season average minutes (-0.050); position: Defender (-0.039); position: Midfield (-0.031); height (-0.028)
743600,age (+0.666); league minutes (+0.230); minutes per appearance (+0.102); goal contributions per 90 (+0.097); goals per 90 (+0.056),league context (-0.382); minutes last season (-0.125); height (-0.054); 3-season average minutes (-0.046); contributions/90 last season (-0.026)
744149,age (+0.669); league context (+0.442); position: Midfield (+0.058); gap since last season (+0.016); assists/90 last season (+0.013),league minutes (-0.276); goal contributions per 90 (-0.119); height (-0.076); goals per 90 (-0.073); 3-season average minutes (-0.053)
745181,age (+0.690); height (+0.076); position: Midfield (+0.065); minutes last season (+0.028); club squad rotation (+0.020),league minutes (-0.381); league context (-0.298); goal contributions per 90 (-0.182); disciplinary record (-0.132); minutes per appearance (-0.075)
745200,age (+0.562); goal contributions per 90 (+0.501); league minutes (+0.181); assists per 90 (+0.130); minutes per appearance (+0.052),league context (-0.262); 3-season average minutes (-0.050); position: Midfield (-0.038); position: Defender (-0.037); seasons of top-5 history (-0.028)
746695,age (+0.602); league context (+0.516); 3-season average output (+0.054); output consistency (+0.051); goals/90 last season (+0.029),league minutes (-0.263); goal contributions per 90 (-0.133); gap since last season (-0.131); minutes per appearance (-0.094); club squad rotation (-0.082)
746712,age (+0.937); league minutes (+0.198); appearances (+0.055); height (+0.035); position: Defender (+0.020),goal contributions per 90 (-0.223); club squad rotation (-0.153); minutes last season (-0.133); league context (-0.089); 3-season average minutes (-0.057)
746910,goal contributions per 90 (+1.076); age (+0.333); assists per 90 (+0.214); league minutes (+0.180); minutes per appearance (+0.121),league context (-0.140); minutes last season (-0.068); position: Midfield (-0.039); 3-season average minutes (-0.038); position: Defender (-0.034)
748382,age (+0.325); league minutes (+0.080); disciplinary record (+0.072); goals per 90 (+0.048); minutes consistency (+0.019),club squad rotation (-0.192); minutes last season (-0.158); minutes per appearance (-0.114); league context (-0.090); 3-season average minutes (-0.073)
749552,age (+0.417); assists per 90 (+0.077); goals per 90 (+0.031); gap since last season (+0.016); minutes consistency (+0.013),league minutes (-0.193); minutes per appearance (-0.118); club squad rotation (-0.115); minutes last season (-0.113); league context (-0.081)
763079,age (+0.695); height (+0.048); position: Defender (+0.027); gap since last season (+0.013); minutes per appearance (+0.013),league context (-0.278); goal contributions per 90 (-0.261); league minutes (-0.177); minutes last season (-0.131); goals per 90 (-0.099)
763182,age (+0.589); goal contributions per 90 (+0.206); minutes last season (+0.143); assists per 90 (+0.107); league minutes (+0.100),league context (-0.245); position: Defender (-0.057); position: Midfield (-0.054); 3-season average minutes (-0.051); seasons of top-5 history (-0.027)
764859,age (+0.623); goal contributions per 90 (+0.489); assists per 90 (+0.091); league context (+0.083); disciplinary record (+0.030),minutes per appearance (-0.258); league minutes (-0.225); minutes last season (-0.102); 3-season average minutes (-0.059); contributions/90 last season (-0.045)
766583,age (+0.599); league minutes (+0.179); position: Defender (+0.055); goals per 90 (+0.044); height (+0.043),club squad rotation (-0.255); league context (-0.082); 3-season average minutes (-0.070); goal contributions per 90 (-0.064); seasons of top-5 history (-0.043)
768380,age (+0.574); minutes last season (+0.214); position: Defender (+0.062); height (+0.059); goals per 90 (+0.048),league minutes (-0.281); league context (-0.238); 3-season average minutes (-0.070); position: Midfield (-0.046); disciplinary record (-0.038)
775605,age (+0.718); club squad rotation (+0.290); league context (+0.209); league minutes (+0.200); position: Midfield (+0.105),height (-0.070); 3-season average minutes (-0.051); goal contributions per 90 (-0.038); goals per 90 (-0.038); contributions/90 last season (-0.023)
776798,goal contributions per 90 (+0.546); age (+0.424); goals per 90 (+0.067); minutes last season (+0.050); goals/90 last season (+0.023),league minutes (-0.285); league context (-0.242); minutes per appearance (-0.178); gap since last season (-0.175); 3-season average minutes (-0.061)
776890,age (+0.483); goal contributions per 90 (+0.434); league context (+0.385); 3-season average output (+0.201); 3-season average minutes (+0.163),minutes consistency (-0.064); position: Defender (-0.037); position: Midfield (-0.037); seasons of top-5 history (-0.022); club squad rotation (-0.020)
780630,age (+0.644); height (+0.100); league context (+0.038); position: Defender (+0.028); gap since last season (+0.014),league minutes (-0.461); goal contributions per 90 (-0.245); minutes last season (-0.167); club squad rotation (-0.096); goals per 90 (-0.078)
783094,age (+0.433); position: Midfield (+0.155); height (+0.140); goals per 90 (+0.034); gap since last season (+0.017),goal contributions per 90 (-0.289); league context (-0.256); minutes last season (-0.136); 3-season average minutes (-0.064); assists per 90 (-0.049)
783396,age (+0.304); position: Midfield (+0.097); goal contributions per 90 (+0.094); goals per 90 (+0.045); league context (+0.015),league minutes (-0.239); gap since last season (-0.149); minutes per appearance (-0.136); 3-season average minutes (-0.080); minutes last season (-0.079)
785353,club squad rotation (+0.121); position: Midfield (+0.112); age (+0.098); league context (+0.050); assists/90 last season (+0.041),league minutes (-0.255); minutes per appearance (-0.144); minutes last season (-0.090); goal contributions per 90 (-0.089); 3-season average minutes (-0.068)
786436,age (+0.823); league minutes (+0.161); minutes per appearance (+0.079); 3-season average minutes (+0.075); minutes last season (+0.050),league context (-0.283); goal contributions per 90 (-0.214); height (-0.051); seasons of top-5 history (-0.033); assists per 90 (-0.028)
787151,age (+0.834); league minutes (+0.115); club squad rotation (+0.041); position: Defender (+0.035); appearances (+0.014),minutes last season (-0.137); goal contributions per 90 (-0.131); league context (-0.062); height (-0.057); 3-season average minutes (-0.051)
787912,age (+0.776); height (+0.111); position: Defender (+0.029); club squad rotation (+0.026); gap since last season (+0.013),league minutes (-0.447); goal contributions per 90 (-0.227); minutes last season (-0.157); minutes per appearance (-0.086); goals per 90 (-0.074)
789082,age (+0.504); league minutes (+0.129); 3-season average output (+0.091); position: Defender (+0.088); seasons of top-5 history (+0.055),league context (-0.287); goal contributions per 90 (-0.049); position: Midfield (-0.023); minutes consistency (-0.017); assists per 90 (-0.015)
789252,age (+0.917); position: Midfield (+0.192); height (+0.103); assists per 90 (+0.053); goals per 90 (+0.045),league minutes (-0.265); minutes last season (-0.130); league context (-0.087); minutes per appearance (-0.068); 3-season average minutes (-0.062)
792380,age (+0.794); position: Midfield (+0.068); height (+0.065); goals/90 last season (+0.041); appearances (+0.040),league minutes (-0.265); goal contributions per 90 (-0.189); 3-season average minutes (-0.065); league context (-0.045); assists per 90 (-0.037)
794758,age (+0.225); assists/90 last season (+0.069); position: Defender (+0.060); goals per 90 (+0.018); gap since last season (+0.015),league context (-0.379); league minutes (-0.310); minutes per appearance (-0.175); minutes last season (-0.082); 3-season average minutes (-0.082)
798043,age (+0.866); goal contributions per 90 (+0.093); goals per 90 (+0.051); assists per 90 (+0.045); position: Defender (+0.034),minutes last season (-0.117); minutes per appearance (-0.116); league context (-0.051); 3-season average minutes (-0.050); position: Midfield (-0.044)
798929,age (+0.710); position: Midfield (+0.108); height (+0.077); goals per 90 (+0.067); gap since last season (+0.012),league minutes (-0.296); club squad rotation (-0.154); minutes per appearance (-0.135); minutes last season (-0.132); 3-season average minutes (-0.062)
800176,league context (+0.528); age (+0.451); league minutes (+0.195); position: Midfield (+0.092); gap since last season (+0.021),goal contributions per 90 (-0.251); club squad rotation (-0.124); minutes last season (-0.123); goals per 90 (-0.098); height (-0.066)
801734,age (+0.640); league context (+0.369); contributions/90 last season (+0.200); goal contributions per 90 (+0.164); change in contributions/90 (+0.133),league minutes (-0.339); minutes last season (-0.127); minutes per appearance (-0.107); club squad rotation (-0.081); 3-season average minutes (-0.066)
804219,goal contributions per 90 (+0.118); age (+0.097); position: Midfield (+0.088); assists per 90 (+0.085); goals per 90 (+0.047),league context (-0.357); minutes per appearance (-0.333); league minutes (-0.312); minutes last season (-0.076); 3-season average minutes (-0.062)
805714,age (+0.601); position: Defender (+0.026); height (+0.024); gap since last season (+0.012); minutes consistency (+0.007),league minutes (-0.333); goal contributions per 90 (-0.237); minutes last season (-0.163); league context (-0.099); goals per 90 (-0.078)
805886,age (+0.189); disciplinary record (+0.082); height (+0.070); position: Defender (+0.035); gap since last season (+0.018),league minutes (-0.302); goal contributions per 90 (-0.298); club squad rotation (-0.215); league context (-0.162); minutes last season (-0.121)
806793,age (+0.484); league minutes (+0.167); position: Defender (+0.026); minutes per appearance (+0.020); gap since last season (+0.017),league context (-0.302); goal contributions per 90 (-0.269); minutes last season (-0.147); goals per 90 (-0.090); 3-season average minutes (-0.056)
807128,age (+0.635); minutes per appearance (+0.102); output consistency (+0.061); position: Defender (+0.047); goals per 90 (+0.033),league context (-0.280); gap since last season (-0.256); goal contributions per 90 (-0.252); minutes last season (-0.117); 3-season average minutes (-0.068)
807688,age (+0.444); position: Midfield (+0.115); goals per 90 (+0.024); club squad rotation (+0.022); gap since last season (+0.011),league context (-0.302); goal contributions per 90 (-0.180); league minutes (-0.153); minutes last season (-0.126); minutes per appearance (-0.097)
807689,age (+0.198); goal contributions per 90 (+0.127); goals per 90 (+0.028); assists/90 last season (+0.020); minutes consistency (+0.017),league context (-0.375); minutes per appearance (-0.150); league minutes (-0.110); 3-season average minutes (-0.067); position: Defender (-0.061)
810092,age (+1.133); minutes last season (+0.184); position: Midfield (+0.148); league minutes (+0.122); 3-season average output (+0.034),league context (-0.295); goal contributions per 90 (-0.100); height (-0.046); 3-season average minutes (-0.041); seasons of top-5 history (-0.025)
810895,age (+0.988); goal contributions per 90 (+0.154); goals per 90 (+0.059); disciplinary record (+0.026); league minutes (+0.025),league context (-0.298); minutes per appearance (-0.113); gap since last season (-0.080); minutes last season (-0.074); 3-season average minutes (-0.045)
811779,age (+0.871); league context (+0.387); league minutes (+0.170); minutes last season (+0.166); goal contributions per 90 (+0.059),minutes per appearance (-0.081); club squad rotation (-0.077); height (-0.054); 3-season average minutes (-0.051); position: Defender (-0.039)
813137,age (+0.781); position: Midfield (+0.068); goals per 90 (+0.052); gap since last season (+0.011); minutes consistency (+0.009),league minutes (-0.361); minutes last season (-0.113); disciplinary record (-0.101); minutes per appearance (-0.084); 3-season average minutes (-0.072)
814446,age (+0.655); height (+0.035); position: Defender (+0.025); gap since last season (+0.012); disciplinary record (+0.007),league minutes (-0.470); goal contributions per 90 (-0.252); club squad rotation (-0.221); minutes last season (-0.141); league context (-0.122)
820374,age (+0.871); league context (+0.379); minutes last season (+0.176); position: Midfield (+0.045); goals/90 last season (+0.033),goal contributions per 90 (-0.221); club squad rotation (-0.088); league minutes (-0.087); goals per 90 (-0.062); height (-0.058)
822331,age (+0.665); league minutes (+0.419); minutes per appearance (+0.087); league context (+0.062); position: Defender (+0.014),goal contributions per 90 (-0.208); minutes last season (-0.112); goals per 90 (-0.068); 3-season average minutes (-0.063); height (-0.058)
822959,age (+0.978); league minutes (+0.265); goals per 90 (+0.081); minutes per appearance (+0.077); position: Midfield (+0.064),club squad rotation (-0.144); league context (-0.109); minutes last season (-0.080); 3-season average minutes (-0.048); height (-0.038)
823231,age (+0.635); league context (+0.472); goal contributions per 90 (+0.218); 3-season average minutes (+0.078); league minutes (+0.065),minutes per appearance (-0.101); position: Defender (-0.074); minutes last season (-0.058); position: Midfield (-0.054); minutes consistency (-0.046)
826224,age (+0.836); league minutes (+0.184); 3-season average minutes (+0.088); minutes per appearance (+0.059); league context (+0.059),goal contributions per 90 (-0.110); height (-0.083); club squad rotation (-0.051); seasons of top-5 history (-0.045); minutes last season (-0.028)
827734,age (+0.739); league minutes (+0.205); goal contributions per 90 (+0.081); goals per 90 (+0.061); height (+0.036),club squad rotation (-0.149); minutes last season (-0.142); position: Midfield (-0.065); 3-season average minutes (-0.055); minutes per appearance (-0.038)
829874,age (+0.219); assists per 90 (+0.072); position: Defender (+0.048); club squad rotation (+0.025); gap since last season (+0.017),league context (-0.292); league minutes (-0.226); minutes per appearance (-0.143); minutes last season (-0.106); height (-0.077)
834744,age (+0.454); gap since last season (+0.011); minutes consistency (+0.009); league context (+0.006); club squad rotation (+0.005),league minutes (-0.425); goal contributions per 90 (-0.199); minutes last season (-0.133); minutes per appearance (-0.129); 3-season average minutes (-0.083)
834752,age (+0.601); position: Midfield (+0.084); assists per 90 (+0.069); league context (+0.058); goals per 90 (+0.030),league minutes (-0.301); minutes per appearance (-0.137); club squad rotation (-0.128); minutes last season (-0.121); 3-season average minutes (-0.068)
834764,age (+0.699); league minutes (+0.230); minutes last season (+0.173); position: Midfield (+0.090); league context (+0.076),club squad rotation (-0.116); goal contributions per 90 (-0.074); 3-season average minutes (-0.069); minutes per appearance (-0.032); seasons of top-5 history (-0.024)
836441,height (+0.083); league minutes (+0.073); minutes per appearance (+0.071); position: Defender (+0.026); minutes consistency (+0.025),goal contributions per 90 (-0.321); club squad rotation (-0.235); league context (-0.212); minutes last season (-0.112); goals per 90 (-0.110)
842338,age (+0.667); league minutes (+0.086); position: Defender (+0.023); gap since last season (+0.011); appearances (+0.011),league context (-0.284); goal contributions per 90 (-0.264); minutes last season (-0.117); goals per 90 (-0.091); height (-0.072)
845654,age (+0.995); league minutes (+0.207); goal contributions per 90 (+0.122); goals per 90 (+0.050); goals/90 last season (+0.020),minutes last season (-0.122); club squad rotation (-0.071); 3-season average minutes (-0.057); minutes per appearance (-0.039); position: Defender (-0.035)
847279,age (+0.882); minutes last season (+0.081); goals per 90 (+0.045); goals/90 last season (+0.028); minutes consistency (+0.012),league context (-0.220); league minutes (-0.116); minutes per appearance (-0.071); 3-season average minutes (-0.052); height (-0.045)
848509,age (+0.502); league minutes (+0.378); minutes per appearance (+0.145); goals per 90 (+0.040); position: Defender (+0.020),club squad rotation (-0.168); goal contributions per 90 (-0.079); 3-season average minutes (-0.068); height (-0.065); seasons of top-5 history (-0.038)
849410,age (+0.601); position: Midfield (+0.085); height (+0.049); club squad rotation (+0.025); gap since last season (+0.012),league context (-0.324); league minutes (-0.262); goal contributions per 90 (-0.149); minutes last season (-0.135); goals per 90 (-0.068)
849520,age (+0.906); goal contributions per 90 (+0.331); league minutes (+0.203); goals per 90 (+0.084); assists per 90 (+0.045),minutes per appearance (-0.114); minutes last season (-0.101); club squad rotation (-0.066); 3-season average minutes (-0.049); position: Midfield (-0.027)
852727,age (+0.230); club squad rotation (+0.103); league context (+0.084); goals per 90 (+0.026); gap since last season (+0.018),league minutes (-0.362); minutes per appearance (-0.208); minutes last season (-0.103); 3-season average minutes (-0.088); position: Defender (-0.050)
855015,age (+0.765); minutes last season (+0.169); 3-season average minutes (+0.165); assists/90 last season (+0.144); position: Midfield (+0.095),league minutes (-0.304); minutes per appearance (-0.279); league context (-0.274); height (-0.026); position: Defender (-0.022)
855308,age (+0.555); position: Midfield (+0.096); height (+0.055); goals/90 last season (+0.035); assists/90 last season (+0.018),league minutes (-0.372); goal contributions per 90 (-0.240); club squad rotation (-0.178); minutes last season (-0.175); minutes per appearance (-0.097)
857818,age (+0.733); goals per 90 (+0.052); minutes consistency (+0.012); gap since last season (+0.010); appearances (+0.006),league minutes (-0.259); minutes last season (-0.118); minutes per appearance (-0.090); 3-season average minutes (-0.071); goal contributions per 90 (-0.034)
860992,age (+0.309); minutes per appearance (+0.029); position: Defender (+0.025); gap since last season (+0.018); height (+0.014),league minutes (-0.385); goal contributions per 90 (-0.291); club squad rotation (-0.247); minutes last season (-0.133); league context (-0.121)
861410,age (+0.728); goal contributions per 90 (+0.470); league context (+0.120); assists per 90 (+0.108); position: Midfield (+0.060),league minutes (-0.310); minutes per appearance (-0.159); minutes last season (-0.089); 3-season average minutes (-0.065); club squad rotation (-0.045)
864799,age (+0.616); goals per 90 (+0.054); position: Midfield (+0.041); gap since last season (+0.010); minutes consistency (+0.007),league minutes (-0.528); club squad rotation (-0.285); goal contributions per 90 (-0.244); minutes last season (-0.135); league context (-0.131)
866246,age (+0.852); league context (+0.451); position: Midfield (+0.174); height (+0.041); appearances (+0.023),league minutes (-0.434); goal contributions per 90 (-0.214); minutes last season (-0.133); club squad rotation (-0.103); 3-season average minutes (-0.065)
866655,age (+0.976); league context (+0.576); appearances (+0.034); goals per 90 (+0.023); gap since last season (+0.017),goal contributions per 90 (-0.083); position: Midfield (-0.080); minutes last season (-0.063); height (-0.058); 3-season average minutes (-0.051)
867688,age (+0.728); league context (+0.410); goal contributions per 90 (+0.173); goals per 90 (+0.077); position: Midfield (+0.073),club squad rotation (-0.129); minutes last season (-0.098); 3-season average minutes (-0.047); height (-0.040); seasons of top-5 history (-0.024)
872171,age (+0.801); league minutes (+0.087); height (+0.032); position: Defender (+0.031); goals/90 last season (+0.021),league context (-0.344); goal contributions per 90 (-0.218); minutes last season (-0.129); 3-season average minutes (-0.057); seasons of top-5 history (-0.035)
875332,age (+0.318); league minutes (+0.135); minutes per appearance (+0.119); height (+0.050); position: Defender (+0.029),goal contributions per 90 (-0.253); club squad rotation (-0.175); minutes last season (-0.129); league context (-0.123); 3-season average minutes (-0.061)
876631,age (+0.862); minutes last season (+0.173); league minutes (+0.139); goal contributions per 90 (+0.099); minutes per appearance (+0.059),league context (-0.312); height (-0.059); seasons of top-5 history (-0.027); assists/90 last season (-0.020); position: Defender (-0.020)
880245,age (+0.689); league context (+0.572); league minutes (+0.328); position: Midfield (+0.075); minutes per appearance (+0.031),goal contributions per 90 (-0.067); height (-0.063); minutes last season (-0.057); 3-season average minutes (-0.056); seasons of top-5 history (-0.024)
888493,age (+0.622); height (+0.029); league context (+0.027); appearances (+0.013); gap since last season (+0.011),league minutes (-0.431); goal contributions per 90 (-0.181); minutes per appearance (-0.162); minutes last season (-0.145); 3-season average minutes (-0.091)
890290,age (+0.821); league context (+0.388); league minutes (+0.222); height (+0.059); goals per 90 (+0.052),minutes last season (-0.120); 3-season average minutes (-0.064); position: Midfield (-0.050); goal contributions per 90 (-0.043); club squad rotation (-0.027)
890721,age (+0.862); league context (+0.359); club squad rotation (+0.071); position: Defender (+0.022); goals per 90 (+0.017),league minutes (-0.271); goal contributions per 90 (-0.255); minutes last season (-0.115); height (-0.068); position: Midfield (-0.067)
892221,age (+0.661); position: Midfield (+0.049); gap since last season (+0.011); minutes consistency (+0.008); foot: left (+0.003),league minutes (-0.346); goal contributions per 90 (-0.235); minutes last season (-0.127); 3-season average minutes (-0.076); goals per 90 (-0.074)
892929,age (+0.633); goal contributions per 90 (+0.160); goals per 90 (+0.065); assists per 90 (+0.018); minutes consistency (+0.014),league minutes (-0.163); minutes last season (-0.119); minutes per appearance (-0.091); 3-season average minutes (-0.062); club squad rotation (-0.045)
893675,age (+0.466); position: Midfield (+0.105); height (+0.056); goals per 90 (+0.038); gap since last season (+0.016),league minutes (-0.354); club squad rotation (-0.185); minutes per appearance (-0.173); disciplinary record (-0.152); league context (-0.085)
894914,age (+0.857); goal contributions per 90 (+0.140); goals per 90 (+0.059); assists per 90 (+0.052); disciplinary record (+0.044),league minutes (-0.152); minutes last season (-0.098); minutes per appearance (-0.091); league context (-0.076); 3-season average minutes (-0.054)
895334,age (+0.593); height (+0.068); league context (+0.045); position: Defender (+0.028); disciplinary record (+0.017),league minutes (-0.625); goal contributions per 90 (-0.256); club squad rotation (-0.194); minutes last season (-0.167); goals per 90 (-0.104)
900909,age (+1.132); position: Midfield (+0.164); goals per 90 (+0.050); league minutes (+0.018); club squad rotation (+0.018),minutes last season (-0.108); league context (-0.087); minutes per appearance (-0.056); 3-season average minutes (-0.053); height (-0.035)
901019,age (+0.439); goal contributions per 90 (+0.330); position: Midfield (+0.086); goals per 90 (+0.056); goals/90 last season (+0.026),league context (-0.279); league minutes (-0.143); minutes per appearance (-0.067); 3-season average minutes (-0.057); seasons of top-5 history (-0.038)
904662,age (+0.448); position: Midfield (+0.120); gap since last season (+0.011); foot: left (+0.007); minutes consistency (+0.005),league minutes (-0.378); league context (-0.256); goal contributions per 90 (-0.216); minutes last season (-0.130); goals per 90 (-0.082)
905997,goal contributions per 90 (+0.359); age (+0.312); assists per 90 (+0.109); goals per 90 (+0.052); gap since last season (+0.016),league minutes (-0.220); minutes per appearance (-0.132); minutes last season (-0.099); 3-season average minutes (-0.073); position: Midfield (-0.054)
906160,age (+0.810); league minutes (+0.229); height (+0.091); appearances (+0.032); position: Defender (+0.020),goal contributions per 90 (-0.243); club squad rotation (-0.187); minutes last season (-0.145); goals per 90 (-0.122); league context (-0.075)
907813,age (+0.557); position: Midfield (+0.099); goals per 90 (+0.030); league context (+0.024); appearances (+0.017),league minutes (-0.366); minutes last season (-0.123); club squad rotation (-0.118); minutes per appearance (-0.093); height (-0.078)
910905,age (+0.843); league minutes (+0.210); height (+0.099); minutes per appearance (+0.064); appearances (+0.026),league context (-0.367); goal contributions per 90 (-0.248); minutes last season (-0.156); goals per 90 (-0.081); 3-season average minutes (-0.050)
912902,age (+0.906); minutes last season (+0.254); league minutes (+0.188); height (+0.083); minutes per appearance (+0.048),league context (-0.432); goal contributions per 90 (-0.198); goals per 90 (-0.078); 3-season average minutes (-0.047); contributions/90 last season (-0.023)
914562,age (+0.862); goal contributions per 90 (+0.713); assists per 90 (+0.103); minutes last season (+0.065); goals per 90 (+0.060),league context (-0.253); minutes per appearance (-0.073); position: Defender (-0.041); 3-season average minutes (-0.035); height (-0.028)
916920,age (+0.238); goal contributions per 90 (+0.148); goals per 90 (+0.043); gap since last season (+0.014); minutes consistency (+0.014),league context (-0.361); league minutes (-0.256); minutes per appearance (-0.207); minutes last season (-0.118); 3-season average minutes (-0.068)
917375,age (+0.428); goals per 90 (+0.076); position: Defender (+0.032); height (+0.024); gap since last season (+0.011),league minutes (-0.340); club squad rotation (-0.181); minutes per appearance (-0.149); minutes last season (-0.128); goal contributions per 90 (-0.094)
918969,age (+0.786); minutes last season (+0.182); league minutes (+0.153); goal contributions per 90 (+0.142); assists per 90 (+0.096),league context (-0.257); 3-season average minutes (-0.045); change in assists/90 (-0.032); seasons of top-5 history (-0.023); disciplinary record (-0.023)
922693,age (+0.966); league context (+0.456); position: Midfield (+0.143); height (+0.054); disciplinary record (+0.032),goal contributions per 90 (-0.215); minutes last season (-0.113); club squad rotation (-0.094); goals per 90 (-0.069); 3-season average minutes (-0.053)
923759,age (+0.799); league minutes (+0.336); position: Midfield (+0.053); minutes per appearance (+0.049); appearances (+0.040),league context (-0.368); goal contributions per 90 (-0.225); minutes last season (-0.109); height (-0.094); assists per 90 (-0.054)
923831,age (+0.899); league context (+0.379); minutes last season (+0.289); height (+0.100); change in minutes (+0.029),league minutes (-0.367); goal contributions per 90 (-0.200); club squad rotation (-0.101); minutes per appearance (-0.071); goals per 90 (-0.068)
923832,age (+0.853); height (+0.103); minutes per appearance (+0.054); club squad rotation (+0.041); position: Defender (+0.024),league context (-0.281); goal contributions per 90 (-0.243); league minutes (-0.152); goals per 90 (-0.077); minutes last season (-0.068)
926694,age (+0.849); position: Midfield (+0.081); disciplinary record (+0.034); appearances (+0.015); gap since last season (+0.012),league minutes (-0.176); goal contributions per 90 (-0.134); minutes last season (-0.105); goals per 90 (-0.088); league context (-0.080)
926952,age (+1.018); league minutes (+0.223); goals per 90 (+0.034); goals/90 last season (+0.031); minutes last season (+0.028),club squad rotation (-0.137); goal contributions per 90 (-0.126); 3-season average minutes (-0.061); position: Midfield (-0.029); height (-0.029)
931160,age (+0.576); position: Midfield (+0.046); goals per 90 (+0.041); minutes per appearance (+0.032); height (+0.020),league minutes (-0.418); league context (-0.297); goal contributions per 90 (-0.252); minutes last season (-0.155); 3-season average minutes (-0.076)
931838,age (+0.916); league minutes (+0.190); position: Midfield (+0.057); minutes last season (+0.044); club squad rotation (+0.039),league context (-0.127); goal contributions per 90 (-0.087); 3-season average minutes (-0.052); minutes per appearance (-0.038); appearances (-0.034)
935245,age (+0.650); position: Defender (+0.025); gap since last season (+0.012); league context (+0.012); minutes consistency (+0.010),goal contributions per 90 (-0.273); minutes last season (-0.133); league minutes (-0.101); 3-season average minutes (-0.073); goals per 90 (-0.069)
937941,age (+0.554); goal contributions per 90 (+0.442); league minutes (+0.192); height (+0.102); league context (+0.072),minutes last season (-0.118); minutes per appearance (-0.091); position: Midfield (-0.074); club squad rotation (-0.068); 3-season average minutes (-0.055)
937958,age (+0.958); goal contributions per 90 (+0.685); league minutes (+0.249); assists per 90 (+0.171); minutes last season (+0.122),club squad rotation (-0.054); position: Midfield (-0.052); 3-season average minutes (-0.050); height (-0.036); position: Defender (-0.032)
938729,age (+0.756); league minutes (+0.201); position: Midfield (+0.085); league context (+0.047); goals per 90 (+0.024),minutes last season (-0.121); club squad rotation (-0.092); goal contributions per 90 (-0.083); height (-0.067); 3-season average minutes (-0.066)
939964,age (+0.806); goal contributions per 90 (+0.263); assists per 90 (+0.044); goals per 90 (+0.036); gap since last season (+0.010),league minutes (-0.518); minutes per appearance (-0.330); league context (-0.178); minutes last season (-0.109); 3-season average minutes (-0.068)
943837,age (+0.736); goal contributions per 90 (+0.194); goals per 90 (+0.095); height (+0.016); minutes consistency (+0.011),league minutes (-0.333); club squad rotation (-0.268); minutes last season (-0.118); league context (-0.094); minutes per appearance (-0.080)
948273,age (+0.753); position: Midfield (+0.088); gap since last season (+0.009); minutes consistency (+0.007); appearances (+0.003),club squad rotation (-0.244); goal contributions per 90 (-0.241); minutes last season (-0.116); league context (-0.107); goals per 90 (-0.096)
948294,age (+0.761); goal contributions per 90 (+0.332); league minutes (+0.245); assists per 90 (+0.096); position: Midfield (+0.083),minutes last season (-0.092); club squad rotation (-0.092); 3-season average minutes (-0.046); height (-0.038); contributions/90 last season (-0.024)
951579,age (+0.682); 3-season average output (+0.036); position: Defender (+0.027); change in assists/90 (+0.024); gap since last season (+0.011),league minutes (-0.415); goal contributions per 90 (-0.274); league context (-0.245); minutes last season (-0.135); 3-season average minutes (-0.093)
953901,age (+0.452); height (+0.056); position: Defender (+0.027); gap since last season (+0.013); minutes consistency (+0.009),goal contributions per 90 (-0.253); minutes last season (-0.150); club squad rotation (-0.092); 3-season average minutes (-0.081); league minutes (-0.062)
955070,age (+0.784); goal contributions per 90 (+0.102); minutes last season (+0.098); goals per 90 (+0.043); goals/90 last season (+0.026),league minutes (-0.391); league context (-0.260); minutes per appearance (-0.141); 3-season average minutes (-0.061); height (-0.044)
955281,age (+0.731); position: Defender (+0.023); gap since last season (+0.011); minutes consistency (+0.008); assists per 90 (+0.007),league minutes (-0.388); league context (-0.275); minutes last season (-0.125); minutes per appearance (-0.103); goals per 90 (-0.095)
961022,age (+0.655); goal contributions per 90 (+0.107); goals per 90 (+0.055); disciplinary record (+0.037); height (+0.037),league minutes (-0.247); minutes per appearance (-0.131); minutes last season (-0.124); club squad rotation (-0.062); 3-season average minutes (-0.060)
962110,age (+1.052); league minutes (+0.233); league context (+0.067); minutes last season (+0.027); position: Defender (+0.023),goal contributions per 90 (-0.193); position: Midfield (-0.071); goals per 90 (-0.069); height (-0.068); 3-season average minutes (-0.060)
962555,age (+0.701); minutes last season (+0.120); height (+0.045); goals/90 last season (+0.043); position: Defender (+0.042),league minutes (-0.412); league context (-0.284); goal contributions per 90 (-0.183); minutes per appearance (-0.147); 3-season average minutes (-0.072)
973085,age (+0.793); league context (+0.395); league minutes (+0.252); position: Midfield (+0.076); goals per 90 (+0.051),goal contributions per 90 (-0.138); club squad rotation (-0.100); height (-0.070); 3-season average minutes (-0.058); assists per 90 (-0.038)
982855,age (+0.718); position: Midfield (+0.103); gap since last season (+0.013); height (+0.011); minutes consistency (+0.006),club squad rotation (-0.239); goal contributions per 90 (-0.237); minutes last season (-0.124); goals per 90 (-0.115); league context (-0.062)
983989,age (+0.764); league context (+0.446); goal contributions per 90 (+0.137); goals per 90 (+0.071); position: Midfield (+0.038),league minutes (-0.143); minutes per appearance (-0.099); club squad rotation (-0.082); disciplinary record (-0.055); 3-season average minutes (-0.051)
1004301,age (+0.555); height (+0.083); minutes per appearance (+0.076); disciplinary record (+0.039); position: Defender (+0.036),league minutes (-0.560); league context (-0.274); goal contributions per 90 (-0.247); minutes last season (-0.161); goals per 90 (-0.105)
1005240,age (+0.837); goals/90 last season (+0.061); club squad rotation (+0.037); position: Defender (+0.034); gap since last season (+0.014),league context (-0.265); goal contributions per 90 (-0.228); league minutes (-0.153); minutes last season (-0.058); goals per 90 (-0.056)
1005649,age (+0.624); league context (+0.336); league minutes (+0.325); minutes last season (+0.182); club squad rotation (+0.113),goal contributions per 90 (-0.228); height (-0.079); 3-season average minutes (-0.060); disciplinary record (-0.029); assists per 90 (-0.024)
1006411,age (+0.784); height (+0.053); position: Defender (+0.029); gap since last season (+0.010); minutes consistency (+0.006),league minutes (-0.417); league context (-0.389); goal contributions per 90 (-0.245); minutes last season (-0.173); 3-season average minutes (-0.069)
1011200,age (+0.613); position: Midfield (+0.089); goals per 90 (+0.023); goals/90 last season (+0.021); appearances (+0.020),league minutes (-0.313); league context (-0.266); 3-season average minutes (-0.064); height (-0.052); minutes per appearance (-0.047)
1012534,age (+0.758); league context (+0.412); goal contributions per 90 (+0.318); goals per 90 (+0.085); assists per 90 (+0.038),club squad rotation (-0.100); minutes last season (-0.096); minutes per appearance (-0.085); 3-season average minutes (-0.050); height (-0.034)
1016015,age (+0.663); position: Midfield (+0.064); height (+0.020); gap since last season (+0.011); minutes consistency (+0.005),league context (-0.391); league minutes (-0.383); goal contributions per 90 (-0.206); minutes last season (-0.158); minutes per appearance (-0.068)
1018938,age (+0.694); league context (+0.064); height (+0.043); position: Defender (+0.024); gap since last season (+0.013),league minutes (-0.597); goal contributions per 90 (-0.242); minutes last season (-0.149); club squad rotation (-0.093); goals per 90 (-0.077)
1028162,age (+0.507); height (+0.051); assists per 90 (+0.019); gap since last season (+0.011); minutes consistency (+0.009),league minutes (-0.468); league context (-0.239); minutes last season (-0.162); minutes per appearance (-0.157); goals per 90 (-0.071)
1033005,age (+0.415); goals per 90 (+0.013); minutes consistency (+0.010); gap since last season (+0.010); change in contributions/90 (+0.004),league minutes (-0.383); minutes last season (-0.130); minutes per appearance (-0.128); 3-season average minutes (-0.089); goal contributions per 90 (-0.082)
1061282,age (+0.844); goal contributions per 90 (+0.786); goals per 90 (+0.104); assists per 90 (+0.020); goals/90 last season (+0.019),league minutes (-0.146); club squad rotation (-0.135); minutes per appearance (-0.072); minutes last season (-0.061); 3-season average minutes (-0.037)
1061336,age (+0.668); league context (+0.046); position: Defender (+0.025); gap since last season (+0.013); minutes consistency (+0.009),league minutes (-0.591); goal contributions per 90 (-0.259); minutes last season (-0.153); club squad rotation (-0.094); goals per 90 (-0.083)
1068110,age (+0.850); position: Midfield (+0.051); appearances (+0.048); goals per 90 (+0.032); gap since last season (+0.011),league context (-0.288); goal contributions per 90 (-0.236); minutes last season (-0.124); 3-season average minutes (-0.056); assists per 90 (-0.048)
1071956,age (+0.788); club squad rotation (+0.038); goals per 90 (+0.030); position: Defender (+0.030); minutes per appearance (+0.013),league context (-0.305); goal contributions per 90 (-0.258); league minutes (-0.249); minutes last season (-0.141); 3-season average minutes (-0.064)
1076815,age (+0.717); league minutes (+0.211); position: Defender (+0.040); goals per 90 (+0.025); league context (+0.013),minutes last season (-0.128); 3-season average minutes (-0.075); club squad rotation (-0.064); goal contributions per 90 (-0.063); minutes per appearance (-0.053)
1086619,age (+0.766); height (+0.089); goals per 90 (+0.047); position: Defender (+0.020); gap since last season (+0.013),league minutes (-0.421); goal contributions per 90 (-0.263); club squad rotation (-0.225); minutes last season (-0.163); position: Midfield (-0.077)
1089202,age (+0.207); league minutes (+0.121); height (+0.080); position: Defender (+0.036); minutes per appearance (+0.029),league context (-0.352); goal contributions per 90 (-0.294); minutes last season (-0.135); 3-season average minutes (-0.068); goals per 90 (-0.064)
1097139,age (+0.910); position: Midfield (+0.160); gap since last season (+0.011); minutes consistency (+0.004); change in contributions/90 (+0.003),league context (-0.402); league minutes (-0.400); goal contributions per 90 (-0.218); minutes last season (-0.153); 3-season average minutes (-0.068)
1121298,age (+0.803); height (+0.131); position: Defender (+0.027); gap since last season (+0.012); minutes consistency (+0.004),club squad rotation (-0.296); goal contributions per 90 (-0.261); league minutes (-0.225); minutes last season (-0.148); goals per 90 (-0.111)
1124005,age (+0.646); league minutes (+0.189); goal contributions per 90 (+0.080); assists per 90 (+0.075); minutes per appearance (+0.058),minutes last season (-0.144); position: Midfield (-0.076); 3-season average minutes (-0.066); club squad rotation (-0.055); seasons of top-5 history (-0.030)
1178474,age (+0.722); position: Midfield (+0.031); gap since last season (+0.011); minutes consistency (+0.003),league minutes (-0.286); league context (-0.267); goal contributions per 90 (-0.258); minutes last season (-0.120); club squad rotation (-0.103)
1190411,age (+0.725); goals per 90 (+0.061); disciplinary record (+0.036); minutes consistency (+0.011); gap since last season (+0.010),league minutes (-0.449); club squad rotation (-0.282); minutes last season (-0.132); league context (-0.096); minutes per appearance (-0.078)
